class,vftable,vftable_address,slot,offset,slot_name,target,target_name
std::bad_alloc,vftable,00596570,0,0x0,vfunction1,00401010,std::bad_alloc::deleting_destructor
std::bad_alloc,vftable,00596570,1,0x4,vfunction2,00563dac,std::exception::vfunction2
std::logic_error,vftable,00596824,0,0x0,vfunction1,004011f0,std::length_error::deleting_destructor
std::logic_error,vftable,00596824,1,0x4,vfunction2,004012f0,std::runtime_error::vfunction2
Sexy::GameObject,vftable,00596844,0,0x0,vfunction1,004f0180,Sexy::Food::deleting_destructor
Sexy::GameObject,vftable,00596844,1,0x4,vfunction2,0046b5b0,Sexy::WidgetContainer::vfunction2
Sexy::GameObject,vftable,00596844,2,0x8,vfunction3,0046b5d0,Sexy::WidgetContainer::vfunction3
Sexy::GameObject,vftable,00596844,3,0xc,vfunction4,0046b640,Sexy::WidgetContainer::vfunction4
Sexy::GameObject,vftable,00596844,4,0x10,vfunction5,0046b760,Sexy::WidgetContainer::vfunction5
Sexy::GameObject,vftable,00596844,5,0x14,vfunction6,0046b700,Sexy::WidgetContainer::vfunction6
Sexy::GameObject,vftable,00596844,6,0x18,vfunction7,0046c690,Sexy::ResourceManager::vfunction14
Sexy::GameObject,vftable,00596844,7,0x1c,vfunction8,0046b550,Sexy::WidgetContainer::vfunction8
Sexy::GameObject,vftable,00596844,8,0x20,vfunction9,0046c690,Sexy::ResourceManager::vfunction14
Sexy::GameObject,vftable,00596844,9,0x24,vfunction10,0046ba90,Sexy::WidgetContainer::vfunction10
Sexy::GameObject,vftable,00596844,10,0x28,vfunction11,0046bab0,Sexy::WidgetContainer::vfunction11
Sexy::GameObject,vftable,00596844,11,0x2c,vfunction12,0046bc50,Sexy::WidgetContainer::vfunction12
Sexy::GameObject,vftable,00596844,12,0x30,vfunction13,0046bd20,Sexy::WidgetContainer::vfunction13
Sexy::GameObject,vftable,00596844,13,0x34,vfunction14,0046bdf0,Sexy::WidgetContainer::vfunction14
Sexy::GameObject,vftable,00596844,14,0x38,vfunction15,0046bf00,Sexy::WidgetContainer::vfunction15
Sexy::GameObject,vftable,00596844,15,0x3c,vfunction16,0046c030,Sexy::WidgetContainer::vfunction16
Sexy::GameObject,vftable,00596844,16,0x40,vfunction17,0046c430,Sexy::WidgetContainer::vfunction17
Sexy::GameObject,vftable,00596844,17,0x44,vfunction18,0046c180,Sexy::WidgetContainer::vfunction18
Sexy::GameObject,vftable,00596844,18,0x48,vfunction19,0046c1c0,Sexy::WidgetContainer::vfunction19
Sexy::GameObject,vftable,00596844,19,0x4c,vfunction20,0046c1a0,Sexy::WidgetContainer::vfunction20
Sexy::GameObject,vftable,00596844,20,0x50,vfunction21,0046c090,Sexy::WidgetContainer::vfunction21
Sexy::GameObject,vftable,00596844,21,0x54,vfunction22,0046c100,Sexy::WidgetContainer::vfunction22
Sexy::GameObject,vftable,00596844,22,0x58,vfunction23,0046c4f0,thunk 0046e310 -> Sexy::WidgetContainer::vfunction23
Sexy::GameObject,vftable,00596844,23,0x5c,vfunction24,0046c500,Sexy::WidgetContainer::vfunction24
Sexy::GameObject,vftable,00596844,24,0x60,vfunction25,0046c690,Sexy::ResourceManager::vfunction14
Sexy::GameObject,vftable,00596844,25,0x64,vfunction26,0046c6a0,Sexy::WidgetContainer::vfunction26
Sexy::GameObject,vftable,00596844,26,0x68,vfunction27,0046c690,Sexy::ResourceManager::vfunction14
Sexy::GameObject,vftable,00596844,27,0x6c,vfunction28,0046c7f0,Sexy::WidgetContainer::vfunction28
Sexy::GameObject,vftable,00596844,28,0x70,vfunction29,0046c9c0,Sexy::WidgetContainer::vfunction29
Sexy::GameObject,vftable,00596844,29,0x74,vfunction30,00486bf0,Sexy::ResourceManager::BaseRes::vfunction2
Sexy::GameObject,vftable,00596844,30,0x78,vfunction31,00486bf0,Sexy::ResourceManager::BaseRes::vfunction2
Sexy::GameObject,vftable,00596844,31,0x7c,vfunction32,0046de80,Sexy::Widget::vfunction32
Sexy::GameObject,vftable,00596844,32,0x80,vfunction33,0046df70,Sexy::Widget::vfunction33
Sexy::GameObject,vftable,00596844,33,0x84,vfunction34,0046ded0,Sexy::Widget::vfunction34
Sexy::GameObject,vftable,00596844,34,0x88,vfunction35,0046e010,Sexy::Widget::vfunction35
Sexy::GameObject,vftable,00596844,35,0x8c,vfunction36,0046e130,Sexy::Widget::vfunction36
Sexy::GameObject,vftable,00596844,36,0x90,vfunction37,0046e0c0,Sexy::Widget::vfunction37
Sexy::GameObject,vftable,00596844,37,0x94,vfunction38,0046e270,Sexy::Widget::vfunction38
Sexy::GameObject,vftable,00596844,38,0x98,vfunction39,0046e370,Sexy::Widget::vfunction39
Sexy::GameObject,vftable,00596844,39,0x9c,vfunction40,0046e210,Sexy::Widget::vfunction40
Sexy::GameObject,vftable,00596844,40,0xa0,vfunction41,0046e1b0,Sexy::Widget::vfunction41
Sexy::GameObject,vftable,00596844,41,0xa4,vfunction42,0046e240,Sexy::Widget::vfunction42
Sexy::GameObject,vftable,00596844,42,0xa8,vfunction43,0046e260,Sexy::Widget::vfunction43
Sexy::GameObject,vftable,00596844,43,0xac,vfunction44,0046deb0,Sexy::Widget::vfunction44
Sexy::GameObject,vftable,00596844,44,0xb0,vfunction45,0046c690,Sexy::ResourceManager::vfunction14
Sexy::GameObject,vftable,00596844,45,0xb4,vfunction46,0046e2f0,Sexy::Widget::vfunction46
Sexy::GameObject,vftable,00596844,46,0xb8,vfunction47,0046e300,Sexy::Widget::vfunction47
Sexy::GameObject,vftable,00596844,47,0xbc,vfunction48,0046c690,Sexy::ResourceManager::vfunction14
Sexy::GameObject,vftable,00596844,48,0xc0,vfunction49,0046e320,Sexy::Widget::vfunction49
Sexy::GameObject,vftable,00596844,49,0xc4,vfunction50,0046c690,Sexy::ResourceManager::vfunction14
Sexy::GameObject,vftable,00596844,50,0xc8,vfunction51,00486bf0,Sexy::ResourceManager::BaseRes::vfunction2
Sexy::GameObject,vftable,00596844,51,0xcc,vfunction52,00486bf0,Sexy::ResourceManager::BaseRes::vfunction2
Sexy::GameObject,vftable,00596844,52,0xd0,vfunction53,0046eb50,Sexy::DialogListener::vfunction1
Sexy::GameObject,vftable,00596844,53,0xd4,vfunction54,0046e400,Sexy::MusicInterface::vfunction13
Sexy::GameObject,vftable,00596844,54,0xd8,vfunction55,0046e3a0,Sexy::Widget::vfunction55
Sexy::GameObject,vftable,00596844,55,0xdc,vfunction56,0046e400,Sexy::MusicInterface::vfunction13
Sexy::GameObject,vftable,00596844,56,0xe0,vfunction57,0046e410,Sexy::Widget::vfunction57
Sexy::GameObject,vftable,00596844,57,0xe4,vfunction58,0046eb50,Sexy::DialogListener::vfunction1
Sexy::GameObject,vftable,00596844,58,0xe8,vfunction59,0046eb50,Sexy::DialogListener::vfunction1
Sexy::GameObject,vftable,00596844,59,0xec,vfunction60,0046c690,Sexy::ResourceManager::vfunction14
Sexy::GameObject,vftable,00596844,60,0xf0,vfunction61,0046de70,Sexy::Widget::vfunction61
Sexy::GameObject,vftable,00596844,61,0xf4,vfunction62,0046e500,Sexy::Widget::vfunction62
Sexy::GameObject,vftable,00596844,62,0xf8,vfunction63,0046e480,Sexy::Widget::vfunction63
Sexy::GameObject,vftable,00596844,63,0xfc,vfunction64,0046e620,Sexy::Widget::vfunction64
Sexy::GameObject,vftable,00596844,64,0x100,vfunction65,0046e670,Sexy::Widget::vfunction65
Sexy::GameObject,vftable,00596844,65,0x104,vfunction66,0046e6b0,Sexy::Widget::vfunction66
Sexy::GameObject,vftable,00596844,66,0x108,vfunction67,0046e6d0,Sexy::Widget::vfunction67
Sexy::GameObject,vftable,00596844,67,0x10c,vfunction68,0046e700,Sexy::Widget::vfunction68
Sexy::GameObject,vftable,00596844,68,0x110,vfunction69,0046e800,Sexy::Widget::vfunction69
Sexy::GameObject,vftable,00596844,69,0x114,vfunction70,0046e840,Sexy::Widget::vfunction70
Sexy::GameObject,vftable,00596844,70,0x118,vfunction71,0051a440,Sexy::ListListener::vfunction2
Sexy::GameObject,vftable,00596844,71,0x11c,vfunction72,004e9df0,Sexy::GameObject::vfunction72
Sexy::GameObject,vftable,00596844,72,0x120,vfunction73,004d68d0,Sexy::GameObject::vfunction73
Sexy::GameObject,vftable,00596844,73,0x124,vfunction74,0051a440,Sexy::ListListener::vfunction2
Sexy::GameObject,vftable,00596844,74,0x128,vfunction75,004e9e00,Sexy::GameObject::vfunction75
Sexy::GameObject,vftable,00596844,75,0x12c,vfunction76,004e9e00,Sexy::GameObject::vfunction75
Sexy::GameObject,vftable,00596844,76,0x130,vfunction77,00519120,Sexy::CheckboxListener::vfunction1
Sexy::GameObject,vftable,00596844,77,0x134,vfunction78,0051a440,Sexy::ListListener::vfunction2
Sexy::GameObject,vftable,00596844,78,0x138,vfunction79,004e9e00,Sexy::GameObject::vfunction75
Sexy::GameObject,vftable,00596844,79,0x13c,vfunction80,00519120,Sexy::CheckboxListener::vfunction1
Sexy::GameObject,vftable,00596844,80,0x140,vfunction81,004d6330,Sexy::GameObject::vfunction81
Sexy::Grubber,vftable,0059698c,0,0x0,vfunction1,004efaa0,Sexy::Grubber::deleting_destructor
Sexy::Grubber,vftable,0059698c,1,0x4,vfunction2,0046b5b0,Sexy::WidgetContainer::vfunction2
Sexy::Grubber,vftable,0059698c,2,0x8,vfunction3,0046b5d0,Sexy::WidgetContainer::vfunction3
Sexy::Grubber,vftable,0059698c,3,0xc,vfunction4,0046b640,Sexy::WidgetContainer::vfunction4
Sexy::Grubber,vftable,0059698c,4,0x10,vfunction5,0046b760,Sexy::WidgetContainer::vfunction5
Sexy::Grubber,vftable,0059698c,5,0x14,vfunction6,0046b700,Sexy::WidgetContainer::vfunction6
Sexy::Grubber,vftable,0059698c,6,0x18,vfunction7,0046c690,Sexy::ResourceManager::vfunction14
Sexy::Grubber,vftable,0059698c,7,0x1c,vfunction8,0046b550,Sexy::WidgetContainer::vfunction8
Sexy::Grubber,vftable,0059698c,8,0x20,vfunction9,0046c690,Sexy::ResourceManager::vfunction14
Sexy::Grubber,vftable,0059698c,9,0x24,vfunction10,0046ba90,Sexy::WidgetContainer::vfunction10
Sexy::Grubber,vftable,0059698c,10,0x28,vfunction11,0046bab0,Sexy::WidgetContainer::vfunction11
Sexy::Grubber,vftable,0059698c,11,0x2c,vfunction12,0046bc50,Sexy::WidgetContainer::vfunction12
Sexy::Grubber,vftable,0059698c,12,0x30,vfunction13,0046bd20,Sexy::WidgetContainer::vfunction13
Sexy::Grubber,vftable,0059698c,13,0x34,vfunction14,0046bdf0,Sexy::WidgetContainer::vfunction14
Sexy::Grubber,vftable,0059698c,14,0x38,vfunction15,0046bf00,Sexy::WidgetContainer::vfunction15
Sexy::Grubber,vftable,0059698c,15,0x3c,vfunction16,0046c030,Sexy::WidgetContainer::vfunction16
Sexy::Grubber,vftable,0059698c,16,0x40,vfunction17,0046c430,Sexy::WidgetContainer::vfunction17
Sexy::Grubber,vftable,0059698c,17,0x44,vfunction18,0046c180,Sexy::WidgetContainer::vfunction18
Sexy::Grubber,vftable,0059698c,18,0x48,vfunction19,0046c1c0,Sexy::WidgetContainer::vfunction19
Sexy::Grubber,vftable,0059698c,19,0x4c,vfunction20,0046c1a0,Sexy::WidgetContainer::vfunction20
Sexy::Grubber,vftable,0059698c,20,0x50,vfunction21,0046c090,Sexy::WidgetContainer::vfunction21
Sexy::Grubber,vftable,0059698c,21,0x54,vfunction22,0046c100,Sexy::WidgetContainer::vfunction22
Sexy::Grubber,vftable,0059698c,22,0x58,vfunction23,004f8fe0,Sexy::Grubber::vfunction23
Sexy::Grubber,vftable,0059698c,23,0x5c,vfunction24,0046c500,Sexy::WidgetContainer::vfunction24
Sexy::Grubber,vftable,0059698c,24,0x60,vfunction25,0046c690,Sexy::ResourceManager::vfunction14
Sexy::Grubber,vftable,0059698c,25,0x64,vfunction26,0046c6a0,Sexy::WidgetContainer::vfunction26
Sexy::Grubber,vftable,0059698c,26,0x68,vfunction27,004e1bf0,Sexy::Grubber::vfunction27
Sexy::Grubber,vftable,0059698c,27,0x6c,vfunction28,0046c7f0,Sexy::WidgetContainer::vfunction28
Sexy::Grubber,vftable,0059698c,28,0x70,vfunction29,0046c9c0,Sexy::WidgetContainer::vfunction29
Sexy::Grubber,vftable,0059698c,29,0x74,vfunction30,00486bf0,Sexy::ResourceManager::BaseRes::vfunction2
Sexy::Grubber,vftable,0059698c,30,0x78,vfunction31,00486bf0,Sexy::ResourceManager::BaseRes::vfunction2
Sexy::Grubber,vftable,0059698c,31,0x7c,vfunction32,0046de80,Sexy::Widget::vfunction32
Sexy::Grubber,vftable,0059698c,32,0x80,vfunction33,0046df70,Sexy::Widget::vfunction33
Sexy::Grubber,vftable,0059698c,33,0x84,vfunction34,0046ded0,Sexy::Widget::vfunction34
Sexy::Grubber,vftable,0059698c,34,0x88,vfunction35,0046e010,Sexy::Widget::vfunction35
Sexy::Grubber,vftable,0059698c,35,0x8c,vfunction36,0046e130,Sexy::Widget::vfunction36
Sexy::Grubber,vftable,0059698c,36,0x90,vfunction37,0046e0c0,Sexy::Widget::vfunction37
Sexy::Grubber,vftable,0059698c,37,0x94,vfunction38,0046e270,Sexy::Widget::vfunction38
Sexy::Grubber,vftable,0059698c,38,0x98,vfunction39,0046e370,Sexy::Widget::vfunction39
Sexy::Grubber,vftable,0059698c,39,0x9c,vfunction40,0046e210,Sexy::Widget::vfunction40
Sexy::Grubber,vftable,0059698c,40,0xa0,vfunction41,0046e1b0,Sexy::Widget::vfunction41
Sexy::Grubber,vftable,0059698c,41,0xa4,vfunction42,0046e240,Sexy::Widget::vfunction42
Sexy::Grubber,vftable,0059698c,42,0xa8,vfunction43,0046e260,Sexy::Widget::vfunction43
Sexy::Grubber,vftable,0059698c,43,0xac,vfunction44,0046deb0,Sexy::Widget::vfunction44
Sexy::Grubber,vftable,0059698c,44,0xb0,vfunction45,0046c690,Sexy::ResourceManager::vfunction14
Sexy::Grubber,vftable,0059698c,45,0xb4,vfunction46,0046e2f0,Sexy::Widget::vfunction46
Sexy::Grubber,vftable,0059698c,46,0xb8,vfunction47,0046e300,Sexy::Widget::vfunction47
Sexy::Grubber,vftable,0059698c,47,0xbc,vfunction48,0046c690,Sexy::ResourceManager::vfunction14
Sexy::Grubber,vftable,0059698c,48,0xc0,vfunction49,0046e320,Sexy::Widget::vfunction49
Sexy::Grubber,vftable,0059698c,49,0xc4,vfunction50,0046c690,Sexy::ResourceManager::vfunction14
Sexy::Grubber,vftable,0059698c,50,0xc8,vfunction51,00486bf0,Sexy::ResourceManager::BaseRes::vfunction2
Sexy::Grubber,vftable,0059698c,51,0xcc,vfunction52,00486bf0,Sexy::ResourceManager::BaseRes::vfunction2
Sexy::Grubber,vftable,0059698c,52,0xd0,vfunction53,0046eb50,Sexy::DialogListener::vfunction1
Sexy::Grubber,vftable,0059698c,53,0xd4,vfunction54,0046e400,Sexy::MusicInterface::vfunction13
Sexy::Grubber,vftable,0059698c,54,0xd8,vfunction55,004d7dc0,Sexy::Grubber::vfunction55
Sexy::Grubber,vftable,0059698c,55,0xdc,vfunction56,0046e400,Sexy::MusicInterface::vfunction13
Sexy::Grubber,vftable,0059698c,56,0xe0,vfunction57,0046e410,Sexy::Widget::vfunction57
Sexy::Grubber,vftable,0059698c,57,0xe4,vfunction58,0046eb50,Sexy::DialogListener::vfunction1
Sexy::Grubber,vftable,0059698c,58,0xe8,vfunction59,004d8c10,Sexy::Grubber::vfunction59
Sexy::Grubber,vftable,0059698c,59,0xec,vfunction60,0046c690,Sexy::ResourceManager::vfunction14
Sexy::Grubber,vftable,0059698c,60,0xf0,vfunction61,0046de70,Sexy::Widget::vfunction61
Sexy::Grubber,vftable,0059698c,61,0xf4,vfunction62,0046e500,Sexy::Widget::vfunction62
Sexy::Grubber,vftable,0059698c,62,0xf8,vfunction63,0046e480,Sexy::Widget::vfunction63
Sexy::Grubber,vftable,0059698c,63,0xfc,vfunction64,0046e620,Sexy::Widget::vfunction64
Sexy::Grubber,vftable,0059698c,64,0x100,vfunction65,0046e670,Sexy::Widget::vfunction65
Sexy::Grubber,vftable,0059698c,65,0x104,vfunction66,0046e6b0,Sexy::Widget::vfunction66
Sexy::Grubber,vftable,0059698c,66,0x108,vfunction67,0046e6d0,Sexy::Widget::vfunction67
Sexy::Grubber,vftable,0059698c,67,0x10c,vfunction68,0046e700,Sexy::Widget::vfunction68
Sexy::Grubber,vftable,0059698c,68,0x110,vfunction69,0046e800,Sexy::Widget::vfunction69
Sexy::Grubber,vftable,0059698c,69,0x114,vfunction70,0046e840,Sexy::Widget::vfunction70
Sexy::Grubber,vftable,0059698c,70,0x118,vfunction71,004ea730,Sexy::Grubber::vfunction71
Sexy::Grubber,vftable,0059698c,71,0x11c,vfunction72,004ea720,Sexy::Grubber::vfunction72
Sexy::Grubber,vftable,0059698c,72,0x120,vfunction73,004d68d0,Sexy::GameObject::vfunction73
Sexy::Grubber,vftable,0059698c,73,0x124,vfunction74,0051a440,Sexy::ListListener::vfunction2
Sexy::Grubber,vftable,0059698c,74,0x128,vfunction75,004e9e00,Sexy::GameObject::vfunction75
Sexy::Grubber,vftable,0059698c,75,0x12c,vfunction76,004f3ef0,Sexy::Grubber::vfunction76
Sexy::Grubber,vftable,0059698c,76,0x130,vfunction77,004d8e40,Sexy::Grubber::vfunction77
Sexy::Grubber,vftable,0059698c,77,0x134,vfunction78,004d7ca0,Sexy::Grubber::vfunction78
Sexy::Grubber,vftable,0059698c,78,0x138,vfunction79,004d9000,Sexy::Grubber::vfunction79
Sexy::Grubber,vftable,0059698c,79,0x13c,vfunction80,004e1c20,Sexy::Grubber::vfunction80
Sexy::Grubber,vftable,0059698c,80,0x140,vfunction81,004d7880,Sexy::Grubber::vfunction81
Sexy::Larva,vftable,00596ad4,0,0x0,vfunction1,004f0180,Sexy::Food::deleting_destructor
Sexy::Larva,vftable,00596ad4,1,0x4,vfunction2,0046b5b0,Sexy::WidgetContainer::vfunction2
Sexy::Larva,vftable,00596ad4,2,0x8,vfunction3,0046b5d0,Sexy::WidgetContainer::vfunction3
Sexy::Larva,vftable,00596ad4,3,0xc,vfunction4,0046b640,Sexy::WidgetContainer::vfunction4
Sexy::Larva,vftable,00596ad4,4,0x10,vfunction5,0046b760,Sexy::WidgetContainer::vfunction5
Sexy::Larva,vftable,00596ad4,5,0x14,vfunction6,0046b700,Sexy::WidgetContainer::vfunction6
Sexy::Larva,vftable,00596ad4,6,0x18,vfunction7,0046c690,Sexy::ResourceManager::vfunction14
Sexy::Larva,vftable,00596ad4,7,0x1c,vfunction8,0046b550,Sexy::WidgetContainer::vfunction8
Sexy::Larva,vftable,00596ad4,8,0x20,vfunction9,0046c690,Sexy::ResourceManager::vfunction14
Sexy::Larva,vftable,00596ad4,9,0x24,vfunction10,0046ba90,Sexy::WidgetContainer::vfunction10
Sexy::Larva,vftable,00596ad4,10,0x28,vfunction11,0046bab0,Sexy::WidgetContainer::vfunction11
Sexy::Larva,vftable,00596ad4,11,0x2c,vfunction12,0046bc50,Sexy::WidgetContainer::vfunction12
Sexy::Larva,vftable,00596ad4,12,0x30,vfunction13,0046bd20,Sexy::WidgetContainer::vfunction13
Sexy::Larva,vftable,00596ad4,13,0x34,vfunction14,0046bdf0,Sexy::WidgetContainer::vfunction14
Sexy::Larva,vftable,00596ad4,14,0x38,vfunction15,0046bf00,Sexy::WidgetContainer::vfunction15
Sexy::Larva,vftable,00596ad4,15,0x3c,vfunction16,0046c030,Sexy::WidgetContainer::vfunction16
Sexy::Larva,vftable,00596ad4,16,0x40,vfunction17,0046c430,Sexy::WidgetContainer::vfunction17
Sexy::Larva,vftable,00596ad4,17,0x44,vfunction18,0046c180,Sexy::WidgetContainer::vfunction18
Sexy::Larva,vftable,00596ad4,18,0x48,vfunction19,0046c1c0,Sexy::WidgetContainer::vfunction19
Sexy::Larva,vftable,00596ad4,19,0x4c,vfunction20,0046c1a0,Sexy::WidgetContainer::vfunction20
Sexy::Larva,vftable,00596ad4,20,0x50,vfunction21,0046c090,Sexy::WidgetContainer::vfunction21
Sexy::Larva,vftable,00596ad4,21,0x54,vfunction22,0046c100,Sexy::WidgetContainer::vfunction22
Sexy::Larva,vftable,00596ad4,22,0x58,vfunction23,004f2930,Sexy::Larva::vfunction23
Sexy::Larva,vftable,00596ad4,23,0x5c,vfunction24,0046c500,Sexy::WidgetContainer::vfunction24
Sexy::Larva,vftable,00596ad4,24,0x60,vfunction25,0046c690,Sexy::ResourceManager::vfunction14
Sexy::Larva,vftable,00596ad4,25,0x64,vfunction26,0046c6a0,Sexy::WidgetContainer::vfunction26
Sexy::Larva,vftable,00596ad4,26,0x68,vfunction27,004d7ea0,Sexy::Larva::vfunction27
Sexy::Larva,vftable,00596ad4,27,0x6c,vfunction28,0046c7f0,Sexy::WidgetContainer::vfunction28
Sexy::Larva,vftable,00596ad4,28,0x70,vfunction29,0046c9c0,Sexy::WidgetContainer::vfunction29
Sexy::Larva,vftable,00596ad4,29,0x74,vfunction30,00486bf0,Sexy::ResourceManager::BaseRes::vfunction2
Sexy::Larva,vftable,00596ad4,30,0x78,vfunction31,00486bf0,Sexy::ResourceManager::BaseRes::vfunction2
Sexy::Larva,vftable,00596ad4,31,0x7c,vfunction32,0046de80,Sexy::Widget::vfunction32
Sexy::Larva,vftable,00596ad4,32,0x80,vfunction33,0046df70,Sexy::Widget::vfunction33
Sexy::Larva,vftable,00596ad4,33,0x84,vfunction34,0046ded0,Sexy::Widget::vfunction34
Sexy::Larva,vftable,00596ad4,34,0x88,vfunction35,0046e010,Sexy::Widget::vfunction35
Sexy::Larva,vftable,00596ad4,35,0x8c,vfunction36,0046e130,Sexy::Widget::vfunction36
Sexy::Larva,vftable,00596ad4,36,0x90,vfunction37,0046e0c0,Sexy::Widget::vfunction37
Sexy::Larva,vftable,00596ad4,37,0x94,vfunction38,0046e270,Sexy::Widget::vfunction38
Sexy::Larva,vftable,00596ad4,38,0x98,vfunction39,0046e370,Sexy::Widget::vfunction39
Sexy::Larva,vftable,00596ad4,39,0x9c,vfunction40,0046e210,Sexy::Widget::vfunction40
Sexy::Larva,vftable,00596ad4,40,0xa0,vfunction41,0046e1b0,Sexy::Widget::vfunction41
Sexy::Larva,vftable,00596ad4,41,0xa4,vfunction42,0046e240,Sexy::Widget::vfunction42
Sexy::Larva,vftable,00596ad4,42,0xa8,vfunction43,0046e260,Sexy::Widget::vfunction43
Sexy::Larva,vftable,00596ad4,43,0xac,vfunction44,0046deb0,Sexy::Widget::vfunction44
Sexy::Larva,vftable,00596ad4,44,0xb0,vfunction45,0046c690,Sexy::ResourceManager::vfunction14
Sexy::Larva,vftable,00596ad4,45,0xb4,vfunction46,0046e2f0,Sexy::Widget::vfunction46
Sexy::Larva,vftable,00596ad4,46,0xb8,vfunction47,0046e300,Sexy::Widget::vfunction47
Sexy::Larva,vftable,00596ad4,47,0xbc,vfunction48,0046c690,Sexy::ResourceManager::vfunction14
Sexy::Larva,vftable,00596ad4,48,0xc0,vfunction49,0046e320,Sexy::Widget::vfunction49
Sexy::Larva,vftable,00596ad4,49,0xc4,vfunction50,0046c690,Sexy::ResourceManager::vfunction14
Sexy::Larva,vftable,00596ad4,50,0xc8,vfunction51,00486bf0,Sexy::ResourceManager::BaseRes::vfunction2
Sexy::Larva,vftable,00596ad4,51,0xcc,vfunction52,00486bf0,Sexy::ResourceManager::BaseRes::vfunction2
Sexy::Larva,vftable,00596ad4,52,0xd0,vfunction53,0046eb50,Sexy::DialogListener::vfunction1
Sexy::Larva,vftable,00596ad4,53,0xd4,vfunction54,0046e400,Sexy::MusicInterface::vfunction13
Sexy::Larva,vftable,00596ad4,54,0xd8,vfunction55,004d7ed0,Sexy::Larva::vfunction55
Sexy::Larva,vftable,00596ad4,55,0xdc,vfunction56,0046e400,Sexy::MusicInterface::vfunction13
Sexy::Larva,vftable,00596ad4,56,0xe0,vfunction57,0046e410,Sexy::Widget::vfunction57
Sexy::Larva,vftable,00596ad4,57,0xe4,vfunction58,0046eb50,Sexy::DialogListener::vfunction1
Sexy::Larva,vftable,00596ad4,58,0xe8,vfunction59,0046eb50,Sexy::DialogListener::vfunction1
Sexy::Larva,vftable,00596ad4,59,0xec,vfunction60,0046c690,Sexy::ResourceManager::vfunction14
Sexy::Larva,vftable,00596ad4,60,0xf0,vfunction61,0046de70,Sexy::Widget::vfunction61
Sexy::Larva,vftable,00596ad4,61,0xf4,vfunction62,0046e500,Sexy::Widget::vfunction62
Sexy::Larva,vftable,00596ad4,62,0xf8,vfunction63,0046e480,Sexy::Widget::vfunction63
Sexy::Larva,vftable,00596ad4,63,0xfc,vfunction64,0046e620,Sexy::Widget::vfunction64
Sexy::Larva,vftable,00596ad4,64,0x100,vfunction65,0046e670,Sexy::Widget::vfunction65
Sexy::Larva,vftable,00596ad4,65,0x104,vfunction66,0046e6b0,Sexy::Widget::vfunction66
Sexy::Larva,vftable,00596ad4,66,0x108,vfunction67,0046e6d0,Sexy::Widget::vfunction67
Sexy::Larva,vftable,00596ad4,67,0x10c,vfunction68,0046e700,Sexy::Widget::vfunction68
Sexy::Larva,vftable,00596ad4,68,0x110,vfunction69,0046e800,Sexy::Widget::vfunction69
Sexy::Larva,vftable,00596ad4,69,0x114,vfunction70,0046e840,Sexy::Widget::vfunction70
Sexy::Larva,vftable,00596ad4,70,0x118,vfunction71,0051a440,Sexy::ListListener::vfunction2
Sexy::Larva,vftable,00596ad4,71,0x11c,vfunction72,004e9df0,Sexy::GameObject::vfunction72
Sexy::Larva,vftable,00596ad4,72,0x120,vfunction73,004d68d0,Sexy::GameObject::vfunction73
Sexy::Larva,vftable,00596ad4,73,0x124,vfunction74,0051a440,Sexy::ListListener::vfunction2
Sexy::Larva,vftable,00596ad4,74,0x128,vfunction75,004e9e00,Sexy::GameObject::vfunction75
Sexy::Larva,vftable,00596ad4,75,0x12c,vfunction76,004d9570,thunk 004ec5f0 -> Sexy::Larva::vfunction76
Sexy::Larva,vftable,00596ad4,76,0x130,vfunction77,00519120,Sexy::CheckboxListener::vfunction1
Sexy::Larva,vftable,00596ad4,77,0x134,vfunction78,0051a440,Sexy::ListListener::vfunction2
Sexy::Larva,vftable,00596ad4,78,0x138,vfunction79,004e9e00,Sexy::GameObject::vfunction75
Sexy::Larva,vftable,00596ad4,79,0x13c,vfunction80,00519120,Sexy::CheckboxListener::vfunction1
Sexy::Larva,vftable,00596ad4,80,0x140,vfunction81,004d7df0,Sexy::Larva::vfunction81
Sexy::Missle,vftable,00596c1c,0,0x0,vfunction1,004f0180,Sexy::Food::deleting_destructor
Sexy::Missle,vftable,00596c1c,1,0x4,vfunction2,0046b5b0,Sexy::WidgetContainer::vfunction2
Sexy::Missle,vftable,00596c1c,2,0x8,vfunction3,0046b5d0,Sexy::WidgetContainer::vfunction3
Sexy::Missle,vftable,00596c1c,3,0xc,vfunction4,0046b640,Sexy::WidgetContainer::vfunction4
Sexy::Missle,vftable,00596c1c,4,0x10,vfunction5,0046b760,Sexy::WidgetContainer::vfunction5
Sexy::Missle,vftable,00596c1c,5,0x14,vfunction6,0046b700,Sexy::WidgetContainer::vfunction6
Sexy::Missle,vftable,00596c1c,6,0x18,vfunction7,0046c690,Sexy::ResourceManager::vfunction14
Sexy::Missle,vftable,00596c1c,7,0x1c,vfunction8,0046b550,Sexy::WidgetContainer::vfunction8
Sexy::Missle,vftable,00596c1c,8,0x20,vfunction9,0046c690,Sexy::ResourceManager::vfunction14
Sexy::Missle,vftable,00596c1c,9,0x24,vfunction10,0046ba90,Sexy::WidgetContainer::vfunction10
Sexy::Missle,vftable,00596c1c,10,0x28,vfunction11,0046bab0,Sexy::WidgetContainer::vfunction11
Sexy::Missle,vftable,00596c1c,11,0x2c,vfunction12,0046bc50,Sexy::WidgetContainer::vfunction12
Sexy::Missle,vftable,00596c1c,12,0x30,vfunction13,0046bd20,Sexy::WidgetContainer::vfunction13
Sexy::Missle,vftable,00596c1c,13,0x34,vfunction14,0046bdf0,Sexy::WidgetContainer::vfunction14
Sexy::Missle,vftable,00596c1c,14,0x38,vfunction15,0046bf00,Sexy::WidgetContainer::vfunction15
Sexy::Missle,vftable,00596c1c,15,0x3c,vfunction16,0046c030,Sexy::WidgetContainer::vfunction16
Sexy::Missle,vftable,00596c1c,16,0x40,vfunction17,0046c430,Sexy::WidgetContainer::vfunction17
Sexy::Missle,vftable,00596c1c,17,0x44,vfunction18,0046c180,Sexy::WidgetContainer::vfunction18
Sexy::Missle,vftable,00596c1c,18,0x48,vfunction19,0046c1c0,Sexy::WidgetContainer::vfunction19
Sexy::Missle,vftable,00596c1c,19,0x4c,vfunction20,0046c1a0,Sexy::WidgetContainer::vfunction20
Sexy::Missle,vftable,00596c1c,20,0x50,vfunction21,0046c090,Sexy::WidgetContainer::vfunction21
Sexy::Missle,vftable,00596c1c,21,0x54,vfunction22,0046c100,Sexy::WidgetContainer::vfunction22
Sexy::Missle,vftable,00596c1c,22,0x58,vfunction23,004ffb30,Sexy::Missle::vfunction23
Sexy::Missle,vftable,00596c1c,23,0x5c,vfunction24,0046c500,Sexy::WidgetContainer::vfunction24
Sexy::Missle,vftable,00596c1c,24,0x60,vfunction25,0046c690,Sexy::ResourceManager::vfunction14
Sexy::Missle,vftable,00596c1c,25,0x64,vfunction26,0046c6a0,Sexy::WidgetContainer::vfunction26
Sexy::Missle,vftable,00596c1c,26,0x68,vfunction27,004e2120,Sexy::Missle::vfunction27
Sexy::Missle,vftable,00596c1c,27,0x6c,vfunction28,0046c7f0,Sexy::WidgetContainer::vfunction28
Sexy::Missle,vftable,00596c1c,28,0x70,vfunction29,0046c9c0,Sexy::WidgetContainer::vfunction29
Sexy::Missle,vftable,00596c1c,29,0x74,vfunction30,00486bf0,Sexy::ResourceManager::BaseRes::vfunction2
Sexy::Missle,vftable,00596c1c,30,0x78,vfunction31,00486bf0,Sexy::ResourceManager::BaseRes::vfunction2
Sexy::Missle,vftable,00596c1c,31,0x7c,vfunction32,0046de80,Sexy::Widget::vfunction32
Sexy::Missle,vftable,00596c1c,32,0x80,vfunction33,0046df70,Sexy::Widget::vfunction33
Sexy::Missle,vftable,00596c1c,33,0x84,vfunction34,0046ded0,Sexy::Widget::vfunction34
Sexy::Missle,vftable,00596c1c,34,0x88,vfunction35,0046e010,Sexy::Widget::vfunction35
Sexy::Missle,vftable,00596c1c,35,0x8c,vfunction36,0046e130,Sexy::Widget::vfunction36
Sexy::Missle,vftable,00596c1c,36,0x90,vfunction37,0046e0c0,Sexy::Widget::vfunction37
Sexy::Missle,vftable,00596c1c,37,0x94,vfunction38,0046e270,Sexy::Widget::vfunction38
Sexy::Missle,vftable,00596c1c,38,0x98,vfunction39,0046e370,Sexy::Widget::vfunction39
Sexy::Missle,vftable,00596c1c,39,0x9c,vfunction40,0046e210,Sexy::Widget::vfunction40
Sexy::Missle,vftable,00596c1c,40,0xa0,vfunction41,0046e1b0,Sexy::Widget::vfunction41
Sexy::Missle,vftable,00596c1c,41,0xa4,vfunction42,0046e240,Sexy::Widget::vfunction42
Sexy::Missle,vftable,00596c1c,42,0xa8,vfunction43,0046e260,Sexy::Widget::vfunction43
Sexy::Missle,vftable,00596c1c,43,0xac,vfunction44,0046deb0,Sexy::Widget::vfunction44
Sexy::Missle,vftable,00596c1c,44,0xb0,vfunction45,0046c690,Sexy::ResourceManager::vfunction14
Sexy::Missle,vftable,00596c1c,45,0xb4,vfunction46,0046e2f0,Sexy::Widget::vfunction46
Sexy::Missle,vftable,00596c1c,46,0xb8,vfunction47,0046e300,Sexy::Widget::vfunction47
Sexy::Missle,vftable,00596c1c,47,0xbc,vfunction48,0046c690,Sexy::ResourceManager::vfunction14
Sexy::Missle,vftable,00596c1c,48,0xc0,vfunction49,0046e320,Sexy::Widget::vfunction49
Sexy::Missle,vftable,00596c1c,49,0xc4,vfunction50,0046c690,Sexy::ResourceManager::vfunction14
Sexy::Missle,vftable,00596c1c,50,0xc8,vfunction51,00486bf0,Sexy::ResourceManager::BaseRes::vfunction2
Sexy::Missle,vftable,00596c1c,51,0xcc,vfunction52,00486bf0,Sexy::ResourceManager::BaseRes::vfunction2
Sexy::Missle,vftable,00596c1c,52,0xd0,vfunction53,0046eb50,Sexy::DialogListener::vfunction1
Sexy::Missle,vftable,00596c1c,53,0xd4,vfunction54,0046e400,Sexy::MusicInterface::vfunction13
Sexy::Missle,vftable,00596c1c,54,0xd8,vfunction55,0046e3a0,Sexy::Widget::vfunction55
Sexy::Missle,vftable,00596c1c,55,0xdc,vfunction56,0046e400,Sexy::MusicInterface::vfunction13
Sexy::Missle,vftable,00596c1c,56,0xe0,vfunction57,0046e410,Sexy::Widget::vfunction57
Sexy::Missle,vftable,00596c1c,57,0xe4,vfunction58,0046eb50,Sexy::DialogListener::vfunction1
Sexy::Missle,vftable,00596c1c,58,0xe8,vfunction59,0046eb50,Sexy::DialogListener::vfunction1
Sexy::Missle,vftable,00596c1c,59,0xec,vfunction60,0046c690,Sexy::ResourceManager::vfunction14
Sexy::Missle,vftable,00596c1c,60,0xf0,vfunction61,0046de70,Sexy::Widget::vfunction61
Sexy::Missle,vftable,00596c1c,61,0xf4,vfunction62,0046e500,Sexy::Widget::vfunction62
Sexy::Missle,vftable,00596c1c,62,0xf8,vfunction63,0046e480,Sexy::Widget::vfunction63
Sexy::Missle,vftable,00596c1c,63,0xfc,vfunction64,0046e620,Sexy::Widget::vfunction64
Sexy::Missle,vftable,00596c1c,64,0x100,vfunction65,0046e670,Sexy::Widget::vfunction65
Sexy::Missle,vftable,00596c1c,65,0x104,vfunction66,0046e6b0,Sexy::Widget::vfunction66
Sexy::Missle,vftable,00596c1c,66,0x108,vfunction67,0046e6d0,Sexy::Widget::vfunction67
Sexy::Missle,vftable,00596c1c,67,0x10c,vfunction68,0046e700,Sexy::Widget::vfunction68
Sexy::Missle,vftable,00596c1c,68,0x110,vfunction69,0046e800,Sexy::Widget::vfunction69
Sexy::Missle,vftable,00596c1c,69,0x114,vfunction70,0046e840,Sexy::Widget::vfunction70
Sexy::Missle,vftable,00596c1c,70,0x118,vfunction71,0051a440,Sexy::ListListener::vfunction2
Sexy::Missle,vftable,00596c1c,71,0x11c,vfunction72,004e9df0,Sexy::GameObject::vfunction72
Sexy::Missle,vftable,00596c1c,72,0x120,vfunction73,004d68d0,Sexy::GameObject::vfunction73
Sexy::Missle,vftable,00596c1c,73,0x124,vfunction74,0051a440,Sexy::ListListener::vfunction2
Sexy::Missle,vftable,00596c1c,74,0x128,vfunction75,004d8260,Sexy::Missle::vfunction75
Sexy::Missle,vftable,00596c1c,75,0x12c,vfunction76,004d80e0,thunk 004eae30 -> Sexy::Missle::vfunction76
Sexy::Missle,vftable,00596c1c,76,0x130,vfunction77,00519120,Sexy::CheckboxListener::vfunction1
Sexy::Missle,vftable,00596c1c,77,0x134,vfunction78,004f93a0,Sexy::Missle::vfunction78
Sexy::Missle,vftable,00596c1c,78,0x138,vfunction79,004e9e00,Sexy::GameObject::vfunction75
Sexy::Missle,vftable,00596c1c,79,0x13c,vfunction80,00519120,Sexy::CheckboxListener::vfunction1
Sexy::Missle,vftable,00596c1c,80,0x140,vfunction81,004d7fa0,Sexy::Missle::vfunction81
Sexy::OtherTypePet,vftable,00596d74,0,0x0,vfunction1,004f0180,Sexy::Food::deleting_destructor
Sexy::OtherTypePet,vftable,00596d74,1,0x4,vfunction2,0046b5b0,Sexy::WidgetContainer::vfunction2
Sexy::OtherTypePet,vftable,00596d74,2,0x8,vfunction3,0046b5d0,Sexy::WidgetContainer::vfunction3
Sexy::OtherTypePet,vftable,00596d74,3,0xc,vfunction4,0046b640,Sexy::WidgetContainer::vfunction4
Sexy::OtherTypePet,vftable,00596d74,4,0x10,vfunction5,0046b760,Sexy::WidgetContainer::vfunction5
Sexy::OtherTypePet,vftable,00596d74,5,0x14,vfunction6,0046b700,Sexy::WidgetContainer::vfunction6
Sexy::OtherTypePet,vftable,00596d74,6,0x18,vfunction7,0046c690,Sexy::ResourceManager::vfunction14
Sexy::OtherTypePet,vftable,00596d74,7,0x1c,vfunction8,0046b550,Sexy::WidgetContainer::vfunction8
Sexy::OtherTypePet,vftable,00596d74,8,0x20,vfunction9,0046c690,Sexy::ResourceManager::vfunction14
Sexy::OtherTypePet,vftable,00596d74,9,0x24,vfunction10,0046ba90,Sexy::WidgetContainer::vfunction10
Sexy::OtherTypePet,vftable,00596d74,10,0x28,vfunction11,0046bab0,Sexy::WidgetContainer::vfunction11
Sexy::OtherTypePet,vftable,00596d74,11,0x2c,vfunction12,0046bc50,Sexy::WidgetContainer::vfunction12
Sexy::OtherTypePet,vftable,00596d74,12,0x30,vfunction13,0046bd20,Sexy::WidgetContainer::vfunction13
Sexy::OtherTypePet,vftable,00596d74,13,0x34,vfunction14,0046bdf0,Sexy::WidgetContainer::vfunction14
Sexy::OtherTypePet,vftable,00596d74,14,0x38,vfunction15,0046bf00,Sexy::WidgetContainer::vfunction15
Sexy::OtherTypePet,vftable,00596d74,15,0x3c,vfunction16,0046c030,Sexy::WidgetContainer::vfunction16
Sexy::OtherTypePet,vftable,00596d74,16,0x40,vfunction17,0046c430,Sexy::WidgetContainer::vfunction17
Sexy::OtherTypePet,vftable,00596d74,17,0x44,vfunction18,0046c180,Sexy::WidgetContainer::vfunction18
Sexy::OtherTypePet,vftable,00596d74,18,0x48,vfunction19,0046c1c0,Sexy::WidgetContainer::vfunction19
Sexy::OtherTypePet,vftable,00596d74,19,0x4c,vfunction20,0046c1a0,Sexy::WidgetContainer::vfunction20
Sexy::OtherTypePet,vftable,00596d74,20,0x50,vfunction21,0046c090,Sexy::WidgetContainer::vfunction21
Sexy::OtherTypePet,vftable,00596d74,21,0x54,vfunction22,0046c100,Sexy::WidgetContainer::vfunction22
Sexy::OtherTypePet,vftable,00596d74,22,0x58,vfunction23,004f2e80,Sexy::OtherTypePet::vfunction23
Sexy::OtherTypePet,vftable,00596d74,23,0x5c,vfunction24,0046c500,Sexy::WidgetContainer::vfunction24
Sexy::OtherTypePet,vftable,00596d74,24,0x60,vfunction25,0046c690,Sexy::ResourceManager::vfunction14
Sexy::OtherTypePet,vftable,00596d74,25,0x64,vfunction26,0046c6a0,Sexy::WidgetContainer::vfunction26
Sexy::OtherTypePet,vftable,00596d74,26,0x68,vfunction27,004f37c0,Sexy::OtherTypePet::vfunction27
Sexy::OtherTypePet,vftable,00596d74,27,0x6c,vfunction28,0046c7f0,Sexy::WidgetContainer::vfunction28
Sexy::OtherTypePet,vftable,00596d74,28,0x70,vfunction29,0046c9c0,Sexy::WidgetContainer::vfunction29
Sexy::OtherTypePet,vftable,00596d74,29,0x74,vfunction30,00486bf0,Sexy::ResourceManager::BaseRes::vfunction2
Sexy::OtherTypePet,vftable,00596d74,30,0x78,vfunction31,00486bf0,Sexy::ResourceManager::BaseRes::vfunction2
Sexy::OtherTypePet,vftable,00596d74,31,0x7c,vfunction32,0046de80,Sexy::Widget::vfunction32
Sexy::OtherTypePet,vftable,00596d74,32,0x80,vfunction33,0046df70,Sexy::Widget::vfunction33
Sexy::OtherTypePet,vftable,00596d74,33,0x84,vfunction34,0046ded0,Sexy::Widget::vfunction34
Sexy::OtherTypePet,vftable,00596d74,34,0x88,vfunction35,0046e010,Sexy::Widget::vfunction35
Sexy::OtherTypePet,vftable,00596d74,35,0x8c,vfunction36,0046e130,Sexy::Widget::vfunction36
Sexy::OtherTypePet,vftable,00596d74,36,0x90,vfunction37,0046e0c0,Sexy::Widget::vfunction37
Sexy::OtherTypePet,vftable,00596d74,37,0x94,vfunction38,0046e270,Sexy::Widget::vfunction38
Sexy::OtherTypePet,vftable,00596d74,38,0x98,vfunction39,0046e370,Sexy::Widget::vfunction39
Sexy::OtherTypePet,vftable,00596d74,39,0x9c,vfunction40,0046e210,Sexy::Widget::vfunction40
Sexy::OtherTypePet,vftable,00596d74,40,0xa0,vfunction41,0046e1b0,Sexy::Widget::vfunction41
Sexy::OtherTypePet,vftable,00596d74,41,0xa4,vfunction42,0046e240,Sexy::Widget::vfunction42
Sexy::OtherTypePet,vftable,00596d74,42,0xa8,vfunction43,0046e260,Sexy::Widget::vfunction43
Sexy::OtherTypePet,vftable,00596d74,43,0xac,vfunction44,0046deb0,Sexy::Widget::vfunction44
Sexy::OtherTypePet,vftable,00596d74,44,0xb0,vfunction45,0046c690,Sexy::ResourceManager::vfunction14
Sexy::OtherTypePet,vftable,00596d74,45,0xb4,vfunction46,0046e2f0,Sexy::Widget::vfunction46
Sexy::OtherTypePet,vftable,00596d74,46,0xb8,vfunction47,0046e300,Sexy::Widget::vfunction47
Sexy::OtherTypePet,vftable,00596d74,47,0xbc,vfunction48,0046c690,Sexy::ResourceManager::vfunction14
Sexy::OtherTypePet,vftable,00596d74,48,0xc0,vfunction49,0046e320,Sexy::Widget::vfunction49
Sexy::OtherTypePet,vftable,00596d74,49,0xc4,vfunction50,0046c690,Sexy::ResourceManager::vfunction14
Sexy::OtherTypePet,vftable,00596d74,50,0xc8,vfunction51,00486bf0,Sexy::ResourceManager::BaseRes::vfunction2
Sexy::OtherTypePet,vftable,00596d74,51,0xcc,vfunction52,00486bf0,Sexy::ResourceManager::BaseRes::vfunction2
Sexy::OtherTypePet,vftable,00596d74,52,0xd0,vfunction53,0046eb50,Sexy::DialogListener::vfunction1
Sexy::OtherTypePet,vftable,00596d74,53,0xd4,vfunction54,0046e400,Sexy::MusicInterface::vfunction13
Sexy::OtherTypePet,vftable,00596d74,54,0xd8,vfunction55,004f3a70,Sexy::OtherTypePet::vfunction55
Sexy::OtherTypePet,vftable,00596d74,55,0xdc,vfunction56,0046e400,Sexy::MusicInterface::vfunction13
Sexy::OtherTypePet,vftable,00596d74,56,0xe0,vfunction57,004d5300,Sexy::OtherTypePet::vfunction57
Sexy::OtherTypePet,vftable,00596d74,57,0xe4,vfunction58,0046eb50,Sexy::DialogListener::vfunction1
Sexy::OtherTypePet,vftable,00596d74,58,0xe8,vfunction59,004d8c10,Sexy::Grubber::vfunction59
Sexy::OtherTypePet,vftable,00596d74,59,0xec,vfunction60,0046c690,Sexy::ResourceManager::vfunction14
Sexy::OtherTypePet,vftable,00596d74,60,0xf0,vfunction61,0046de70,Sexy::Widget::vfunction61
Sexy::OtherTypePet,vftable,00596d74,61,0xf4,vfunction62,0046e500,Sexy::Widget::vfunction62
Sexy::OtherTypePet,vftable,00596d74,62,0xf8,vfunction63,0046e480,Sexy::Widget::vfunction63
Sexy::OtherTypePet,vftable,00596d74,63,0xfc,vfunction64,0046e620,Sexy::Widget::vfunction64
Sexy::OtherTypePet,vftable,00596d74,64,0x100,vfunction65,0046e670,Sexy::Widget::vfunction65
Sexy::OtherTypePet,vftable,00596d74,65,0x104,vfunction66,0046e6b0,Sexy::Widget::vfunction66
Sexy::OtherTypePet,vftable,00596d74,66,0x108,vfunction67,0046e6d0,Sexy::Widget::vfunction67
Sexy::OtherTypePet,vftable,00596d74,67,0x10c,vfunction68,0046e700,Sexy::Widget::vfunction68
Sexy::OtherTypePet,vftable,00596d74,68,0x110,vfunction69,0046e800,Sexy::Widget::vfunction69
Sexy::OtherTypePet,vftable,00596d74,69,0x114,vfunction70,0046e840,Sexy::Widget::vfunction70
Sexy::OtherTypePet,vftable,00596d74,70,0x118,vfunction71,0051a440,Sexy::ListListener::vfunction2
Sexy::OtherTypePet,vftable,00596d74,71,0x11c,vfunction72,004e9df0,Sexy::GameObject::vfunction72
Sexy::OtherTypePet,vftable,00596d74,72,0x120,vfunction73,004d68d0,Sexy::GameObject::vfunction73
Sexy::OtherTypePet,vftable,00596d74,73,0x124,vfunction74,004f3940,Sexy::OtherTypePet::vfunction74
Sexy::OtherTypePet,vftable,00596d74,74,0x128,vfunction75,004e9e00,Sexy::GameObject::vfunction75
Sexy::OtherTypePet,vftable,00596d74,75,0x12c,vfunction76,004e0e70,thunk 004ef410 -> Sexy::OtherTypePet::vfunction76
Sexy::OtherTypePet,vftable,00596d74,76,0x130,vfunction77,00519120,Sexy::CheckboxListener::vfunction1
Sexy::OtherTypePet,vftable,00596d74,77,0x134,vfunction78,0051a440,Sexy::ListListener::vfunction2
Sexy::OtherTypePet,vftable,00596d74,78,0x138,vfunction79,004e9e00,Sexy::GameObject::vfunction75
Sexy::OtherTypePet,vftable,00596d74,79,0x13c,vfunction80,00519120,Sexy::CheckboxListener::vfunction1
Sexy::OtherTypePet,vftable,00596d74,80,0x140,vfunction81,004d8ad0,Sexy::OtherTypePet::vfunction81
Sexy::Penta,vftable,00596ee4,0,0x0,vfunction1,004eff20,Sexy::Penta::deleting_destructor
Sexy::Penta,vftable,00596ee4,1,0x4,vfunction2,0046b5b0,Sexy::WidgetContainer::vfunction2
Sexy::Penta,vftable,00596ee4,2,0x8,vfunction3,0046b5d0,Sexy::WidgetContainer::vfunction3
Sexy::Penta,vftable,00596ee4,3,0xc,vfunction4,0046b640,Sexy::WidgetContainer::vfunction4
Sexy::Penta,vftable,00596ee4,4,0x10,vfunction5,0046b760,Sexy::WidgetContainer::vfunction5
Sexy::Penta,vftable,00596ee4,5,0x14,vfunction6,0046b700,Sexy::WidgetContainer::vfunction6
Sexy::Penta,vftable,00596ee4,6,0x18,vfunction7,0046c690,Sexy::ResourceManager::vfunction14
Sexy::Penta,vftable,00596ee4,7,0x1c,vfunction8,0046b550,Sexy::WidgetContainer::vfunction8
Sexy::Penta,vftable,00596ee4,8,0x20,vfunction9,0046c690,Sexy::ResourceManager::vfunction14
Sexy::Penta,vftable,00596ee4,9,0x24,vfunction10,0046ba90,Sexy::WidgetContainer::vfunction10
Sexy::Penta,vftable,00596ee4,10,0x28,vfunction11,0046bab0,Sexy::WidgetContainer::vfunction11
Sexy::Penta,vftable,00596ee4,11,0x2c,vfunction12,0046bc50,Sexy::WidgetContainer::vfunction12
Sexy::Penta,vftable,00596ee4,12,0x30,vfunction13,0046bd20,Sexy::WidgetContainer::vfunction13
Sexy::Penta,vftable,00596ee4,13,0x34,vfunction14,0046bdf0,Sexy::WidgetContainer::vfunction14
Sexy::Penta,vftable,00596ee4,14,0x38,vfunction15,0046bf00,Sexy::WidgetContainer::vfunction15
Sexy::Penta,vftable,00596ee4,15,0x3c,vfunction16,0046c030,Sexy::WidgetContainer::vfunction16
Sexy::Penta,vftable,00596ee4,16,0x40,vfunction17,0046c430,Sexy::WidgetContainer::vfunction17
Sexy::Penta,vftable,00596ee4,17,0x44,vfunction18,0046c180,Sexy::WidgetContainer::vfunction18
Sexy::Penta,vftable,00596ee4,18,0x48,vfunction19,0046c1c0,Sexy::WidgetContainer::vfunction19
Sexy::Penta,vftable,00596ee4,19,0x4c,vfunction20,0046c1a0,Sexy::WidgetContainer::vfunction20
Sexy::Penta,vftable,00596ee4,20,0x50,vfunction21,0046c090,Sexy::WidgetContainer::vfunction21
Sexy::Penta,vftable,00596ee4,21,0x54,vfunction22,0046c100,Sexy::WidgetContainer::vfunction22
Sexy::Penta,vftable,00596ee4,22,0x58,vfunction23,004f94e0,Sexy::Penta::vfunction23
Sexy::Penta,vftable,00596ee4,23,0x5c,vfunction24,0046c500,Sexy::WidgetContainer::vfunction24
Sexy::Penta,vftable,00596ee4,24,0x60,vfunction25,0046c690,Sexy::ResourceManager::vfunction14
Sexy::Penta,vftable,00596ee4,25,0x64,vfunction26,0046c6a0,Sexy::WidgetContainer::vfunction26
Sexy::Penta,vftable,00596ee4,26,0x68,vfunction27,004e3030,Sexy::Penta::vfunction27
Sexy::Penta,vftable,00596ee4,27,0x6c,vfunction28,0046c7f0,Sexy::WidgetContainer::vfunction28
Sexy::Penta,vftable,00596ee4,28,0x70,vfunction29,0046c9c0,Sexy::WidgetContainer::vfunction29
Sexy::Penta,vftable,00596ee4,29,0x74,vfunction30,00486bf0,Sexy::ResourceManager::BaseRes::vfunction2
Sexy::Penta,vftable,00596ee4,30,0x78,vfunction31,00486bf0,Sexy::ResourceManager::BaseRes::vfunction2
Sexy::Penta,vftable,00596ee4,31,0x7c,vfunction32,0046de80,Sexy::Widget::vfunction32
Sexy::Penta,vftable,00596ee4,32,0x80,vfunction33,0046df70,Sexy::Widget::vfunction33
Sexy::Penta,vftable,00596ee4,33,0x84,vfunction34,0046ded0,Sexy::Widget::vfunction34
Sexy::Penta,vftable,00596ee4,34,0x88,vfunction35,0046e010,Sexy::Widget::vfunction35
Sexy::Penta,vftable,00596ee4,35,0x8c,vfunction36,0046e130,Sexy::Widget::vfunction36
Sexy::Penta,vftable,00596ee4,36,0x90,vfunction37,0046e0c0,Sexy::Widget::vfunction37
Sexy::Penta,vftable,00596ee4,37,0x94,vfunction38,0046e270,Sexy::Widget::vfunction38
Sexy::Penta,vftable,00596ee4,38,0x98,vfunction39,0046e370,Sexy::Widget::vfunction39
Sexy::Penta,vftable,00596ee4,39,0x9c,vfunction40,0046e210,Sexy::Widget::vfunction40
Sexy::Penta,vftable,00596ee4,40,0xa0,vfunction41,0046e1b0,Sexy::Widget::vfunction41
Sexy::Penta,vftable,00596ee4,41,0xa4,vfunction42,0046e240,Sexy::Widget::vfunction42
Sexy::Penta,vftable,00596ee4,42,0xa8,vfunction43,0046e260,Sexy::Widget::vfunction43
Sexy::Penta,vftable,00596ee4,43,0xac,vfunction44,0046deb0,Sexy::Widget::vfunction44
Sexy::Penta,vftable,00596ee4,44,0xb0,vfunction45,0046c690,Sexy::ResourceManager::vfunction14
Sexy::Penta,vftable,00596ee4,45,0xb4,vfunction46,0046e2f0,Sexy::Widget::vfunction46
Sexy::Penta,vftable,00596ee4,46,0xb8,vfunction47,0046e300,Sexy::Widget::vfunction47
Sexy::Penta,vftable,00596ee4,47,0xbc,vfunction48,0046c690,Sexy::ResourceManager::vfunction14
Sexy::Penta,vftable,00596ee4,48,0xc0,vfunction49,0046e320,Sexy::Widget::vfunction49
Sexy::Penta,vftable,00596ee4,49,0xc4,vfunction50,0046c690,Sexy::ResourceManager::vfunction14
Sexy::Penta,vftable,00596ee4,50,0xc8,vfunction51,00486bf0,Sexy::ResourceManager::BaseRes::vfunction2
Sexy::Penta,vftable,00596ee4,51,0xcc,vfunction52,00486bf0,Sexy::ResourceManager::BaseRes::vfunction2
Sexy::Penta,vftable,00596ee4,52,0xd0,vfunction53,0046eb50,Sexy::DialogListener::vfunction1
Sexy::Penta,vftable,00596ee4,53,0xd4,vfunction54,0046e400,Sexy::MusicInterface::vfunction13
Sexy::Penta,vftable,00596ee4,54,0xd8,vfunction55,004d7dc0,Sexy::Grubber::vfunction55
Sexy::Penta,vftable,00596ee4,55,0xdc,vfunction56,0046e400,Sexy::MusicInterface::vfunction13
Sexy::Penta,vftable,00596ee4,56,0xe0,vfunction57,0046e410,Sexy::Widget::vfunction57
Sexy::Penta,vftable,00596ee4,57,0xe4,vfunction58,0046eb50,Sexy::DialogListener::vfunction1
Sexy::Penta,vftable,00596ee4,58,0xe8,vfunction59,004d8c10,Sexy::Grubber::vfunction59
Sexy::Penta,vftable,00596ee4,59,0xec,vfunction60,0046c690,Sexy::ResourceManager::vfunction14
Sexy::Penta,vftable,00596ee4,60,0xf0,vfunction61,0046de70,Sexy::Widget::vfunction61
Sexy::Penta,vftable,00596ee4,61,0xf4,vfunction62,0046e500,Sexy::Widget::vfunction62
Sexy::Penta,vftable,00596ee4,62,0xf8,vfunction63,0046e480,Sexy::Widget::vfunction63
Sexy::Penta,vftable,00596ee4,63,0xfc,vfunction64,0046e620,Sexy::Widget::vfunction64
Sexy::Penta,vftable,00596ee4,64,0x100,vfunction65,0046e670,Sexy::Widget::vfunction65
Sexy::Penta,vftable,00596ee4,65,0x104,vfunction66,0046e6b0,Sexy::Widget::vfunction66
Sexy::Penta,vftable,00596ee4,66,0x108,vfunction67,0046e6d0,Sexy::Widget::vfunction67
Sexy::Penta,vftable,00596ee4,67,0x10c,vfunction68,0046e700,Sexy::Widget::vfunction68
Sexy::Penta,vftable,00596ee4,68,0x110,vfunction69,0046e800,Sexy::Widget::vfunction69
Sexy::Penta,vftable,00596ee4,69,0x114,vfunction70,0046e840,Sexy::Widget::vfunction70
Sexy::Penta,vftable,00596ee4,70,0x118,vfunction71,004ec070,Sexy::Penta::vfunction71
Sexy::Penta,vftable,00596ee4,71,0x11c,vfunction72,004ec060,Sexy::Penta::vfunction72
Sexy::Penta,vftable,00596ee4,72,0x120,vfunction73,004d68d0,Sexy::GameObject::vfunction73
Sexy::Penta,vftable,00596ee4,73,0x124,vfunction74,0051a440,Sexy::ListListener::vfunction2
Sexy::Penta,vftable,00596ee4,74,0x128,vfunction75,004e9e00,Sexy::GameObject::vfunction75
Sexy::Penta,vftable,00596ee4,75,0x12c,vfunction76,004f3ee0,Sexy::Penta::vfunction76
Sexy::Penta,vftable,00596ee4,76,0x130,vfunction77,004d8e40,Sexy::Grubber::vfunction77
Sexy::Penta,vftable,00596ee4,77,0x134,vfunction78,004e3140,Sexy::Penta::vfunction78
Sexy::Penta,vftable,00596ee4,78,0x138,vfunction79,004d9000,Sexy::Grubber::vfunction79
Sexy::Penta,vftable,00596ee4,79,0x13c,vfunction80,004e3060,Sexy::Penta::vfunction80
Sexy::Penta,vftable,00596ee4,80,0x140,vfunction81,004d8c20,Sexy::Penta::vfunction81
Sexy::Shadow,vftable,0059702c,0,0x0,vfunction1,004f0180,Sexy::Food::deleting_destructor
Sexy::Shadow,vftable,0059702c,1,0x4,vfunction2,0046b5b0,Sexy::WidgetContainer::vfunction2
Sexy::Shadow,vftable,0059702c,2,0x8,vfunction3,0046b5d0,Sexy::WidgetContainer::vfunction3
Sexy::Shadow,vftable,0059702c,3,0xc,vfunction4,0046b640,Sexy::WidgetContainer::vfunction4
Sexy::Shadow,vftable,0059702c,4,0x10,vfunction5,0046b760,Sexy::WidgetContainer::vfunction5
Sexy::Shadow,vftable,0059702c,5,0x14,vfunction6,0046b700,Sexy::WidgetContainer::vfunction6
Sexy::Shadow,vftable,0059702c,6,0x18,vfunction7,0046c690,Sexy::ResourceManager::vfunction14
Sexy::Shadow,vftable,0059702c,7,0x1c,vfunction8,0046b550,Sexy::WidgetContainer::vfunction8
Sexy::Shadow,vftable,0059702c,8,0x20,vfunction9,0046c690,Sexy::ResourceManager::vfunction14
Sexy::Shadow,vftable,0059702c,9,0x24,vfunction10,0046ba90,Sexy::WidgetContainer::vfunction10
Sexy::Shadow,vftable,0059702c,10,0x28,vfunction11,0046bab0,Sexy::WidgetContainer::vfunction11
Sexy::Shadow,vftable,0059702c,11,0x2c,vfunction12,0046bc50,Sexy::WidgetContainer::vfunction12
Sexy::Shadow,vftable,0059702c,12,0x30,vfunction13,0046bd20,Sexy::WidgetContainer::vfunction13
Sexy::Shadow,vftable,0059702c,13,0x34,vfunction14,0046bdf0,Sexy::WidgetContainer::vfunction14
Sexy::Shadow,vftable,0059702c,14,0x38,vfunction15,0046bf00,Sexy::WidgetContainer::vfunction15
Sexy::Shadow,vftable,0059702c,15,0x3c,vfunction16,0046c030,Sexy::WidgetContainer::vfunction16
Sexy::Shadow,vftable,0059702c,16,0x40,vfunction17,0046c430,Sexy::WidgetContainer::vfunction17
Sexy::Shadow,vftable,0059702c,17,0x44,vfunction18,0046c180,Sexy::WidgetContainer::vfunction18
Sexy::Shadow,vftable,0059702c,18,0x48,vfunction19,0046c1c0,Sexy::WidgetContainer::vfunction19
Sexy::Shadow,vftable,0059702c,19,0x4c,vfunction20,0046c1a0,Sexy::WidgetContainer::vfunction20
Sexy::Shadow,vftable,0059702c,20,0x50,vfunction21,0046c090,Sexy::WidgetContainer::vfunction21
Sexy::Shadow,vftable,0059702c,21,0x54,vfunction22,0046c100,Sexy::WidgetContainer::vfunction22
Sexy::Shadow,vftable,0059702c,22,0x58,vfunction23,004f3d00,Sexy::Shadow::vfunction23
Sexy::Shadow,vftable,0059702c,23,0x5c,vfunction24,0046c500,Sexy::WidgetContainer::vfunction24
Sexy::Shadow,vftable,0059702c,24,0x60,vfunction25,0046c690,Sexy::ResourceManager::vfunction14
Sexy::Shadow,vftable,0059702c,25,0x64,vfunction26,0046c6a0,Sexy::WidgetContainer::vfunction26
Sexy::Shadow,vftable,0059702c,26,0x68,vfunction27,004e31f0,Sexy::Shadow::vfunction27
Sexy::Shadow,vftable,0059702c,27,0x6c,vfunction28,0046c7f0,Sexy::WidgetContainer::vfunction28
Sexy::Shadow,vftable,0059702c,28,0x70,vfunction29,0046c9c0,Sexy::WidgetContainer::vfunction29
Sexy::Shadow,vftable,0059702c,29,0x74,vfunction30,00486bf0,Sexy::ResourceManager::BaseRes::vfunction2
Sexy::Shadow,vftable,0059702c,30,0x78,vfunction31,00486bf0,Sexy::ResourceManager::BaseRes::vfunction2
Sexy::Shadow,vftable,0059702c,31,0x7c,vfunction32,0046de80,Sexy::Widget::vfunction32
Sexy::Shadow,vftable,0059702c,32,0x80,vfunction33,0046df70,Sexy::Widget::vfunction33
Sexy::Shadow,vftable,0059702c,33,0x84,vfunction34,0046ded0,Sexy::Widget::vfunction34
Sexy::Shadow,vftable,0059702c,34,0x88,vfunction35,0046e010,Sexy::Widget::vfunction35
Sexy::Shadow,vftable,0059702c,35,0x8c,vfunction36,0046e130,Sexy::Widget::vfunction36
Sexy::Shadow,vftable,0059702c,36,0x90,vfunction37,0046e0c0,Sexy::Widget::vfunction37
Sexy::Shadow,vftable,0059702c,37,0x94,vfunction38,0046e270,Sexy::Widget::vfunction38
Sexy::Shadow,vftable,0059702c,38,0x98,vfunction39,0046e370,Sexy::Widget::vfunction39
Sexy::Shadow,vftable,0059702c,39,0x9c,vfunction40,0046e210,Sexy::Widget::vfunction40
Sexy::Shadow,vftable,0059702c,40,0xa0,vfunction41,0046e1b0,Sexy::Widget::vfunction41
Sexy::Shadow,vftable,0059702c,41,0xa4,vfunction42,0046e240,Sexy::Widget::vfunction42
Sexy::Shadow,vftable,0059702c,42,0xa8,vfunction43,0046e260,Sexy::Widget::vfunction43
Sexy::Shadow,vftable,0059702c,43,0xac,vfunction44,0046deb0,Sexy::Widget::vfunction44
Sexy::Shadow,vftable,0059702c,44,0xb0,vfunction45,0046c690,Sexy::ResourceManager::vfunction14
Sexy::Shadow,vftable,0059702c,45,0xb4,vfunction46,0046e2f0,Sexy::Widget::vfunction46
Sexy::Shadow,vftable,0059702c,46,0xb8,vfunction47,0046e300,Sexy::Widget::vfunction47
Sexy::Shadow,vftable,0059702c,47,0xbc,vfunction48,0046c690,Sexy::ResourceManager::vfunction14
Sexy::Shadow,vftable,0059702c,48,0xc0,vfunction49,0046e320,Sexy::Widget::vfunction49
Sexy::Shadow,vftable,0059702c,49,0xc4,vfunction50,0046c690,Sexy::ResourceManager::vfunction14
Sexy::Shadow,vftable,0059702c,50,0xc8,vfunction51,00486bf0,Sexy::ResourceManager::BaseRes::vfunction2
Sexy::Shadow,vftable,0059702c,51,0xcc,vfunction52,00486bf0,Sexy::ResourceManager::BaseRes::vfunction2
Sexy::Shadow,vftable,0059702c,52,0xd0,vfunction53,0046eb50,Sexy::DialogListener::vfunction1
Sexy::Shadow,vftable,0059702c,53,0xd4,vfunction54,0046e400,Sexy::MusicInterface::vfunction13
Sexy::Shadow,vftable,0059702c,54,0xd8,vfunction55,0046e3a0,Sexy::Widget::vfunction55
Sexy::Shadow,vftable,0059702c,55,0xdc,vfunction56,0046e400,Sexy::MusicInterface::vfunction13
Sexy::Shadow,vftable,0059702c,56,0xe0,vfunction57,0046e410,Sexy::Widget::vfunction57
Sexy::Shadow,vftable,0059702c,57,0xe4,vfunction58,0046eb50,Sexy::DialogListener::vfunction1
Sexy::Shadow,vftable,0059702c,58,0xe8,vfunction59,0046eb50,Sexy::DialogListener::vfunction1
Sexy::Shadow,vftable,0059702c,59,0xec,vfunction60,0046c690,Sexy::ResourceManager::vfunction14
Sexy::Shadow,vftable,0059702c,60,0xf0,vfunction61,0046de70,Sexy::Widget::vfunction61
Sexy::Shadow,vftable,0059702c,61,0xf4,vfunction62,0046e500,Sexy::Widget::vfunction62
Sexy::Shadow,vftable,0059702c,62,0xf8,vfunction63,0046e480,Sexy::Widget::vfunction63
Sexy::Shadow,vftable,0059702c,63,0xfc,vfunction64,0046e620,Sexy::Widget::vfunction64
Sexy::Shadow,vftable,0059702c,64,0x100,vfunction65,0046e670,Sexy::Widget::vfunction65
Sexy::Shadow,vftable,0059702c,65,0x104,vfunction66,0046e6b0,Sexy::Widget::vfunction66
Sexy::Shadow,vftable,0059702c,66,0x108,vfunction67,0046e6d0,Sexy::Widget::vfunction67
Sexy::Shadow,vftable,0059702c,67,0x10c,vfunction68,0046e700,Sexy::Widget::vfunction68
Sexy::Shadow,vftable,0059702c,68,0x110,vfunction69,0046e800,Sexy::Widget::vfunction69
Sexy::Shadow,vftable,0059702c,69,0x114,vfunction70,0046e840,Sexy::Widget::vfunction70
Sexy::Shadow,vftable,0059702c,70,0x118,vfunction71,0051a440,Sexy::ListListener::vfunction2
Sexy::Shadow,vftable,0059702c,71,0x11c,vfunction72,004e9df0,Sexy::GameObject::vfunction72
Sexy::Shadow,vftable,0059702c,72,0x120,vfunction73,004d68d0,Sexy::GameObject::vfunction73
Sexy::Shadow,vftable,0059702c,73,0x124,vfunction74,0051a440,Sexy::ListListener::vfunction2
Sexy::Shadow,vftable,0059702c,74,0x128,vfunction75,004d90e0,Sexy::Shadow::vfunction75
Sexy::Shadow,vftable,0059702c,75,0x12c,vfunction76,004d9080,thunk 004ec4e0 -> Sexy::Shadow::vfunction76
Sexy::Shadow,vftable,0059702c,76,0x130,vfunction77,00519120,Sexy::CheckboxListener::vfunction1
Sexy::Shadow,vftable,0059702c,77,0x134,vfunction78,0051a440,Sexy::ListListener::vfunction2
Sexy::Shadow,vftable,0059702c,78,0x138,vfunction79,004e9e00,Sexy::GameObject::vfunction75
Sexy::Shadow,vftable,0059702c,79,0x13c,vfunction80,00519120,Sexy::CheckboxListener::vfunction1
Sexy::Shadow,vftable,0059702c,80,0x140,vfunction81,004d9030,Sexy::Shadow::vfunction81
Sexy::Shot,vftable,00597174,0,0x0,vfunction1,004f0180,Sexy::Food::deleting_destructor
Sexy::Shot,vftable,00597174,1,0x4,vfunction2,0046b5b0,Sexy::WidgetContainer::vfunction2
Sexy::Shot,vftable,00597174,2,0x8,vfunction3,0046b5d0,Sexy::WidgetContainer::vfunction3
Sexy::Shot,vftable,00597174,3,0xc,vfunction4,0046b640,Sexy::WidgetContainer::vfunction4
Sexy::Shot,vftable,00597174,4,0x10,vfunction5,0046b760,Sexy::WidgetContainer::vfunction5
Sexy::Shot,vftable,00597174,5,0x14,vfunction6,0046b700,Sexy::WidgetContainer::vfunction6
Sexy::Shot,vftable,00597174,6,0x18,vfunction7,0046c690,Sexy::ResourceManager::vfunction14
Sexy::Shot,vftable,00597174,7,0x1c,vfunction8,0046b550,Sexy::WidgetContainer::vfunction8
Sexy::Shot,vftable,00597174,8,0x20,vfunction9,0046c690,Sexy::ResourceManager::vfunction14
Sexy::Shot,vftable,00597174,9,0x24,vfunction10,0046ba90,Sexy::WidgetContainer::vfunction10
Sexy::Shot,vftable,00597174,10,0x28,vfunction11,0046bab0,Sexy::WidgetContainer::vfunction11
Sexy::Shot,vftable,00597174,11,0x2c,vfunction12,0046bc50,Sexy::WidgetContainer::vfunction12
Sexy::Shot,vftable,00597174,12,0x30,vfunction13,0046bd20,Sexy::WidgetContainer::vfunction13
Sexy::Shot,vftable,00597174,13,0x34,vfunction14,0046bdf0,Sexy::WidgetContainer::vfunction14
Sexy::Shot,vftable,00597174,14,0x38,vfunction15,0046bf00,Sexy::WidgetContainer::vfunction15
Sexy::Shot,vftable,00597174,15,0x3c,vfunction16,0046c030,Sexy::WidgetContainer::vfunction16
Sexy::Shot,vftable,00597174,16,0x40,vfunction17,0046c430,Sexy::WidgetContainer::vfunction17
Sexy::Shot,vftable,00597174,17,0x44,vfunction18,0046c180,Sexy::WidgetContainer::vfunction18
Sexy::Shot,vftable,00597174,18,0x48,vfunction19,0046c1c0,Sexy::WidgetContainer::vfunction19
Sexy::Shot,vftable,00597174,19,0x4c,vfunction20,0046c1a0,Sexy::WidgetContainer::vfunction20
Sexy::Shot,vftable,00597174,20,0x50,vfunction21,0046c090,Sexy::WidgetContainer::vfunction21
Sexy::Shot,vftable,00597174,21,0x54,vfunction22,0046c100,Sexy::WidgetContainer::vfunction22
Sexy::Shot,vftable,00597174,22,0x58,vfunction23,004f3d90,Sexy::Shot::vfunction23
Sexy::Shot,vftable,00597174,23,0x5c,vfunction24,0046c500,Sexy::WidgetContainer::vfunction24
Sexy::Shot,vftable,00597174,24,0x60,vfunction25,0046c690,Sexy::ResourceManager::vfunction14
Sexy::Shot,vftable,00597174,25,0x64,vfunction26,0046c6a0,Sexy::WidgetContainer::vfunction26
Sexy::Shot,vftable,00597174,26,0x68,vfunction27,004d9340,Sexy::Shot::vfunction27
Sexy::Shot,vftable,00597174,27,0x6c,vfunction28,0046c7f0,Sexy::WidgetContainer::vfunction28
Sexy::Shot,vftable,00597174,28,0x70,vfunction29,0046c9c0,Sexy::WidgetContainer::vfunction29
Sexy::Shot,vftable,00597174,29,0x74,vfunction30,00486bf0,Sexy::ResourceManager::BaseRes::vfunction2
Sexy::Shot,vftable,00597174,30,0x78,vfunction31,00486bf0,Sexy::ResourceManager::BaseRes::vfunction2
Sexy::Shot,vftable,00597174,31,0x7c,vfunction32,0046de80,Sexy::Widget::vfunction32
Sexy::Shot,vftable,00597174,32,0x80,vfunction33,0046df70,Sexy::Widget::vfunction33
Sexy::Shot,vftable,00597174,33,0x84,vfunction34,0046ded0,Sexy::Widget::vfunction34
Sexy::Shot,vftable,00597174,34,0x88,vfunction35,0046e010,Sexy::Widget::vfunction35
Sexy::Shot,vftable,00597174,35,0x8c,vfunction36,0046e130,Sexy::Widget::vfunction36
Sexy::Shot,vftable,00597174,36,0x90,vfunction37,0046e0c0,Sexy::Widget::vfunction37
Sexy::Shot,vftable,00597174,37,0x94,vfunction38,0046e270,Sexy::Widget::vfunction38
Sexy::Shot,vftable,00597174,38,0x98,vfunction39,0046e370,Sexy::Widget::vfunction39
Sexy::Shot,vftable,00597174,39,0x9c,vfunction40,0046e210,Sexy::Widget::vfunction40
Sexy::Shot,vftable,00597174,40,0xa0,vfunction41,0046e1b0,Sexy::Widget::vfunction41
Sexy::Shot,vftable,00597174,41,0xa4,vfunction42,0046e240,Sexy::Widget::vfunction42
Sexy::Shot,vftable,00597174,42,0xa8,vfunction43,0046e260,Sexy::Widget::vfunction43
Sexy::Shot,vftable,00597174,43,0xac,vfunction44,0046deb0,Sexy::Widget::vfunction44
Sexy::Shot,vftable,00597174,44,0xb0,vfunction45,0046c690,Sexy::ResourceManager::vfunction14
Sexy::Shot,vftable,00597174,45,0xb4,vfunction46,0046e2f0,Sexy::Widget::vfunction46
Sexy::Shot,vftable,00597174,46,0xb8,vfunction47,0046e300,Sexy::Widget::vfunction47
Sexy::Shot,vftable,00597174,47,0xbc,vfunction48,0046c690,Sexy::ResourceManager::vfunction14
Sexy::Shot,vftable,00597174,48,0xc0,vfunction49,0046e320,Sexy::Widget::vfunction49
Sexy::Shot,vftable,00597174,49,0xc4,vfunction50,0046c690,Sexy::ResourceManager::vfunction14
Sexy::Shot,vftable,00597174,50,0xc8,vfunction51,00486bf0,Sexy::ResourceManager::BaseRes::vfunction2
Sexy::Shot,vftable,00597174,51,0xcc,vfunction52,00486bf0,Sexy::ResourceManager::BaseRes::vfunction2
Sexy::Shot,vftable,00597174,52,0xd0,vfunction53,0046eb50,Sexy::DialogListener::vfunction1
Sexy::Shot,vftable,00597174,53,0xd4,vfunction54,0046e400,Sexy::MusicInterface::vfunction13
Sexy::Shot,vftable,00597174,54,0xd8,vfunction55,0046e3a0,Sexy::Widget::vfunction55
Sexy::Shot,vftable,00597174,55,0xdc,vfunction56,0046e400,Sexy::MusicInterface::vfunction13
Sexy::Shot,vftable,00597174,56,0xe0,vfunction57,0046e410,Sexy::Widget::vfunction57
Sexy::Shot,vftable,00597174,57,0xe4,vfunction58,0046eb50,Sexy::DialogListener::vfunction1
Sexy::Shot,vftable,00597174,58,0xe8,vfunction59,0046eb50,Sexy::DialogListener::vfunction1
Sexy::Shot,vftable,00597174,59,0xec,vfunction60,0046c690,Sexy::ResourceManager::vfunction14
Sexy::Shot,vftable,00597174,60,0xf0,vfunction61,0046de70,Sexy::Widget::vfunction61
Sexy::Shot,vftable,00597174,61,0xf4,vfunction62,0046e500,Sexy::Widget::vfunction62
Sexy::Shot,vftable,00597174,62,0xf8,vfunction63,0046e480,Sexy::Widget::vfunction63
Sexy::Shot,vftable,00597174,63,0xfc,vfunction64,0046e620,Sexy::Widget::vfunction64
Sexy::Shot,vftable,00597174,64,0x100,vfunction65,0046e670,Sexy::Widget::vfunction65
Sexy::Shot,vftable,00597174,65,0x104,vfunction66,0046e6b0,Sexy::Widget::vfunction66
Sexy::Shot,vftable,00597174,66,0x108,vfunction67,0046e6d0,Sexy::Widget::vfunction67
Sexy::Shot,vftable,00597174,67,0x10c,vfunction68,0046e700,Sexy::Widget::vfunction68
Sexy::Shot,vftable,00597174,68,0x110,vfunction69,0046e800,Sexy::Widget::vfunction69
Sexy::Shot,vftable,00597174,69,0x114,vfunction70,0046e840,Sexy::Widget::vfunction70
Sexy::Shot,vftable,00597174,70,0x118,vfunction71,0051a440,Sexy::ListListener::vfunction2
Sexy::Shot,vftable,00597174,71,0x11c,vfunction72,004e9df0,Sexy::GameObject::vfunction72
Sexy::Shot,vftable,00597174,72,0x120,vfunction73,004d68d0,Sexy::GameObject::vfunction73
Sexy::Shot,vftable,00597174,73,0x124,vfunction74,0051a440,Sexy::ListListener::vfunction2
Sexy::Shot,vftable,00597174,74,0x128,vfunction75,004e9e00,Sexy::GameObject::vfunction75
Sexy::Shot,vftable,00597174,75,0x12c,vfunction76,004d9570,thunk 004ec5f0 -> Sexy::Larva::vfunction76
Sexy::Shot,vftable,00597174,76,0x130,vfunction77,00519120,Sexy::CheckboxListener::vfunction1
Sexy::Shot,vftable,00597174,77,0x134,vfunction78,0051a440,Sexy::ListListener::vfunction2
Sexy::Shot,vftable,00597174,78,0x138,vfunction79,004e9e00,Sexy::GameObject::vfunction75
Sexy::Shot,vftable,00597174,79,0x13c,vfunction80,00519120,Sexy::CheckboxListener::vfunction1
Sexy::Shot,vftable,00597174,80,0x140,vfunction81,004d9100,Sexy::Shot::vfunction81
Sexy::Warp,vftable,005972c4,0,0x0,vfunction1,004f0180,Sexy::Food::deleting_destructor
Sexy::Warp,vftable,005972c4,1,0x4,vfunction2,0046b5b0,Sexy::WidgetContainer::vfunction2
Sexy::Warp,vftable,005972c4,2,0x8,vfunction3,0046b5d0,Sexy::WidgetContainer::vfunction3
Sexy::Warp,vftable,005972c4,3,0xc,vfunction4,0046b640,Sexy::WidgetContainer::vfunction4
Sexy::Warp,vftable,005972c4,4,0x10,vfunction5,0046b760,Sexy::WidgetContainer::vfunction5
Sexy::Warp,vftable,005972c4,5,0x14,vfunction6,0046b700,Sexy::WidgetContainer::vfunction6
Sexy::Warp,vftable,005972c4,6,0x18,vfunction7,0046c690,Sexy::ResourceManager::vfunction14
Sexy::Warp,vftable,005972c4,7,0x1c,vfunction8,0046b550,Sexy::WidgetContainer::vfunction8
Sexy::Warp,vftable,005972c4,8,0x20,vfunction9,0046c690,Sexy::ResourceManager::vfunction14
Sexy::Warp,vftable,005972c4,9,0x24,vfunction10,0046ba90,Sexy::WidgetContainer::vfunction10
Sexy::Warp,vftable,005972c4,10,0x28,vfunction11,0046bab0,Sexy::WidgetContainer::vfunction11
Sexy::Warp,vftable,005972c4,11,0x2c,vfunction12,0046bc50,Sexy::WidgetContainer::vfunction12
Sexy::Warp,vftable,005972c4,12,0x30,vfunction13,0046bd20,Sexy::WidgetContainer::vfunction13
Sexy::Warp,vftable,005972c4,13,0x34,vfunction14,0046bdf0,Sexy::WidgetContainer::vfunction14
Sexy::Warp,vftable,005972c4,14,0x38,vfunction15,0046bf00,Sexy::WidgetContainer::vfunction15
Sexy::Warp,vftable,005972c4,15,0x3c,vfunction16,0046c030,Sexy::WidgetContainer::vfunction16
Sexy::Warp,vftable,005972c4,16,0x40,vfunction17,0046c430,Sexy::WidgetContainer::vfunction17
Sexy::Warp,vftable,005972c4,17,0x44,vfunction18,0046c180,Sexy::WidgetContainer::vfunction18
Sexy::Warp,vftable,005972c4,18,0x48,vfunction19,0046c1c0,Sexy::WidgetContainer::vfunction19
Sexy::Warp,vftable,005972c4,19,0x4c,vfunction20,0046c1a0,Sexy::WidgetContainer::vfunction20
Sexy::Warp,vftable,005972c4,20,0x50,vfunction21,0046c090,Sexy::WidgetContainer::vfunction21
Sexy::Warp,vftable,005972c4,21,0x54,vfunction22,0046c100,Sexy::WidgetContainer::vfunction22
Sexy::Warp,vftable,005972c4,22,0x58,vfunction23,004f3e70,Sexy::Warp::vfunction23
Sexy::Warp,vftable,005972c4,23,0x5c,vfunction24,0046c500,Sexy::WidgetContainer::vfunction24
Sexy::Warp,vftable,005972c4,24,0x60,vfunction25,0046c690,Sexy::ResourceManager::vfunction14
Sexy::Warp,vftable,005972c4,25,0x64,vfunction26,0046c6a0,Sexy::WidgetContainer::vfunction26
Sexy::Warp,vftable,005972c4,26,0x68,vfunction27,004da690,Sexy::Warp::vfunction27
Sexy::Warp,vftable,005972c4,27,0x6c,vfunction28,0046c7f0,Sexy::WidgetContainer::vfunction28
Sexy::Warp,vftable,005972c4,28,0x70,vfunction29,0046c9c0,Sexy::WidgetContainer::vfunction29
Sexy::Warp,vftable,005972c4,29,0x74,vfunction30,00486bf0,Sexy::ResourceManager::BaseRes::vfunction2
Sexy::Warp,vftable,005972c4,30,0x78,vfunction31,00486bf0,Sexy::ResourceManager::BaseRes::vfunction2
Sexy::Warp,vftable,005972c4,31,0x7c,vfunction32,0046de80,Sexy::Widget::vfunction32
Sexy::Warp,vftable,005972c4,32,0x80,vfunction33,0046df70,Sexy::Widget::vfunction33
Sexy::Warp,vftable,005972c4,33,0x84,vfunction34,0046ded0,Sexy::Widget::vfunction34
Sexy::Warp,vftable,005972c4,34,0x88,vfunction35,0046e010,Sexy::Widget::vfunction35
Sexy::Warp,vftable,005972c4,35,0x8c,vfunction36,0046e130,Sexy::Widget::vfunction36
Sexy::Warp,vftable,005972c4,36,0x90,vfunction37,0046e0c0,Sexy::Widget::vfunction37
Sexy::Warp,vftable,005972c4,37,0x94,vfunction38,0046e270,Sexy::Widget::vfunction38
Sexy::Warp,vftable,005972c4,38,0x98,vfunction39,0046e370,Sexy::Widget::vfunction39
Sexy::Warp,vftable,005972c4,39,0x9c,vfunction40,0046e210,Sexy::Widget::vfunction40
Sexy::Warp,vftable,005972c4,40,0xa0,vfunction41,0046e1b0,Sexy::Widget::vfunction41
Sexy::Warp,vftable,005972c4,41,0xa4,vfunction42,0046e240,Sexy::Widget::vfunction42
Sexy::Warp,vftable,005972c4,42,0xa8,vfunction43,0046e260,Sexy::Widget::vfunction43
Sexy::Warp,vftable,005972c4,43,0xac,vfunction44,0046deb0,Sexy::Widget::vfunction44
Sexy::Warp,vftable,005972c4,44,0xb0,vfunction45,0046c690,Sexy::ResourceManager::vfunction14
Sexy::Warp,vftable,005972c4,45,0xb4,vfunction46,0046e2f0,Sexy::Widget::vfunction46
Sexy::Warp,vftable,005972c4,46,0xb8,vfunction47,0046e300,Sexy::Widget::vfunction47
Sexy::Warp,vftable,005972c4,47,0xbc,vfunction48,0046c690,Sexy::ResourceManager::vfunction14
Sexy::Warp,vftable,005972c4,48,0xc0,vfunction49,0046e320,Sexy::Widget::vfunction49
Sexy::Warp,vftable,005972c4,49,0xc4,vfunction50,0046c690,Sexy::ResourceManager::vfunction14
Sexy::Warp,vftable,005972c4,50,0xc8,vfunction51,00486bf0,Sexy::ResourceManager::BaseRes::vfunction2
Sexy::Warp,vftable,005972c4,51,0xcc,vfunction52,00486bf0,Sexy::ResourceManager::BaseRes::vfunction2
Sexy::Warp,vftable,005972c4,52,0xd0,vfunction53,0046eb50,Sexy::DialogListener::vfunction1
Sexy::Warp,vftable,005972c4,53,0xd4,vfunction54,0046e400,Sexy::MusicInterface::vfunction13
Sexy::Warp,vftable,005972c4,54,0xd8,vfunction55,0046e3a0,Sexy::Widget::vfunction55
Sexy::Warp,vftable,005972c4,55,0xdc,vfunction56,0046e400,Sexy::MusicInterface::vfunction13
Sexy::Warp,vftable,005972c4,56,0xe0,vfunction57,0046e410,Sexy::Widget::vfunction57
Sexy::Warp,vftable,005972c4,57,0xe4,vfunction58,0046eb50,Sexy::DialogListener::vfunction1
Sexy::Warp,vftable,005972c4,58,0xe8,vfunction59,0046eb50,Sexy::DialogListener::vfunction1
Sexy::Warp,vftable,005972c4,59,0xec,vfunction60,0046c690,Sexy::ResourceManager::vfunction14
Sexy::Warp,vftable,005972c4,60,0xf0,vfunction61,0046de70,Sexy::Widget::vfunction61
Sexy::Warp,vftable,005972c4,61,0xf4,vfunction62,0046e500,Sexy::Widget::vfunction62
Sexy::Warp,vftable,005972c4,62,0xf8,vfunction63,0046e480,Sexy::Widget::vfunction63
Sexy::Warp,vftable,005972c4,63,0xfc,vfunction64,0046e620,Sexy::Widget::vfunction64
Sexy::Warp,vftable,005972c4,64,0x100,vfunction65,0046e670,Sexy::Widget::vfunction65
Sexy::Warp,vftable,005972c4,65,0x104,vfunction66,0046e6b0,Sexy::Widget::vfunction66
Sexy::Warp,vftable,005972c4,66,0x108,vfunction67,0046e6d0,Sexy::Widget::vfunction67
Sexy::Warp,vftable,005972c4,67,0x10c,vfunction68,0046e700,Sexy::Widget::vfunction68
Sexy::Warp,vftable,005972c4,68,0x110,vfunction69,0046e800,Sexy::Widget::vfunction69
Sexy::Warp,vftable,005972c4,69,0x114,vfunction70,0046e840,Sexy::Widget::vfunction70
Sexy::Warp,vftable,005972c4,70,0x118,vfunction71,0051a440,Sexy::ListListener::vfunction2
Sexy::Warp,vftable,005972c4,71,0x11c,vfunction72,004e9df0,Sexy::GameObject::vfunction72
Sexy::Warp,vftable,005972c4,72,0x120,vfunction73,004d68d0,Sexy::GameObject::vfunction73
Sexy::Warp,vftable,005972c4,73,0x124,vfunction74,0051a440,Sexy::ListListener::vfunction2
Sexy::Warp,vftable,005972c4,74,0x128,vfunction75,004e9e00,Sexy::GameObject::vfunction75
Sexy::Warp,vftable,005972c4,75,0x12c,vfunction76,004e9e00,Sexy::GameObject::vfunction75
Sexy::Warp,vftable,005972c4,76,0x130,vfunction77,00519120,Sexy::CheckboxListener::vfunction1
Sexy::Warp,vftable,005972c4,77,0x134,vfunction78,0051a440,Sexy::ListListener::vfunction2
Sexy::Warp,vftable,005972c4,78,0x138,vfunction79,004e9e00,Sexy::GameObject::vfunction75
Sexy::Warp,vftable,005972c4,79,0x13c,vfunction80,00519120,Sexy::CheckboxListener::vfunction1
Sexy::Warp,vftable,005972c4,80,0x140,vfunction81,004da660,Sexy::Warp::vfunction81
Sexy::Alien,vftable,0059740c,0,0x0,vfunction1,004f0180,Sexy::Food::deleting_destructor
Sexy::Alien,vftable,0059740c,1,0x4,vfunction2,0046b5b0,Sexy::WidgetContainer::vfunction2
Sexy::Alien,vftable,0059740c,2,0x8,vfunction3,0046b5d0,Sexy::WidgetContainer::vfunction3
Sexy::Alien,vftable,0059740c,3,0xc,vfunction4,0046b640,Sexy::WidgetContainer::vfunction4
Sexy::Alien,vftable,0059740c,4,0x10,vfunction5,0046b760,Sexy::WidgetContainer::vfunction5
Sexy::Alien,vftable,0059740c,5,0x14,vfunction6,0046b700,Sexy::WidgetContainer::vfunction6
Sexy::Alien,vftable,0059740c,6,0x18,vfunction7,0046c690,Sexy::ResourceManager::vfunction14
Sexy::Alien,vftable,0059740c,7,0x1c,vfunction8,0046b550,Sexy::WidgetContainer::vfunction8
Sexy::Alien,vftable,0059740c,8,0x20,vfunction9,0046c690,Sexy::ResourceManager::vfunction14
Sexy::Alien,vftable,0059740c,9,0x24,vfunction10,0046ba90,Sexy::WidgetContainer::vfunction10
Sexy::Alien,vftable,0059740c,10,0x28,vfunction11,0046bab0,Sexy::WidgetContainer::vfunction11
Sexy::Alien,vftable,0059740c,11,0x2c,vfunction12,0046bc50,Sexy::WidgetContainer::vfunction12
Sexy::Alien,vftable,0059740c,12,0x30,vfunction13,0046bd20,Sexy::WidgetContainer::vfunction13
Sexy::Alien,vftable,0059740c,13,0x34,vfunction14,0046bdf0,Sexy::WidgetContainer::vfunction14
Sexy::Alien,vftable,0059740c,14,0x38,vfunction15,0046bf00,Sexy::WidgetContainer::vfunction15
Sexy::Alien,vftable,0059740c,15,0x3c,vfunction16,0046c030,Sexy::WidgetContainer::vfunction16
Sexy::Alien,vftable,0059740c,16,0x40,vfunction17,0046c430,Sexy::WidgetContainer::vfunction17
Sexy::Alien,vftable,0059740c,17,0x44,vfunction18,0046c180,Sexy::WidgetContainer::vfunction18
Sexy::Alien,vftable,0059740c,18,0x48,vfunction19,0046c1c0,Sexy::WidgetContainer::vfunction19
Sexy::Alien,vftable,0059740c,19,0x4c,vfunction20,0046c1a0,Sexy::WidgetContainer::vfunction20
Sexy::Alien,vftable,0059740c,20,0x50,vfunction21,0046c090,Sexy::WidgetContainer::vfunction21
Sexy::Alien,vftable,0059740c,21,0x54,vfunction22,0046c100,Sexy::WidgetContainer::vfunction22
Sexy::Alien,vftable,0059740c,22,0x58,vfunction23,004fd560,Sexy::Alien::vfunction23
Sexy::Alien,vftable,0059740c,23,0x5c,vfunction24,0046c500,Sexy::WidgetContainer::vfunction24
Sexy::Alien,vftable,0059740c,24,0x60,vfunction25,0046c690,Sexy::ResourceManager::vfunction14
Sexy::Alien,vftable,0059740c,25,0x64,vfunction26,0046c6a0,Sexy::WidgetContainer::vfunction26
Sexy::Alien,vftable,0059740c,26,0x68,vfunction27,004db210,Sexy::Alien::vfunction27
Sexy::Alien,vftable,0059740c,27,0x6c,vfunction28,0046c7f0,Sexy::WidgetContainer::vfunction28
Sexy::Alien,vftable,0059740c,28,0x70,vfunction29,0046c9c0,Sexy::WidgetContainer::vfunction29
Sexy::Alien,vftable,0059740c,29,0x74,vfunction30,00486bf0,Sexy::ResourceManager::BaseRes::vfunction2
Sexy::Alien,vftable,0059740c,30,0x78,vfunction31,00486bf0,Sexy::ResourceManager::BaseRes::vfunction2
Sexy::Alien,vftable,0059740c,31,0x7c,vfunction32,0046de80,Sexy::Widget::vfunction32
Sexy::Alien,vftable,0059740c,32,0x80,vfunction33,0046df70,Sexy::Widget::vfunction33
Sexy::Alien,vftable,0059740c,33,0x84,vfunction34,0046ded0,Sexy::Widget::vfunction34
Sexy::Alien,vftable,0059740c,34,0x88,vfunction35,0046e010,Sexy::Widget::vfunction35
Sexy::Alien,vftable,0059740c,35,0x8c,vfunction36,0046e130,Sexy::Widget::vfunction36
Sexy::Alien,vftable,0059740c,36,0x90,vfunction37,0046e0c0,Sexy::Widget::vfunction37
Sexy::Alien,vftable,0059740c,37,0x94,vfunction38,0046e270,Sexy::Widget::vfunction38
Sexy::Alien,vftable,0059740c,38,0x98,vfunction39,0046e370,Sexy::Widget::vfunction39
Sexy::Alien,vftable,0059740c,39,0x9c,vfunction40,0046e210,Sexy::Widget::vfunction40
Sexy::Alien,vftable,0059740c,40,0xa0,vfunction41,0046e1b0,Sexy::Widget::vfunction41
Sexy::Alien,vftable,0059740c,41,0xa4,vfunction42,0046e240,Sexy::Widget::vfunction42
Sexy::Alien,vftable,0059740c,42,0xa8,vfunction43,0046e260,Sexy::Widget::vfunction43
Sexy::Alien,vftable,0059740c,43,0xac,vfunction44,0046deb0,Sexy::Widget::vfunction44
Sexy::Alien,vftable,0059740c,44,0xb0,vfunction45,0046c690,Sexy::ResourceManager::vfunction14
Sexy::Alien,vftable,0059740c,45,0xb4,vfunction46,0046e2f0,Sexy::Widget::vfunction46
Sexy::Alien,vftable,0059740c,46,0xb8,vfunction47,0046e300,Sexy::Widget::vfunction47
Sexy::Alien,vftable,0059740c,47,0xbc,vfunction48,0046c690,Sexy::ResourceManager::vfunction14
Sexy::Alien,vftable,0059740c,48,0xc0,vfunction49,0046e320,Sexy::Widget::vfunction49
Sexy::Alien,vftable,0059740c,49,0xc4,vfunction50,0046c690,Sexy::ResourceManager::vfunction14
Sexy::Alien,vftable,0059740c,50,0xc8,vfunction51,00486bf0,Sexy::ResourceManager::BaseRes::vfunction2
Sexy::Alien,vftable,0059740c,51,0xcc,vfunction52,00486bf0,Sexy::ResourceManager::BaseRes::vfunction2
Sexy::Alien,vftable,0059740c,52,0xd0,vfunction53,0046eb50,Sexy::DialogListener::vfunction1
Sexy::Alien,vftable,0059740c,53,0xd4,vfunction54,0046e400,Sexy::MusicInterface::vfunction13
Sexy::Alien,vftable,0059740c,54,0xd8,vfunction55,0046e3a0,Sexy::Widget::vfunction55
Sexy::Alien,vftable,0059740c,55,0xdc,vfunction56,0046e400,Sexy::MusicInterface::vfunction13
Sexy::Alien,vftable,0059740c,56,0xe0,vfunction57,0046e410,Sexy::Widget::vfunction57
Sexy::Alien,vftable,0059740c,57,0xe4,vfunction58,0046eb50,Sexy::DialogListener::vfunction1
Sexy::Alien,vftable,0059740c,58,0xe8,vfunction59,0046eb50,Sexy::DialogListener::vfunction1
Sexy::Alien,vftable,0059740c,59,0xec,vfunction60,0046c690,Sexy::ResourceManager::vfunction14
Sexy::Alien,vftable,0059740c,60,0xf0,vfunction61,0046de70,Sexy::Widget::vfunction61
Sexy::Alien,vftable,0059740c,61,0xf4,vfunction62,0046e500,Sexy::Widget::vfunction62
Sexy::Alien,vftable,0059740c,62,0xf8,vfunction63,0046e480,Sexy::Widget::vfunction63
Sexy::Alien,vftable,0059740c,63,0xfc,vfunction64,0046e620,Sexy::Widget::vfunction64
Sexy::Alien,vftable,0059740c,64,0x100,vfunction65,0046e670,Sexy::Widget::vfunction65
Sexy::Alien,vftable,0059740c,65,0x104,vfunction66,0046e6b0,Sexy::Widget::vfunction66
Sexy::Alien,vftable,0059740c,66,0x108,vfunction67,0046e6d0,Sexy::Widget::vfunction67
Sexy::Alien,vftable,0059740c,67,0x10c,vfunction68,0046e700,Sexy::Widget::vfunction68
Sexy::Alien,vftable,0059740c,68,0x110,vfunction69,0046e800,Sexy::Widget::vfunction69
Sexy::Alien,vftable,0059740c,69,0x114,vfunction70,0046e840,Sexy::Widget::vfunction70
Sexy::Alien,vftable,0059740c,70,0x118,vfunction71,004d4540,Sexy::Alien::vfunction71
Sexy::Alien,vftable,0059740c,71,0x11c,vfunction72,004e9df0,Sexy::GameObject::vfunction72
Sexy::Alien,vftable,0059740c,72,0x120,vfunction73,004d68d0,Sexy::GameObject::vfunction73
Sexy::Alien,vftable,0059740c,73,0x124,vfunction74,0051a440,Sexy::ListListener::vfunction2
Sexy::Alien,vftable,0059740c,74,0x128,vfunction75,004fae00,Sexy::Alien::vfunction75
Sexy::Alien,vftable,0059740c,75,0x12c,vfunction76,004fd550,Sexy::Alien::vfunction76
Sexy::Alien,vftable,0059740c,76,0x130,vfunction77,00519120,Sexy::CheckboxListener::vfunction1
Sexy::Alien,vftable,0059740c,77,0x134,vfunction78,004d45a0,Sexy::Alien::vfunction78
Sexy::Alien,vftable,0059740c,78,0x138,vfunction79,004e9e00,Sexy::GameObject::vfunction75
Sexy::Alien,vftable,0059740c,79,0x13c,vfunction80,00519120,Sexy::CheckboxListener::vfunction1
Sexy::Alien,vftable,0059740c,80,0x140,vfunction81,004da830,Sexy::Alien::vfunction81
Sexy::BilaterusBone,vftable,0059757c,0,0x0,vfunction1,004f0180,Sexy::Food::deleting_destructor
Sexy::BilaterusBone,vftable,0059757c,1,0x4,vfunction2,0046b5b0,Sexy::WidgetContainer::vfunction2
Sexy::BilaterusBone,vftable,0059757c,2,0x8,vfunction3,0046b5d0,Sexy::WidgetContainer::vfunction3
Sexy::BilaterusBone,vftable,0059757c,3,0xc,vfunction4,0046b640,Sexy::WidgetContainer::vfunction4
Sexy::BilaterusBone,vftable,0059757c,4,0x10,vfunction5,0046b760,Sexy::WidgetContainer::vfunction5
Sexy::BilaterusBone,vftable,0059757c,5,0x14,vfunction6,0046b700,Sexy::WidgetContainer::vfunction6
Sexy::BilaterusBone,vftable,0059757c,6,0x18,vfunction7,0046c690,Sexy::ResourceManager::vfunction14
Sexy::BilaterusBone,vftable,0059757c,7,0x1c,vfunction8,0046b550,Sexy::WidgetContainer::vfunction8
Sexy::BilaterusBone,vftable,0059757c,8,0x20,vfunction9,0046c690,Sexy::ResourceManager::vfunction14
Sexy::BilaterusBone,vftable,0059757c,9,0x24,vfunction10,0046ba90,Sexy::WidgetContainer::vfunction10
Sexy::BilaterusBone,vftable,0059757c,10,0x28,vfunction11,0046bab0,Sexy::WidgetContainer::vfunction11
Sexy::BilaterusBone,vftable,0059757c,11,0x2c,vfunction12,0046bc50,Sexy::WidgetContainer::vfunction12
Sexy::BilaterusBone,vftable,0059757c,12,0x30,vfunction13,0046bd20,Sexy::WidgetContainer::vfunction13
Sexy::BilaterusBone,vftable,0059757c,13,0x34,vfunction14,0046bdf0,Sexy::WidgetContainer::vfunction14
Sexy::BilaterusBone,vftable,0059757c,14,0x38,vfunction15,0046bf00,Sexy::WidgetContainer::vfunction15
Sexy::BilaterusBone,vftable,0059757c,15,0x3c,vfunction16,0046c030,Sexy::WidgetContainer::vfunction16
Sexy::BilaterusBone,vftable,0059757c,16,0x40,vfunction17,0046c430,Sexy::WidgetContainer::vfunction17
Sexy::BilaterusBone,vftable,0059757c,17,0x44,vfunction18,0046c180,Sexy::WidgetContainer::vfunction18
Sexy::BilaterusBone,vftable,0059757c,18,0x48,vfunction19,0046c1c0,Sexy::WidgetContainer::vfunction19
Sexy::BilaterusBone,vftable,0059757c,19,0x4c,vfunction20,0046c1a0,Sexy::WidgetContainer::vfunction20
Sexy::BilaterusBone,vftable,0059757c,20,0x50,vfunction21,0046c090,Sexy::WidgetContainer::vfunction21
Sexy::BilaterusBone,vftable,0059757c,21,0x54,vfunction22,0046c100,Sexy::WidgetContainer::vfunction22
Sexy::BilaterusBone,vftable,0059757c,22,0x58,vfunction23,0046c4f0,thunk 0046e310 -> Sexy::WidgetContainer::vfunction23
Sexy::BilaterusBone,vftable,0059757c,23,0x5c,vfunction24,0046c500,Sexy::WidgetContainer::vfunction24
Sexy::BilaterusBone,vftable,0059757c,24,0x60,vfunction25,0046c690,Sexy::ResourceManager::vfunction14
Sexy::BilaterusBone,vftable,0059757c,25,0x64,vfunction26,0046c6a0,Sexy::WidgetContainer::vfunction26
Sexy::BilaterusBone,vftable,0059757c,26,0x68,vfunction27,004e4220,Sexy::BilaterusBone::vfunction27
Sexy::BilaterusBone,vftable,0059757c,27,0x6c,vfunction28,0046c7f0,Sexy::WidgetContainer::vfunction28
Sexy::BilaterusBone,vftable,0059757c,28,0x70,vfunction29,0046c9c0,Sexy::WidgetContainer::vfunction29
Sexy::BilaterusBone,vftable,0059757c,29,0x74,vfunction30,00486bf0,Sexy::ResourceManager::BaseRes::vfunction2
Sexy::BilaterusBone,vftable,0059757c,30,0x78,vfunction31,00486bf0,Sexy::ResourceManager::BaseRes::vfunction2
Sexy::BilaterusBone,vftable,0059757c,31,0x7c,vfunction32,0046de80,Sexy::Widget::vfunction32
Sexy::BilaterusBone,vftable,0059757c,32,0x80,vfunction33,0046df70,Sexy::Widget::vfunction33
Sexy::BilaterusBone,vftable,0059757c,33,0x84,vfunction34,0046ded0,Sexy::Widget::vfunction34
Sexy::BilaterusBone,vftable,0059757c,34,0x88,vfunction35,0046e010,Sexy::Widget::vfunction35
Sexy::BilaterusBone,vftable,0059757c,35,0x8c,vfunction36,0046e130,Sexy::Widget::vfunction36
Sexy::BilaterusBone,vftable,0059757c,36,0x90,vfunction37,0046e0c0,Sexy::Widget::vfunction37
Sexy::BilaterusBone,vftable,0059757c,37,0x94,vfunction38,0046e270,Sexy::Widget::vfunction38
Sexy::BilaterusBone,vftable,0059757c,38,0x98,vfunction39,0046e370,Sexy::Widget::vfunction39
Sexy::BilaterusBone,vftable,0059757c,39,0x9c,vfunction40,0046e210,Sexy::Widget::vfunction40
Sexy::BilaterusBone,vftable,0059757c,40,0xa0,vfunction41,0046e1b0,Sexy::Widget::vfunction41
Sexy::BilaterusBone,vftable,0059757c,41,0xa4,vfunction42,0046e240,Sexy::Widget::vfunction42
Sexy::BilaterusBone,vftable,0059757c,42,0xa8,vfunction43,0046e260,Sexy::Widget::vfunction43
Sexy::BilaterusBone,vftable,0059757c,43,0xac,vfunction44,0046deb0,Sexy::Widget::vfunction44
Sexy::BilaterusBone,vftable,0059757c,44,0xb0,vfunction45,0046c690,Sexy::ResourceManager::vfunction14
Sexy::BilaterusBone,vftable,0059757c,45,0xb4,vfunction46,0046e2f0,Sexy::Widget::vfunction46
Sexy::BilaterusBone,vftable,0059757c,46,0xb8,vfunction47,0046e300,Sexy::Widget::vfunction47
Sexy::BilaterusBone,vftable,0059757c,47,0xbc,vfunction48,0046c690,Sexy::ResourceManager::vfunction14
Sexy::BilaterusBone,vftable,0059757c,48,0xc0,vfunction49,0046e320,Sexy::Widget::vfunction49
Sexy::BilaterusBone,vftable,0059757c,49,0xc4,vfunction50,0046c690,Sexy::ResourceManager::vfunction14
Sexy::BilaterusBone,vftable,0059757c,50,0xc8,vfunction51,00486bf0,Sexy::ResourceManager::BaseRes::vfunction2
Sexy::BilaterusBone,vftable,0059757c,51,0xcc,vfunction52,00486bf0,Sexy::ResourceManager::BaseRes::vfunction2
Sexy::BilaterusBone,vftable,0059757c,52,0xd0,vfunction53,0046eb50,Sexy::DialogListener::vfunction1
Sexy::BilaterusBone,vftable,0059757c,53,0xd4,vfunction54,0046e400,Sexy::MusicInterface::vfunction13
Sexy::BilaterusBone,vftable,0059757c,54,0xd8,vfunction55,0046e3a0,Sexy::Widget::vfunction55
Sexy::BilaterusBone,vftable,0059757c,55,0xdc,vfunction56,0046e400,Sexy::MusicInterface::vfunction13
Sexy::BilaterusBone,vftable,0059757c,56,0xe0,vfunction57,0046e410,Sexy::Widget::vfunction57
Sexy::BilaterusBone,vftable,0059757c,57,0xe4,vfunction58,0046eb50,Sexy::DialogListener::vfunction1
Sexy::BilaterusBone,vftable,0059757c,58,0xe8,vfunction59,0046eb50,Sexy::DialogListener::vfunction1
Sexy::BilaterusBone,vftable,0059757c,59,0xec,vfunction60,0046c690,Sexy::ResourceManager::vfunction14
Sexy::BilaterusBone,vftable,0059757c,60,0xf0,vfunction61,0046de70,Sexy::Widget::vfunction61
Sexy::BilaterusBone,vftable,0059757c,61,0xf4,vfunction62,0046e500,Sexy::Widget::vfunction62
Sexy::BilaterusBone,vftable,0059757c,62,0xf8,vfunction63,0046e480,Sexy::Widget::vfunction63
Sexy::BilaterusBone,vftable,0059757c,63,0xfc,vfunction64,0046e620,Sexy::Widget::vfunction64
Sexy::BilaterusBone,vftable,0059757c,64,0x100,vfunction65,0046e670,Sexy::Widget::vfunction65
Sexy::BilaterusBone,vftable,0059757c,65,0x104,vfunction66,0046e6b0,Sexy::Widget::vfunction66
Sexy::BilaterusBone,vftable,0059757c,66,0x108,vfunction67,0046e6d0,Sexy::Widget::vfunction67
Sexy::BilaterusBone,vftable,0059757c,67,0x10c,vfunction68,0046e700,Sexy::Widget::vfunction68
Sexy::BilaterusBone,vftable,0059757c,68,0x110,vfunction69,0046e800,Sexy::Widget::vfunction69
Sexy::BilaterusBone,vftable,0059757c,69,0x114,vfunction70,0046e840,Sexy::Widget::vfunction70
Sexy::BilaterusBone,vftable,0059757c,70,0x118,vfunction71,0051a440,Sexy::ListListener::vfunction2
Sexy::BilaterusBone,vftable,0059757c,71,0x11c,vfunction72,004e9df0,Sexy::GameObject::vfunction72
Sexy::BilaterusBone,vftable,0059757c,72,0x120,vfunction73,004d68d0,Sexy::GameObject::vfunction73
Sexy::BilaterusBone,vftable,0059757c,73,0x124,vfunction74,0051a440,Sexy::ListListener::vfunction2
Sexy::BilaterusBone,vftable,0059757c,74,0x128,vfunction75,004e9e00,Sexy::GameObject::vfunction75
Sexy::BilaterusBone,vftable,0059757c,75,0x12c,vfunction76,004e9e00,Sexy::GameObject::vfunction75
Sexy::BilaterusBone,vftable,0059757c,76,0x130,vfunction77,00519120,Sexy::CheckboxListener::vfunction1
Sexy::BilaterusBone,vftable,0059757c,77,0x134,vfunction78,004d5120,Sexy::BilaterusBone::vfunction78
Sexy::BilaterusBone,vftable,0059757c,78,0x138,vfunction79,004e9e00,Sexy::GameObject::vfunction75
Sexy::BilaterusBone,vftable,0059757c,79,0x13c,vfunction80,00519120,Sexy::CheckboxListener::vfunction1
Sexy::BilaterusBone,vftable,0059757c,80,0x140,vfunction81,004dc380,Sexy::BilaterusBone::vfunction81
Sexy::BilaterusHead,vftable,005976cc,0,0x0,vfunction1,004f0180,Sexy::Food::deleting_destructor
Sexy::BilaterusHead,vftable,005976cc,1,0x4,vfunction2,0046b5b0,Sexy::WidgetContainer::vfunction2
Sexy::BilaterusHead,vftable,005976cc,2,0x8,vfunction3,0046b5d0,Sexy::WidgetContainer::vfunction3
Sexy::BilaterusHead,vftable,005976cc,3,0xc,vfunction4,0046b640,Sexy::WidgetContainer::vfunction4
Sexy::BilaterusHead,vftable,005976cc,4,0x10,vfunction5,0046b760,Sexy::WidgetContainer::vfunction5
Sexy::BilaterusHead,vftable,005976cc,5,0x14,vfunction6,0046b700,Sexy::WidgetContainer::vfunction6
Sexy::BilaterusHead,vftable,005976cc,6,0x18,vfunction7,0046c690,Sexy::ResourceManager::vfunction14
Sexy::BilaterusHead,vftable,005976cc,7,0x1c,vfunction8,0046b550,Sexy::WidgetContainer::vfunction8
Sexy::BilaterusHead,vftable,005976cc,8,0x20,vfunction9,0046c690,Sexy::ResourceManager::vfunction14
Sexy::BilaterusHead,vftable,005976cc,9,0x24,vfunction10,0046ba90,Sexy::WidgetContainer::vfunction10
Sexy::BilaterusHead,vftable,005976cc,10,0x28,vfunction11,0046bab0,Sexy::WidgetContainer::vfunction11
Sexy::BilaterusHead,vftable,005976cc,11,0x2c,vfunction12,0046bc50,Sexy::WidgetContainer::vfunction12
Sexy::BilaterusHead,vftable,005976cc,12,0x30,vfunction13,0046bd20,Sexy::WidgetContainer::vfunction13
Sexy::BilaterusHead,vftable,005976cc,13,0x34,vfunction14,0046bdf0,Sexy::WidgetContainer::vfunction14
Sexy::BilaterusHead,vftable,005976cc,14,0x38,vfunction15,0046bf00,Sexy::WidgetContainer::vfunction15
Sexy::BilaterusHead,vftable,005976cc,15,0x3c,vfunction16,0046c030,Sexy::WidgetContainer::vfunction16
Sexy::BilaterusHead,vftable,005976cc,16,0x40,vfunction17,0046c430,Sexy::WidgetContainer::vfunction17
Sexy::BilaterusHead,vftable,005976cc,17,0x44,vfunction18,0046c180,Sexy::WidgetContainer::vfunction18
Sexy::BilaterusHead,vftable,005976cc,18,0x48,vfunction19,0046c1c0,Sexy::WidgetContainer::vfunction19
Sexy::BilaterusHead,vftable,005976cc,19,0x4c,vfunction20,0046c1a0,Sexy::WidgetContainer::vfunction20
Sexy::BilaterusHead,vftable,005976cc,20,0x50,vfunction21,0046c090,Sexy::WidgetContainer::vfunction21
Sexy::BilaterusHead,vftable,005976cc,21,0x54,vfunction22,0046c100,Sexy::WidgetContainer::vfunction22
Sexy::BilaterusHead,vftable,005976cc,22,0x58,vfunction23,0046c4f0,thunk 0046e310 -> Sexy::WidgetContainer::vfunction23
Sexy::BilaterusHead,vftable,005976cc,23,0x5c,vfunction24,0046c500,Sexy::WidgetContainer::vfunction24
Sexy::BilaterusHead,vftable,005976cc,24,0x60,vfunction25,0046c690,Sexy::ResourceManager::vfunction14
Sexy::BilaterusHead,vftable,005976cc,25,0x64,vfunction26,0046c6a0,Sexy::WidgetContainer::vfunction26
Sexy::BilaterusHead,vftable,005976cc,26,0x68,vfunction27,004e50b0,Sexy::BilaterusHead::vfunction27
Sexy::BilaterusHead,vftable,005976cc,27,0x6c,vfunction28,0046c7f0,Sexy::WidgetContainer::vfunction28
Sexy::BilaterusHead,vftable,005976cc,28,0x70,vfunction29,0046c9c0,Sexy::WidgetContainer::vfunction29
Sexy::BilaterusHead,vftable,005976cc,29,0x74,vfunction30,00486bf0,Sexy::ResourceManager::BaseRes::vfunction2
Sexy::BilaterusHead,vftable,005976cc,30,0x78,vfunction31,00486bf0,Sexy::ResourceManager::BaseRes::vfunction2
Sexy::BilaterusHead,vftable,005976cc,31,0x7c,vfunction32,0046de80,Sexy::Widget::vfunction32
Sexy::BilaterusHead,vftable,005976cc,32,0x80,vfunction33,0046df70,Sexy::Widget::vfunction33
Sexy::BilaterusHead,vftable,005976cc,33,0x84,vfunction34,0046ded0,Sexy::Widget::vfunction34
Sexy::BilaterusHead,vftable,005976cc,34,0x88,vfunction35,0046e010,Sexy::Widget::vfunction35
Sexy::BilaterusHead,vftable,005976cc,35,0x8c,vfunction36,0046e130,Sexy::Widget::vfunction36
Sexy::BilaterusHead,vftable,005976cc,36,0x90,vfunction37,0046e0c0,Sexy::Widget::vfunction37
Sexy::BilaterusHead,vftable,005976cc,37,0x94,vfunction38,0046e270,Sexy::Widget::vfunction38
Sexy::BilaterusHead,vftable,005976cc,38,0x98,vfunction39,0046e370,Sexy::Widget::vfunction39
Sexy::BilaterusHead,vftable,005976cc,39,0x9c,vfunction40,0046e210,Sexy::Widget::vfunction40
Sexy::BilaterusHead,vftable,005976cc,40,0xa0,vfunction41,0046e1b0,Sexy::Widget::vfunction41
Sexy::BilaterusHead,vftable,005976cc,41,0xa4,vfunction42,0046e240,Sexy::Widget::vfunction42
Sexy::BilaterusHead,vftable,005976cc,42,0xa8,vfunction43,0046e260,Sexy::Widget::vfunction43
Sexy::BilaterusHead,vftable,005976cc,43,0xac,vfunction44,0046deb0,Sexy::Widget::vfunction44
Sexy::BilaterusHead,vftable,005976cc,44,0xb0,vfunction45,0046c690,Sexy::ResourceManager::vfunction14
Sexy::BilaterusHead,vftable,005976cc,45,0xb4,vfunction46,0046e2f0,Sexy::Widget::vfunction46
Sexy::BilaterusHead,vftable,005976cc,46,0xb8,vfunction47,0046e300,Sexy::Widget::vfunction47
Sexy::BilaterusHead,vftable,005976cc,47,0xbc,vfunction48,0046c690,Sexy::ResourceManager::vfunction14
Sexy::BilaterusHead,vftable,005976cc,48,0xc0,vfunction49,0046e320,Sexy::Widget::vfunction49
Sexy::BilaterusHead,vftable,005976cc,49,0xc4,vfunction50,0046c690,Sexy::ResourceManager::vfunction14
Sexy::BilaterusHead,vftable,005976cc,50,0xc8,vfunction51,00486bf0,Sexy::ResourceManager::BaseRes::vfunction2
Sexy::BilaterusHead,vftable,005976cc,51,0xcc,vfunction52,00486bf0,Sexy::ResourceManager::BaseRes::vfunction2
Sexy::BilaterusHead,vftable,005976cc,52,0xd0,vfunction53,0046eb50,Sexy::DialogListener::vfunction1
Sexy::BilaterusHead,vftable,005976cc,53,0xd4,vfunction54,0046e400,Sexy::MusicInterface::vfunction13
Sexy::BilaterusHead,vftable,005976cc,54,0xd8,vfunction55,0046e3a0,Sexy::Widget::vfunction55
Sexy::BilaterusHead,vftable,005976cc,55,0xdc,vfunction56,0046e400,Sexy::MusicInterface::vfunction13
Sexy::BilaterusHead,vftable,005976cc,56,0xe0,vfunction57,0046e410,Sexy::Widget::vfunction57
Sexy::BilaterusHead,vftable,005976cc,57,0xe4,vfunction58,0046eb50,Sexy::DialogListener::vfunction1
Sexy::BilaterusHead,vftable,005976cc,58,0xe8,vfunction59,0046eb50,Sexy::DialogListener::vfunction1
Sexy::BilaterusHead,vftable,005976cc,59,0xec,vfunction60,0046c690,Sexy::ResourceManager::vfunction14
Sexy::BilaterusHead,vftable,005976cc,60,0xf0,vfunction61,0046de70,Sexy::Widget::vfunction61
Sexy::BilaterusHead,vftable,005976cc,61,0xf4,vfunction62,0046e500,Sexy::Widget::vfunction62
Sexy::BilaterusHead,vftable,005976cc,62,0xf8,vfunction63,0046e480,Sexy::Widget::vfunction63
Sexy::BilaterusHead,vftable,005976cc,63,0xfc,vfunction64,0046e620,Sexy::Widget::vfunction64
Sexy::BilaterusHead,vftable,005976cc,64,0x100,vfunction65,0046e670,Sexy::Widget::vfunction65
Sexy::BilaterusHead,vftable,005976cc,65,0x104,vfunction66,0046e6b0,Sexy::Widget::vfunction66
Sexy::BilaterusHead,vftable,005976cc,66,0x108,vfunction67,0046e6d0,Sexy::Widget::vfunction67
Sexy::BilaterusHead,vftable,005976cc,67,0x10c,vfunction68,0046e700,Sexy::Widget::vfunction68
Sexy::BilaterusHead,vftable,005976cc,68,0x110,vfunction69,0046e800,Sexy::Widget::vfunction69
Sexy::BilaterusHead,vftable,005976cc,69,0x114,vfunction70,0046e840,Sexy::Widget::vfunction70
Sexy::BilaterusHead,vftable,005976cc,70,0x118,vfunction71,0051a440,Sexy::ListListener::vfunction2
Sexy::BilaterusHead,vftable,005976cc,71,0x11c,vfunction72,004e9df0,Sexy::GameObject::vfunction72
Sexy::BilaterusHead,vftable,005976cc,72,0x120,vfunction73,004d68d0,Sexy::GameObject::vfunction73
Sexy::BilaterusHead,vftable,005976cc,73,0x124,vfunction74,0051a440,Sexy::ListListener::vfunction2
Sexy::BilaterusHead,vftable,005976cc,74,0x128,vfunction75,004e9e00,Sexy::GameObject::vfunction75
Sexy::BilaterusHead,vftable,005976cc,75,0x12c,vfunction76,004fdff0,Sexy::BilaterusHead::vfunction76
Sexy::BilaterusHead,vftable,005976cc,76,0x130,vfunction77,00519120,Sexy::CheckboxListener::vfunction1
Sexy::BilaterusHead,vftable,005976cc,77,0x134,vfunction78,004d5120,Sexy::BilaterusBone::vfunction78
Sexy::BilaterusHead,vftable,005976cc,78,0x138,vfunction79,004e9e00,Sexy::GameObject::vfunction75
Sexy::BilaterusHead,vftable,005976cc,79,0x13c,vfunction80,00519120,Sexy::CheckboxListener::vfunction1
Sexy::BilaterusHead,vftable,005976cc,80,0x140,vfunction81,004dc730,Sexy::BilaterusHead::vfunction81
Sexy::Breeder,vftable,00597814,0,0x0,vfunction1,004f0850,Sexy::Breeder::deleting_destructor
Sexy::Breeder,vftable,00597814,1,0x4,vfunction2,0046b5b0,Sexy::WidgetContainer::vfunction2
Sexy::Breeder,vftable,00597814,2,0x8,vfunction3,0046b5d0,Sexy::WidgetContainer::vfunction3
Sexy::Breeder,vftable,00597814,3,0xc,vfunction4,0046b640,Sexy::WidgetContainer::vfunction4
Sexy::Breeder,vftable,00597814,4,0x10,vfunction5,0046b760,Sexy::WidgetContainer::vfunction5
Sexy::Breeder,vftable,00597814,5,0x14,vfunction6,0046b700,Sexy::WidgetContainer::vfunction6
Sexy::Breeder,vftable,00597814,6,0x18,vfunction7,0046c690,Sexy::ResourceManager::vfunction14
Sexy::Breeder,vftable,00597814,7,0x1c,vfunction8,0046b550,Sexy::WidgetContainer::vfunction8
Sexy::Breeder,vftable,00597814,8,0x20,vfunction9,0046c690,Sexy::ResourceManager::vfunction14
Sexy::Breeder,vftable,00597814,9,0x24,vfunction10,0046ba90,Sexy::WidgetContainer::vfunction10
Sexy::Breeder,vftable,00597814,10,0x28,vfunction11,0046bab0,Sexy::WidgetContainer::vfunction11
Sexy::Breeder,vftable,00597814,11,0x2c,vfunction12,0046bc50,Sexy::WidgetContainer::vfunction12
Sexy::Breeder,vftable,00597814,12,0x30,vfunction13,0046bd20,Sexy::WidgetContainer::vfunction13
Sexy::Breeder,vftable,00597814,13,0x34,vfunction14,0046bdf0,Sexy::WidgetContainer::vfunction14
Sexy::Breeder,vftable,00597814,14,0x38,vfunction15,0046bf00,Sexy::WidgetContainer::vfunction15
Sexy::Breeder,vftable,00597814,15,0x3c,vfunction16,0046c030,Sexy::WidgetContainer::vfunction16
Sexy::Breeder,vftable,00597814,16,0x40,vfunction17,0046c430,Sexy::WidgetContainer::vfunction17
Sexy::Breeder,vftable,00597814,17,0x44,vfunction18,0046c180,Sexy::WidgetContainer::vfunction18
Sexy::Breeder,vftable,00597814,18,0x48,vfunction19,0046c1c0,Sexy::WidgetContainer::vfunction19
Sexy::Breeder,vftable,00597814,19,0x4c,vfunction20,0046c1a0,Sexy::WidgetContainer::vfunction20
Sexy::Breeder,vftable,00597814,20,0x50,vfunction21,0046c090,Sexy::WidgetContainer::vfunction21
Sexy::Breeder,vftable,00597814,21,0x54,vfunction22,0046c100,Sexy::WidgetContainer::vfunction22
Sexy::Breeder,vftable,00597814,22,0x58,vfunction23,004f4180,Sexy::Breeder::vfunction23
Sexy::Breeder,vftable,00597814,23,0x5c,vfunction24,0046c500,Sexy::WidgetContainer::vfunction24
Sexy::Breeder,vftable,00597814,24,0x60,vfunction25,0046c690,Sexy::ResourceManager::vfunction14
Sexy::Breeder,vftable,00597814,25,0x64,vfunction26,0046c6a0,Sexy::WidgetContainer::vfunction26
Sexy::Breeder,vftable,00597814,26,0x68,vfunction27,004e4490,Sexy::Breeder::vfunction27
Sexy::Breeder,vftable,00597814,27,0x6c,vfunction28,0046c7f0,Sexy::WidgetContainer::vfunction28
Sexy::Breeder,vftable,00597814,28,0x70,vfunction29,0046c9c0,Sexy::WidgetContainer::vfunction29
Sexy::Breeder,vftable,00597814,29,0x74,vfunction30,00486bf0,Sexy::ResourceManager::BaseRes::vfunction2
Sexy::Breeder,vftable,00597814,30,0x78,vfunction31,00486bf0,Sexy::ResourceManager::BaseRes::vfunction2
Sexy::Breeder,vftable,00597814,31,0x7c,vfunction32,0046de80,Sexy::Widget::vfunction32
Sexy::Breeder,vftable,00597814,32,0x80,vfunction33,0046df70,Sexy::Widget::vfunction33
Sexy::Breeder,vftable,00597814,33,0x84,vfunction34,0046ded0,Sexy::Widget::vfunction34
Sexy::Breeder,vftable,00597814,34,0x88,vfunction35,0046e010,Sexy::Widget::vfunction35
Sexy::Breeder,vftable,00597814,35,0x8c,vfunction36,0046e130,Sexy::Widget::vfunction36
Sexy::Breeder,vftable,00597814,36,0x90,vfunction37,0046e0c0,Sexy::Widget::vfunction37
Sexy::Breeder,vftable,00597814,37,0x94,vfunction38,0046e270,Sexy::Widget::vfunction38
Sexy::Breeder,vftable,00597814,38,0x98,vfunction39,0046e370,Sexy::Widget::vfunction39
Sexy::Breeder,vftable,00597814,39,0x9c,vfunction40,0046e210,Sexy::Widget::vfunction40
Sexy::Breeder,vftable,00597814,40,0xa0,vfunction41,0046e1b0,Sexy::Widget::vfunction41
Sexy::Breeder,vftable,00597814,41,0xa4,vfunction42,0046e240,Sexy::Widget::vfunction42
Sexy::Breeder,vftable,00597814,42,0xa8,vfunction43,0046e260,Sexy::Widget::vfunction43
Sexy::Breeder,vftable,00597814,43,0xac,vfunction44,0046deb0,Sexy::Widget::vfunction44
Sexy::Breeder,vftable,00597814,44,0xb0,vfunction45,0046c690,Sexy::ResourceManager::vfunction14
Sexy::Breeder,vftable,00597814,45,0xb4,vfunction46,0046e2f0,Sexy::Widget::vfunction46
Sexy::Breeder,vftable,00597814,46,0xb8,vfunction47,0046e300,Sexy::Widget::vfunction47
Sexy::Breeder,vftable,00597814,47,0xbc,vfunction48,0046c690,Sexy::ResourceManager::vfunction14
Sexy::Breeder,vftable,00597814,48,0xc0,vfunction49,0046e320,Sexy::Widget::vfunction49
Sexy::Breeder,vftable,00597814,49,0xc4,vfunction50,0046c690,Sexy::ResourceManager::vfunction14
Sexy::Breeder,vftable,00597814,50,0xc8,vfunction51,00486bf0,Sexy::ResourceManager::BaseRes::vfunction2
Sexy::Breeder,vftable,00597814,51,0xcc,vfunction52,00486bf0,Sexy::ResourceManager::BaseRes::vfunction2
Sexy::Breeder,vftable,00597814,52,0xd0,vfunction53,0046eb50,Sexy::DialogListener::vfunction1
Sexy::Breeder,vftable,00597814,53,0xd4,vfunction54,0046e400,Sexy::MusicInterface::vfunction13
Sexy::Breeder,vftable,00597814,54,0xd8,vfunction55,004e4870,Sexy::Breeder::vfunction55
Sexy::Breeder,vftable,00597814,55,0xdc,vfunction56,0046e400,Sexy::MusicInterface::vfunction13
Sexy::Breeder,vftable,00597814,56,0xe0,vfunction57,004d5300,Sexy::OtherTypePet::vfunction57
Sexy::Breeder,vftable,00597814,57,0xe4,vfunction58,0046eb50,Sexy::DialogListener::vfunction1
Sexy::Breeder,vftable,00597814,58,0xe8,vfunction59,004d8c10,Sexy::Grubber::vfunction59
Sexy::Breeder,vftable,00597814,59,0xec,vfunction60,0046c690,Sexy::ResourceManager::vfunction14
Sexy::Breeder,vftable,00597814,60,0xf0,vfunction61,0046de70,Sexy::Widget::vfunction61
Sexy::Breeder,vftable,00597814,61,0xf4,vfunction62,0046e500,Sexy::Widget::vfunction62
Sexy::Breeder,vftable,00597814,62,0xf8,vfunction63,0046e480,Sexy::Widget::vfunction63
Sexy::Breeder,vftable,00597814,63,0xfc,vfunction64,0046e620,Sexy::Widget::vfunction64
Sexy::Breeder,vftable,00597814,64,0x100,vfunction65,0046e670,Sexy::Widget::vfunction65
Sexy::Breeder,vftable,00597814,65,0x104,vfunction66,0046e6b0,Sexy::Widget::vfunction66
Sexy::Breeder,vftable,00597814,66,0x108,vfunction67,0046e6d0,Sexy::Widget::vfunction67
Sexy::Breeder,vftable,00597814,67,0x10c,vfunction68,0046e700,Sexy::Widget::vfunction68
Sexy::Breeder,vftable,00597814,68,0x110,vfunction69,0046e800,Sexy::Widget::vfunction69
Sexy::Breeder,vftable,00597814,69,0x114,vfunction70,0046e840,Sexy::Widget::vfunction70
Sexy::Breeder,vftable,00597814,70,0x118,vfunction71,0051a440,Sexy::ListListener::vfunction2
Sexy::Breeder,vftable,00597814,71,0x11c,vfunction72,004e9df0,Sexy::GameObject::vfunction72
Sexy::Breeder,vftable,00597814,72,0x120,vfunction73,004dcfd0,Sexy::Breeder::vfunction73
Sexy::Breeder,vftable,00597814,73,0x124,vfunction74,0051a440,Sexy::ListListener::vfunction2
Sexy::Breeder,vftable,00597814,74,0x128,vfunction75,004e9e00,Sexy::GameObject::vfunction75
Sexy::Breeder,vftable,00597814,75,0x12c,vfunction76,004ee520,Sexy::Breeder::vfunction76
Sexy::Breeder,vftable,00597814,76,0x130,vfunction77,004d8e40,Sexy::Grubber::vfunction77
Sexy::Breeder,vftable,00597814,77,0x134,vfunction78,004e4600,Sexy::Breeder::vfunction78
Sexy::Breeder,vftable,00597814,78,0x138,vfunction79,004d9000,Sexy::Grubber::vfunction79
Sexy::Breeder,vftable,00597814,79,0x13c,vfunction80,004dd190,Sexy::Breeder::vfunction80
Sexy::Breeder,vftable,00597814,80,0x140,vfunction81,004dce10,Sexy::Breeder::vfunction81
Sexy::Coin,vftable,00597964,0,0x0,vfunction1,004f0c50,Sexy::Coin::vfunction1
Sexy::Coin,vftable,00597964,1,0x4,vfunction2,0046b5b0,Sexy::WidgetContainer::vfunction2
Sexy::Coin,vftable,00597964,2,0x8,vfunction3,0046b5d0,Sexy::WidgetContainer::vfunction3
Sexy::Coin,vftable,00597964,3,0xc,vfunction4,0046b640,Sexy::WidgetContainer::vfunction4
Sexy::Coin,vftable,00597964,4,0x10,vfunction5,0046b760,Sexy::WidgetContainer::vfunction5
Sexy::Coin,vftable,00597964,5,0x14,vfunction6,0046b700,Sexy::WidgetContainer::vfunction6
Sexy::Coin,vftable,00597964,6,0x18,vfunction7,0046c690,Sexy::ResourceManager::vfunction14
Sexy::Coin,vftable,00597964,7,0x1c,vfunction8,0046b550,Sexy::WidgetContainer::vfunction8
Sexy::Coin,vftable,00597964,8,0x20,vfunction9,0046c690,Sexy::ResourceManager::vfunction14
Sexy::Coin,vftable,00597964,9,0x24,vfunction10,0046ba90,Sexy::WidgetContainer::vfunction10
Sexy::Coin,vftable,00597964,10,0x28,vfunction11,0046bab0,Sexy::WidgetContainer::vfunction11
Sexy::Coin,vftable,00597964,11,0x2c,vfunction12,0046bc50,Sexy::WidgetContainer::vfunction12
Sexy::Coin,vftable,00597964,12,0x30,vfunction13,0046bd20,Sexy::WidgetContainer::vfunction13
Sexy::Coin,vftable,00597964,13,0x34,vfunction14,0046bdf0,Sexy::WidgetContainer::vfunction14
Sexy::Coin,vftable,00597964,14,0x38,vfunction15,0046bf00,Sexy::WidgetContainer::vfunction15
Sexy::Coin,vftable,00597964,15,0x3c,vfunction16,0046c030,Sexy::WidgetContainer::vfunction16
Sexy::Coin,vftable,00597964,16,0x40,vfunction17,0046c430,Sexy::WidgetContainer::vfunction17
Sexy::Coin,vftable,00597964,17,0x44,vfunction18,0046c180,Sexy::WidgetContainer::vfunction18
Sexy::Coin,vftable,00597964,18,0x48,vfunction19,0046c1c0,Sexy::WidgetContainer::vfunction19
Sexy::Coin,vftable,00597964,19,0x4c,vfunction20,0046c1a0,Sexy::WidgetContainer::vfunction20
Sexy::Coin,vftable,00597964,20,0x50,vfunction21,0046c090,Sexy::WidgetContainer::vfunction21
Sexy::Coin,vftable,00597964,21,0x54,vfunction22,0046c100,Sexy::WidgetContainer::vfunction22
Sexy::Coin,vftable,00597964,22,0x58,vfunction23,004f5050,Sexy::Coin::vfunction23
Sexy::Coin,vftable,00597964,23,0x5c,vfunction24,0046c500,Sexy::WidgetContainer::vfunction24
Sexy::Coin,vftable,00597964,24,0x60,vfunction25,0046c690,Sexy::ResourceManager::vfunction14
Sexy::Coin,vftable,00597964,25,0x64,vfunction26,0046c6a0,Sexy::WidgetContainer::vfunction26
Sexy::Coin,vftable,00597964,26,0x68,vfunction27,004dd7a0,Sexy::Coin::vfunction27
Sexy::Coin,vftable,00597964,27,0x6c,vfunction28,0046c7f0,Sexy::WidgetContainer::vfunction28
Sexy::Coin,vftable,00597964,28,0x70,vfunction29,0046c9c0,Sexy::WidgetContainer::vfunction29
Sexy::Coin,vftable,00597964,29,0x74,vfunction30,00486bf0,Sexy::ResourceManager::BaseRes::vfunction2
Sexy::Coin,vftable,00597964,30,0x78,vfunction31,00486bf0,Sexy::ResourceManager::BaseRes::vfunction2
Sexy::Coin,vftable,00597964,31,0x7c,vfunction32,0046de80,Sexy::Widget::vfunction32
Sexy::Coin,vftable,00597964,32,0x80,vfunction33,0046df70,Sexy::Widget::vfunction33
Sexy::Coin,vftable,00597964,33,0x84,vfunction34,0046ded0,Sexy::Widget::vfunction34
Sexy::Coin,vftable,00597964,34,0x88,vfunction35,0046e010,Sexy::Widget::vfunction35
Sexy::Coin,vftable,00597964,35,0x8c,vfunction36,0046e130,Sexy::Widget::vfunction36
Sexy::Coin,vftable,00597964,36,0x90,vfunction37,0046e0c0,Sexy::Widget::vfunction37
Sexy::Coin,vftable,00597964,37,0x94,vfunction38,0046e270,Sexy::Widget::vfunction38
Sexy::Coin,vftable,00597964,38,0x98,vfunction39,0046e370,Sexy::Widget::vfunction39
Sexy::Coin,vftable,00597964,39,0x9c,vfunction40,0046e210,Sexy::Widget::vfunction40
Sexy::Coin,vftable,00597964,40,0xa0,vfunction41,0046e1b0,Sexy::Widget::vfunction41
Sexy::Coin,vftable,00597964,41,0xa4,vfunction42,0046e240,Sexy::Widget::vfunction42
Sexy::Coin,vftable,00597964,42,0xa8,vfunction43,0046e260,Sexy::Widget::vfunction43
Sexy::Coin,vftable,00597964,43,0xac,vfunction44,0046deb0,Sexy::Widget::vfunction44
Sexy::Coin,vftable,00597964,44,0xb0,vfunction45,0046c690,Sexy::ResourceManager::vfunction14
Sexy::Coin,vftable,00597964,45,0xb4,vfunction46,0046e2f0,Sexy::Widget::vfunction46
Sexy::Coin,vftable,00597964,46,0xb8,vfunction47,0046e300,Sexy::Widget::vfunction47
Sexy::Coin,vftable,00597964,47,0xbc,vfunction48,0046c690,Sexy::ResourceManager::vfunction14
Sexy::Coin,vftable,00597964,48,0xc0,vfunction49,0046e320,Sexy::Widget::vfunction49
Sexy::Coin,vftable,00597964,49,0xc4,vfunction50,0046c690,Sexy::ResourceManager::vfunction14
Sexy::Coin,vftable,00597964,50,0xc8,vfunction51,00486bf0,Sexy::ResourceManager::BaseRes::vfunction2
Sexy::Coin,vftable,00597964,51,0xcc,vfunction52,00486bf0,Sexy::ResourceManager::BaseRes::vfunction2
Sexy::Coin,vftable,00597964,52,0xd0,vfunction53,0046eb50,Sexy::DialogListener::vfunction1
Sexy::Coin,vftable,00597964,53,0xd4,vfunction54,0046e400,Sexy::MusicInterface::vfunction13
Sexy::Coin,vftable,00597964,54,0xd8,vfunction55,004e5450,Sexy::Coin::vfunction55
Sexy::Coin,vftable,00597964,55,0xdc,vfunction56,0046e400,Sexy::MusicInterface::vfunction13
Sexy::Coin,vftable,00597964,56,0xe0,vfunction57,0046e410,Sexy::Widget::vfunction57
Sexy::Coin,vftable,00597964,57,0xe4,vfunction58,0046eb50,Sexy::DialogListener::vfunction1
Sexy::Coin,vftable,00597964,58,0xe8,vfunction59,0046eb50,Sexy::DialogListener::vfunction1
Sexy::Coin,vftable,00597964,59,0xec,vfunction60,0046c690,Sexy::ResourceManager::vfunction14
Sexy::Coin,vftable,00597964,60,0xf0,vfunction61,004d5350,Sexy::EditListener::vfunction2
Sexy::Coin,vftable,00597964,61,0xf4,vfunction62,0046e500,Sexy::Widget::vfunction62
Sexy::Coin,vftable,00597964,62,0xf8,vfunction63,0046e480,Sexy::Widget::vfunction63
Sexy::Coin,vftable,00597964,63,0xfc,vfunction64,0046e620,Sexy::Widget::vfunction64
Sexy::Coin,vftable,00597964,64,0x100,vfunction65,0046e670,Sexy::Widget::vfunction65
Sexy::Coin,vftable,00597964,65,0x104,vfunction66,0046e6b0,Sexy::Widget::vfunction66
Sexy::Coin,vftable,00597964,66,0x108,vfunction67,0046e6d0,Sexy::Widget::vfunction67
Sexy::Coin,vftable,00597964,67,0x10c,vfunction68,0046e700,Sexy::Widget::vfunction68
Sexy::Coin,vftable,00597964,68,0x110,vfunction69,0046e800,Sexy::Widget::vfunction69
Sexy::Coin,vftable,00597964,69,0x114,vfunction70,0046e840,Sexy::Widget::vfunction70
Sexy::Coin,vftable,00597964,70,0x118,vfunction71,0051a440,Sexy::ListListener::vfunction2
Sexy::Coin,vftable,00597964,71,0x11c,vfunction72,004e9df0,Sexy::GameObject::vfunction72
Sexy::Coin,vftable,00597964,72,0x120,vfunction73,004d68d0,Sexy::GameObject::vfunction73
Sexy::Coin,vftable,00597964,73,0x124,vfunction74,0051a440,Sexy::ListListener::vfunction2
Sexy::Coin,vftable,00597964,74,0x128,vfunction75,004e9e00,Sexy::GameObject::vfunction75
Sexy::Coin,vftable,00597964,75,0x12c,vfunction76,004d5510,thunk 004eeac0 -> Sexy::Coin::vfunction76
Sexy::Coin,vftable,00597964,76,0x130,vfunction77,00519120,Sexy::CheckboxListener::vfunction1
Sexy::Coin,vftable,00597964,77,0x134,vfunction78,0051a440,Sexy::ListListener::vfunction2
Sexy::Coin,vftable,00597964,78,0x138,vfunction79,004e9e00,Sexy::GameObject::vfunction75
Sexy::Coin,vftable,00597964,79,0x13c,vfunction80,00519120,Sexy::CheckboxListener::vfunction1
Sexy::Coin,vftable,00597964,80,0x140,vfunction81,004dd680,Sexy::Coin::vfunction81
Sexy::DeadAlien,vftable,00597aac,0,0x0,vfunction1,004f0180,Sexy::Food::deleting_destructor
Sexy::DeadAlien,vftable,00597aac,1,0x4,vfunction2,0046b5b0,Sexy::WidgetContainer::vfunction2
Sexy::DeadAlien,vftable,00597aac,2,0x8,vfunction3,0046b5d0,Sexy::WidgetContainer::vfunction3
Sexy::DeadAlien,vftable,00597aac,3,0xc,vfunction4,0046b640,Sexy::WidgetContainer::vfunction4
Sexy::DeadAlien,vftable,00597aac,4,0x10,vfunction5,0046b760,Sexy::WidgetContainer::vfunction5
Sexy::DeadAlien,vftable,00597aac,5,0x14,vfunction6,0046b700,Sexy::WidgetContainer::vfunction6
Sexy::DeadAlien,vftable,00597aac,6,0x18,vfunction7,0046c690,Sexy::ResourceManager::vfunction14
Sexy::DeadAlien,vftable,00597aac,7,0x1c,vfunction8,0046b550,Sexy::WidgetContainer::vfunction8
Sexy::DeadAlien,vftable,00597aac,8,0x20,vfunction9,0046c690,Sexy::ResourceManager::vfunction14
Sexy::DeadAlien,vftable,00597aac,9,0x24,vfunction10,0046ba90,Sexy::WidgetContainer::vfunction10
Sexy::DeadAlien,vftable,00597aac,10,0x28,vfunction11,0046bab0,Sexy::WidgetContainer::vfunction11
Sexy::DeadAlien,vftable,00597aac,11,0x2c,vfunction12,0046bc50,Sexy::WidgetContainer::vfunction12
Sexy::DeadAlien,vftable,00597aac,12,0x30,vfunction13,0046bd20,Sexy::WidgetContainer::vfunction13
Sexy::DeadAlien,vftable,00597aac,13,0x34,vfunction14,0046bdf0,Sexy::WidgetContainer::vfunction14
Sexy::DeadAlien,vftable,00597aac,14,0x38,vfunction15,0046bf00,Sexy::WidgetContainer::vfunction15
Sexy::DeadAlien,vftable,00597aac,15,0x3c,vfunction16,0046c030,Sexy::WidgetContainer::vfunction16
Sexy::DeadAlien,vftable,00597aac,16,0x40,vfunction17,0046c430,Sexy::WidgetContainer::vfunction17
Sexy::DeadAlien,vftable,00597aac,17,0x44,vfunction18,0046c180,Sexy::WidgetContainer::vfunction18
Sexy::DeadAlien,vftable,00597aac,18,0x48,vfunction19,0046c1c0,Sexy::WidgetContainer::vfunction19
Sexy::DeadAlien,vftable,00597aac,19,0x4c,vfunction20,0046c1a0,Sexy::WidgetContainer::vfunction20
Sexy::DeadAlien,vftable,00597aac,20,0x50,vfunction21,0046c090,Sexy::WidgetContainer::vfunction21
Sexy::DeadAlien,vftable,00597aac,21,0x54,vfunction22,0046c100,Sexy::WidgetContainer::vfunction22
Sexy::DeadAlien,vftable,00597aac,22,0x58,vfunction23,004f6050,Sexy::DeadAlien::vfunction23
Sexy::DeadAlien,vftable,00597aac,23,0x5c,vfunction24,0046c500,Sexy::WidgetContainer::vfunction24
Sexy::DeadAlien,vftable,00597aac,24,0x60,vfunction25,0046c690,Sexy::ResourceManager::vfunction14
Sexy::DeadAlien,vftable,00597aac,25,0x64,vfunction26,0046c6a0,Sexy::WidgetContainer::vfunction26
Sexy::DeadAlien,vftable,00597aac,26,0x68,vfunction27,004dddb0,Sexy::DeadAlien::vfunction27
Sexy::DeadAlien,vftable,00597aac,27,0x6c,vfunction28,0046c7f0,Sexy::WidgetContainer::vfunction28
Sexy::DeadAlien,vftable,00597aac,28,0x70,vfunction29,0046c9c0,Sexy::WidgetContainer::vfunction29
Sexy::DeadAlien,vftable,00597aac,29,0x74,vfunction30,00486bf0,Sexy::ResourceManager::BaseRes::vfunction2
Sexy::DeadAlien,vftable,00597aac,30,0x78,vfunction31,00486bf0,Sexy::ResourceManager::BaseRes::vfunction2
Sexy::DeadAlien,vftable,00597aac,31,0x7c,vfunction32,0046de80,Sexy::Widget::vfunction32
Sexy::DeadAlien,vftable,00597aac,32,0x80,vfunction33,0046df70,Sexy::Widget::vfunction33
Sexy::DeadAlien,vftable,00597aac,33,0x84,vfunction34,0046ded0,Sexy::Widget::vfunction34
Sexy::DeadAlien,vftable,00597aac,34,0x88,vfunction35,0046e010,Sexy::Widget::vfunction35
Sexy::DeadAlien,vftable,00597aac,35,0x8c,vfunction36,0046e130,Sexy::Widget::vfunction36
Sexy::DeadAlien,vftable,00597aac,36,0x90,vfunction37,0046e0c0,Sexy::Widget::vfunction37
Sexy::DeadAlien,vftable,00597aac,37,0x94,vfunction38,0046e270,Sexy::Widget::vfunction38
Sexy::DeadAlien,vftable,00597aac,38,0x98,vfunction39,0046e370,Sexy::Widget::vfunction39
Sexy::DeadAlien,vftable,00597aac,39,0x9c,vfunction40,0046e210,Sexy::Widget::vfunction40
Sexy::DeadAlien,vftable,00597aac,40,0xa0,vfunction41,0046e1b0,Sexy::Widget::vfunction41
Sexy::DeadAlien,vftable,00597aac,41,0xa4,vfunction42,0046e240,Sexy::Widget::vfunction42
Sexy::DeadAlien,vftable,00597aac,42,0xa8,vfunction43,0046e260,Sexy::Widget::vfunction43
Sexy::DeadAlien,vftable,00597aac,43,0xac,vfunction44,0046deb0,Sexy::Widget::vfunction44
Sexy::DeadAlien,vftable,00597aac,44,0xb0,vfunction45,0046c690,Sexy::ResourceManager::vfunction14
Sexy::DeadAlien,vftable,00597aac,45,0xb4,vfunction46,0046e2f0,Sexy::Widget::vfunction46
Sexy::DeadAlien,vftable,00597aac,46,0xb8,vfunction47,0046e300,Sexy::Widget::vfunction47
Sexy::DeadAlien,vftable,00597aac,47,0xbc,vfunction48,0046c690,Sexy::ResourceManager::vfunction14
Sexy::DeadAlien,vftable,00597aac,48,0xc0,vfunction49,0046e320,Sexy::Widget::vfunction49
Sexy::DeadAlien,vftable,00597aac,49,0xc4,vfunction50,0046c690,Sexy::ResourceManager::vfunction14
Sexy::DeadAlien,vftable,00597aac,50,0xc8,vfunction51,00486bf0,Sexy::ResourceManager::BaseRes::vfunction2
Sexy::DeadAlien,vftable,00597aac,51,0xcc,vfunction52,00486bf0,Sexy::ResourceManager::BaseRes::vfunction2
Sexy::DeadAlien,vftable,00597aac,52,0xd0,vfunction53,0046eb50,Sexy::DialogListener::vfunction1
Sexy::DeadAlien,vftable,00597aac,53,0xd4,vfunction54,0046e400,Sexy::MusicInterface::vfunction13
Sexy::DeadAlien,vftable,00597aac,54,0xd8,vfunction55,0046e3a0,Sexy::Widget::vfunction55
Sexy::DeadAlien,vftable,00597aac,55,0xdc,vfunction56,0046e400,Sexy::MusicInterface::vfunction13
Sexy::DeadAlien,vftable,00597aac,56,0xe0,vfunction57,0046e410,Sexy::Widget::vfunction57
Sexy::DeadAlien,vftable,00597aac,57,0xe4,vfunction58,0046eb50,Sexy::DialogListener::vfunction1
Sexy::DeadAlien,vftable,00597aac,58,0xe8,vfunction59,0046eb50,Sexy::DialogListener::vfunction1
Sexy::DeadAlien,vftable,00597aac,59,0xec,vfunction60,0046c690,Sexy::ResourceManager::vfunction14
Sexy::DeadAlien,vftable,00597aac,60,0xf0,vfunction61,0046de70,Sexy::Widget::vfunction61
Sexy::DeadAlien,vftable,00597aac,61,0xf4,vfunction62,0046e500,Sexy::Widget::vfunction62
Sexy::DeadAlien,vftable,00597aac,62,0xf8,vfunction63,0046e480,Sexy::Widget::vfunction63
Sexy::DeadAlien,vftable,00597aac,63,0xfc,vfunction64,0046e620,Sexy::Widget::vfunction64
Sexy::DeadAlien,vftable,00597aac,64,0x100,vfunction65,0046e670,Sexy::Widget::vfunction65
Sexy::DeadAlien,vftable,00597aac,65,0x104,vfunction66,0046e6b0,Sexy::Widget::vfunction66
Sexy::DeadAlien,vftable,00597aac,66,0x108,vfunction67,0046e6d0,Sexy::Widget::vfunction67
Sexy::DeadAlien,vftable,00597aac,67,0x10c,vfunction68,0046e700,Sexy::Widget::vfunction68
Sexy::DeadAlien,vftable,00597aac,68,0x110,vfunction69,0046e800,Sexy::Widget::vfunction69
Sexy::DeadAlien,vftable,00597aac,69,0x114,vfunction70,0046e840,Sexy::Widget::vfunction70
Sexy::DeadAlien,vftable,00597aac,70,0x118,vfunction71,0051a440,Sexy::ListListener::vfunction2
Sexy::DeadAlien,vftable,00597aac,71,0x11c,vfunction72,004e9df0,Sexy::GameObject::vfunction72
Sexy::DeadAlien,vftable,00597aac,72,0x120,vfunction73,004d68d0,Sexy::GameObject::vfunction73
Sexy::DeadAlien,vftable,00597aac,73,0x124,vfunction74,0051a440,Sexy::ListListener::vfunction2
Sexy::DeadAlien,vftable,00597aac,74,0x128,vfunction75,004e9e00,Sexy::GameObject::vfunction75
Sexy::DeadAlien,vftable,00597aac,75,0x12c,vfunction76,004eec00,Sexy::DeadAlien::vfunction76
Sexy::DeadAlien,vftable,00597aac,76,0x130,vfunction77,00519120,Sexy::CheckboxListener::vfunction1
Sexy::DeadAlien,vftable,00597aac,77,0x134,vfunction78,0051a440,Sexy::ListListener::vfunction2
Sexy::DeadAlien,vftable,00597aac,78,0x138,vfunction79,004e9e00,Sexy::GameObject::vfunction75
Sexy::DeadAlien,vftable,00597aac,79,0x13c,vfunction80,00519120,Sexy::CheckboxListener::vfunction1
Sexy::DeadAlien,vftable,00597aac,80,0x140,vfunction81,004ddd00,Sexy::DeadAlien::vfunction81
Sexy::DeadAlien,vftable,00597aac,81,0x144,vfunction82,004d9570,Sexy::Larva::vfunction76
Sexy::DeadFish,vftable,00597bfc,0,0x0,vfunction1,004f0180,Sexy::Food::deleting_destructor
Sexy::DeadFish,vftable,00597bfc,1,0x4,vfunction2,0046b5b0,Sexy::WidgetContainer::vfunction2
Sexy::DeadFish,vftable,00597bfc,2,0x8,vfunction3,0046b5d0,Sexy::WidgetContainer::vfunction3
Sexy::DeadFish,vftable,00597bfc,3,0xc,vfunction4,0046b640,Sexy::WidgetContainer::vfunction4
Sexy::DeadFish,vftable,00597bfc,4,0x10,vfunction5,0046b760,Sexy::WidgetContainer::vfunction5
Sexy::DeadFish,vftable,00597bfc,5,0x14,vfunction6,0046b700,Sexy::WidgetContainer::vfunction6
Sexy::DeadFish,vftable,00597bfc,6,0x18,vfunction7,0046c690,Sexy::ResourceManager::vfunction14
Sexy::DeadFish,vftable,00597bfc,7,0x1c,vfunction8,0046b550,Sexy::WidgetContainer::vfunction8
Sexy::DeadFish,vftable,00597bfc,8,0x20,vfunction9,0046c690,Sexy::ResourceManager::vfunction14
Sexy::DeadFish,vftable,00597bfc,9,0x24,vfunction10,0046ba90,Sexy::WidgetContainer::vfunction10
Sexy::DeadFish,vftable,00597bfc,10,0x28,vfunction11,0046bab0,Sexy::WidgetContainer::vfunction11
Sexy::DeadFish,vftable,00597bfc,11,0x2c,vfunction12,0046bc50,Sexy::WidgetContainer::vfunction12
Sexy::DeadFish,vftable,00597bfc,12,0x30,vfunction13,0046bd20,Sexy::WidgetContainer::vfunction13
Sexy::DeadFish,vftable,00597bfc,13,0x34,vfunction14,0046bdf0,Sexy::WidgetContainer::vfunction14
Sexy::DeadFish,vftable,00597bfc,14,0x38,vfunction15,0046bf00,Sexy::WidgetContainer::vfunction15
Sexy::DeadFish,vftable,00597bfc,15,0x3c,vfunction16,0046c030,Sexy::WidgetContainer::vfunction16
Sexy::DeadFish,vftable,00597bfc,16,0x40,vfunction17,0046c430,Sexy::WidgetContainer::vfunction17
Sexy::DeadFish,vftable,00597bfc,17,0x44,vfunction18,0046c180,Sexy::WidgetContainer::vfunction18
Sexy::DeadFish,vftable,00597bfc,18,0x48,vfunction19,0046c1c0,Sexy::WidgetContainer::vfunction19
Sexy::DeadFish,vftable,00597bfc,19,0x4c,vfunction20,0046c1a0,Sexy::WidgetContainer::vfunction20
Sexy::DeadFish,vftable,00597bfc,20,0x50,vfunction21,0046c090,Sexy::WidgetContainer::vfunction21
Sexy::DeadFish,vftable,00597bfc,21,0x54,vfunction22,0046c100,Sexy::WidgetContainer::vfunction22
Sexy::DeadFish,vftable,00597bfc,22,0x58,vfunction23,004f64e0,Sexy::DeadFish::vfunction23
Sexy::DeadFish,vftable,00597bfc,23,0x5c,vfunction24,0046c500,Sexy::WidgetContainer::vfunction24
Sexy::DeadFish,vftable,00597bfc,24,0x60,vfunction25,0046c690,Sexy::ResourceManager::vfunction14
Sexy::DeadFish,vftable,00597bfc,25,0x64,vfunction26,0046c6a0,Sexy::WidgetContainer::vfunction26
Sexy::DeadFish,vftable,00597bfc,26,0x68,vfunction27,004de030,Sexy::DeadFish::vfunction27
Sexy::DeadFish,vftable,00597bfc,27,0x6c,vfunction28,0046c7f0,Sexy::WidgetContainer::vfunction28
Sexy::DeadFish,vftable,00597bfc,28,0x70,vfunction29,0046c9c0,Sexy::WidgetContainer::vfunction29
Sexy::DeadFish,vftable,00597bfc,29,0x74,vfunction30,00486bf0,Sexy::ResourceManager::BaseRes::vfunction2
Sexy::DeadFish,vftable,00597bfc,30,0x78,vfunction31,00486bf0,Sexy::ResourceManager::BaseRes::vfunction2
Sexy::DeadFish,vftable,00597bfc,31,0x7c,vfunction32,0046de80,Sexy::Widget::vfunction32
Sexy::DeadFish,vftable,00597bfc,32,0x80,vfunction33,0046df70,Sexy::Widget::vfunction33
Sexy::DeadFish,vftable,00597bfc,33,0x84,vfunction34,0046ded0,Sexy::Widget::vfunction34
Sexy::DeadFish,vftable,00597bfc,34,0x88,vfunction35,0046e010,Sexy::Widget::vfunction35
Sexy::DeadFish,vftable,00597bfc,35,0x8c,vfunction36,0046e130,Sexy::Widget::vfunction36
Sexy::DeadFish,vftable,00597bfc,36,0x90,vfunction37,0046e0c0,Sexy::Widget::vfunction37
Sexy::DeadFish,vftable,00597bfc,37,0x94,vfunction38,0046e270,Sexy::Widget::vfunction38
Sexy::DeadFish,vftable,00597bfc,38,0x98,vfunction39,0046e370,Sexy::Widget::vfunction39
Sexy::DeadFish,vftable,00597bfc,39,0x9c,vfunction40,0046e210,Sexy::Widget::vfunction40
Sexy::DeadFish,vftable,00597bfc,40,0xa0,vfunction41,0046e1b0,Sexy::Widget::vfunction41
Sexy::DeadFish,vftable,00597bfc,41,0xa4,vfunction42,0046e240,Sexy::Widget::vfunction42
Sexy::DeadFish,vftable,00597bfc,42,0xa8,vfunction43,0046e260,Sexy::Widget::vfunction43
Sexy::DeadFish,vftable,00597bfc,43,0xac,vfunction44,0046deb0,Sexy::Widget::vfunction44
Sexy::DeadFish,vftable,00597bfc,44,0xb0,vfunction45,0046c690,Sexy::ResourceManager::vfunction14
Sexy::DeadFish,vftable,00597bfc,45,0xb4,vfunction46,0046e2f0,Sexy::Widget::vfunction46
Sexy::DeadFish,vftable,00597bfc,46,0xb8,vfunction47,0046e300,Sexy::Widget::vfunction47
Sexy::DeadFish,vftable,00597bfc,47,0xbc,vfunction48,0046c690,Sexy::ResourceManager::vfunction14
Sexy::DeadFish,vftable,00597bfc,48,0xc0,vfunction49,0046e320,Sexy::Widget::vfunction49
Sexy::DeadFish,vftable,00597bfc,49,0xc4,vfunction50,0046c690,Sexy::ResourceManager::vfunction14
Sexy::DeadFish,vftable,00597bfc,50,0xc8,vfunction51,00486bf0,Sexy::ResourceManager::BaseRes::vfunction2
Sexy::DeadFish,vftable,00597bfc,51,0xcc,vfunction52,00486bf0,Sexy::ResourceManager::BaseRes::vfunction2
Sexy::DeadFish,vftable,00597bfc,52,0xd0,vfunction53,0046eb50,Sexy::DialogListener::vfunction1
Sexy::DeadFish,vftable,00597bfc,53,0xd4,vfunction54,0046e400,Sexy::MusicInterface::vfunction13
Sexy::DeadFish,vftable,00597bfc,54,0xd8,vfunction55,0046e3a0,Sexy::Widget::vfunction55
Sexy::DeadFish,vftable,00597bfc,55,0xdc,vfunction56,0046e400,Sexy::MusicInterface::vfunction13
Sexy::DeadFish,vftable,00597bfc,56,0xe0,vfunction57,0046e410,Sexy::Widget::vfunction57
Sexy::DeadFish,vftable,00597bfc,57,0xe4,vfunction58,0046eb50,Sexy::DialogListener::vfunction1
Sexy::DeadFish,vftable,00597bfc,58,0xe8,vfunction59,0046eb50,Sexy::DialogListener::vfunction1
Sexy::DeadFish,vftable,00597bfc,59,0xec,vfunction60,0046c690,Sexy::ResourceManager::vfunction14
Sexy::DeadFish,vftable,00597bfc,60,0xf0,vfunction61,0046de70,Sexy::Widget::vfunction61
Sexy::DeadFish,vftable,00597bfc,61,0xf4,vfunction62,0046e500,Sexy::Widget::vfunction62
Sexy::DeadFish,vftable,00597bfc,62,0xf8,vfunction63,0046e480,Sexy::Widget::vfunction63
Sexy::DeadFish,vftable,00597bfc,63,0xfc,vfunction64,0046e620,Sexy::Widget::vfunction64
Sexy::DeadFish,vftable,00597bfc,64,0x100,vfunction65,0046e670,Sexy::Widget::vfunction65
Sexy::DeadFish,vftable,00597bfc,65,0x104,vfunction66,0046e6b0,Sexy::Widget::vfunction66
Sexy::DeadFish,vftable,00597bfc,66,0x108,vfunction67,0046e6d0,Sexy::Widget::vfunction67
Sexy::DeadFish,vftable,00597bfc,67,0x10c,vfunction68,0046e700,Sexy::Widget::vfunction68
Sexy::DeadFish,vftable,00597bfc,68,0x110,vfunction69,0046e800,Sexy::Widget::vfunction69
Sexy::DeadFish,vftable,00597bfc,69,0x114,vfunction70,0046e840,Sexy::Widget::vfunction70
Sexy::DeadFish,vftable,00597bfc,70,0x118,vfunction71,0051a440,Sexy::ListListener::vfunction2
Sexy::DeadFish,vftable,00597bfc,71,0x11c,vfunction72,004e9df0,Sexy::GameObject::vfunction72
Sexy::DeadFish,vftable,00597bfc,72,0x120,vfunction73,004d68d0,Sexy::GameObject::vfunction73
Sexy::DeadFish,vftable,00597bfc,73,0x124,vfunction74,0051a440,Sexy::ListListener::vfunction2
Sexy::DeadFish,vftable,00597bfc,74,0x128,vfunction75,004e9e00,Sexy::GameObject::vfunction75
Sexy::DeadFish,vftable,00597bfc,75,0x12c,vfunction76,004eec00,Sexy::DeadAlien::vfunction76
Sexy::DeadFish,vftable,00597bfc,76,0x130,vfunction77,00519120,Sexy::CheckboxListener::vfunction1
Sexy::DeadFish,vftable,00597bfc,77,0x134,vfunction78,0051a440,Sexy::ListListener::vfunction2
Sexy::DeadFish,vftable,00597bfc,78,0x138,vfunction79,004e9e00,Sexy::GameObject::vfunction75
Sexy::DeadFish,vftable,00597bfc,79,0x13c,vfunction80,00519120,Sexy::CheckboxListener::vfunction1
Sexy::DeadFish,vftable,00597bfc,80,0x140,vfunction81,004ddf60,Sexy::DeadFish::vfunction81
Sexy::DeadFish,vftable,00597bfc,81,0x144,vfunction82,004db250,Sexy::DeadFish::vfunction82
Sexy::Fish,vftable,00597d54,0,0x0,vfunction1,004f0cb0,Sexy::Fish::deleting_destructor
Sexy::Fish,vftable,00597d54,1,0x4,vfunction2,0046b5b0,Sexy::WidgetContainer::vfunction2
Sexy::Fish,vftable,00597d54,2,0x8,vfunction3,0046b5d0,Sexy::WidgetContainer::vfunction3
Sexy::Fish,vftable,00597d54,3,0xc,vfunction4,0046b640,Sexy::WidgetContainer::vfunction4
Sexy::Fish,vftable,00597d54,4,0x10,vfunction5,0046b760,Sexy::WidgetContainer::vfunction5
Sexy::Fish,vftable,00597d54,5,0x14,vfunction6,0046b700,Sexy::WidgetContainer::vfunction6
Sexy::Fish,vftable,00597d54,6,0x18,vfunction7,0046c690,Sexy::ResourceManager::vfunction14
Sexy::Fish,vftable,00597d54,7,0x1c,vfunction8,0046b550,Sexy::WidgetContainer::vfunction8
Sexy::Fish,vftable,00597d54,8,0x20,vfunction9,0046c690,Sexy::ResourceManager::vfunction14
Sexy::Fish,vftable,00597d54,9,0x24,vfunction10,0046ba90,Sexy::WidgetContainer::vfunction10
Sexy::Fish,vftable,00597d54,10,0x28,vfunction11,0046bab0,Sexy::WidgetContainer::vfunction11
Sexy::Fish,vftable,00597d54,11,0x2c,vfunction12,0046bc50,Sexy::WidgetContainer::vfunction12
Sexy::Fish,vftable,00597d54,12,0x30,vfunction13,0046bd20,Sexy::WidgetContainer::vfunction13
Sexy::Fish,vftable,00597d54,13,0x34,vfunction14,0046bdf0,Sexy::WidgetContainer::vfunction14
Sexy::Fish,vftable,00597d54,14,0x38,vfunction15,0046bf00,Sexy::WidgetContainer::vfunction15
Sexy::Fish,vftable,00597d54,15,0x3c,vfunction16,0046c030,Sexy::WidgetContainer::vfunction16
Sexy::Fish,vftable,00597d54,16,0x40,vfunction17,0046c430,Sexy::WidgetContainer::vfunction17
Sexy::Fish,vftable,00597d54,17,0x44,vfunction18,0046c180,Sexy::WidgetContainer::vfunction18
Sexy::Fish,vftable,00597d54,18,0x48,vfunction19,0046c1c0,Sexy::WidgetContainer::vfunction19
Sexy::Fish,vftable,00597d54,19,0x4c,vfunction20,0046c1a0,Sexy::WidgetContainer::vfunction20
Sexy::Fish,vftable,00597d54,20,0x50,vfunction21,0046c090,Sexy::WidgetContainer::vfunction21
Sexy::Fish,vftable,00597d54,21,0x54,vfunction22,0046c100,Sexy::WidgetContainer::vfunction22
Sexy::Fish,vftable,00597d54,22,0x58,vfunction23,004f6970,Sexy::Fish::vfunction23
Sexy::Fish,vftable,00597d54,23,0x5c,vfunction24,0046c500,Sexy::WidgetContainer::vfunction24
Sexy::Fish,vftable,00597d54,24,0x60,vfunction25,0046c690,Sexy::ResourceManager::vfunction14
Sexy::Fish,vftable,00597d54,25,0x64,vfunction26,0046c6a0,Sexy::WidgetContainer::vfunction26
Sexy::Fish,vftable,00597d54,26,0x68,vfunction27,004e4a90,Sexy::Fish::vfunction27
Sexy::Fish,vftable,00597d54,27,0x6c,vfunction28,0046c7f0,Sexy::WidgetContainer::vfunction28
Sexy::Fish,vftable,00597d54,28,0x70,vfunction29,0046c9c0,Sexy::WidgetContainer::vfunction29
Sexy::Fish,vftable,00597d54,29,0x74,vfunction30,00486bf0,Sexy::ResourceManager::BaseRes::vfunction2
Sexy::Fish,vftable,00597d54,30,0x78,vfunction31,00486bf0,Sexy::ResourceManager::BaseRes::vfunction2
Sexy::Fish,vftable,00597d54,31,0x7c,vfunction32,0046de80,Sexy::Widget::vfunction32
Sexy::Fish,vftable,00597d54,32,0x80,vfunction33,0046df70,Sexy::Widget::vfunction33
Sexy::Fish,vftable,00597d54,33,0x84,vfunction34,0046ded0,Sexy::Widget::vfunction34
Sexy::Fish,vftable,00597d54,34,0x88,vfunction35,0046e010,Sexy::Widget::vfunction35
Sexy::Fish,vftable,00597d54,35,0x8c,vfunction36,0046e130,Sexy::Widget::vfunction36
Sexy::Fish,vftable,00597d54,36,0x90,vfunction37,0046e0c0,Sexy::Widget::vfunction37
Sexy::Fish,vftable,00597d54,37,0x94,vfunction38,0046e270,Sexy::Widget::vfunction38
Sexy::Fish,vftable,00597d54,38,0x98,vfunction39,0046e370,Sexy::Widget::vfunction39
Sexy::Fish,vftable,00597d54,39,0x9c,vfunction40,0046e210,Sexy::Widget::vfunction40
Sexy::Fish,vftable,00597d54,40,0xa0,vfunction41,0046e1b0,Sexy::Widget::vfunction41
Sexy::Fish,vftable,00597d54,41,0xa4,vfunction42,0046e240,Sexy::Widget::vfunction42
Sexy::Fish,vftable,00597d54,42,0xa8,vfunction43,0046e260,Sexy::Widget::vfunction43
Sexy::Fish,vftable,00597d54,43,0xac,vfunction44,0046deb0,Sexy::Widget::vfunction44
Sexy::Fish,vftable,00597d54,44,0xb0,vfunction45,0046c690,Sexy::ResourceManager::vfunction14
Sexy::Fish,vftable,00597d54,45,0xb4,vfunction46,0046e2f0,Sexy::Widget::vfunction46
Sexy::Fish,vftable,00597d54,46,0xb8,vfunction47,0046e300,Sexy::Widget::vfunction47
Sexy::Fish,vftable,00597d54,47,0xbc,vfunction48,0046c690,Sexy::ResourceManager::vfunction14
Sexy::Fish,vftable,00597d54,48,0xc0,vfunction49,0046e320,Sexy::Widget::vfunction49
Sexy::Fish,vftable,00597d54,49,0xc4,vfunction50,0046c690,Sexy::ResourceManager::vfunction14
Sexy::Fish,vftable,00597d54,50,0xc8,vfunction51,00486bf0,Sexy::ResourceManager::BaseRes::vfunction2
Sexy::Fish,vftable,00597d54,51,0xcc,vfunction52,00486bf0,Sexy::ResourceManager::BaseRes::vfunction2
Sexy::Fish,vftable,00597d54,52,0xd0,vfunction53,0046eb50,Sexy::DialogListener::vfunction1
Sexy::Fish,vftable,00597d54,53,0xd4,vfunction54,0046e400,Sexy::MusicInterface::vfunction13
Sexy::Fish,vftable,00597d54,54,0xd8,vfunction55,004e4c10,Sexy::Fish::vfunction55
Sexy::Fish,vftable,00597d54,55,0xdc,vfunction56,0046e400,Sexy::MusicInterface::vfunction13
Sexy::Fish,vftable,00597d54,56,0xe0,vfunction57,004d5300,Sexy::OtherTypePet::vfunction57
Sexy::Fish,vftable,00597d54,57,0xe4,vfunction58,0046eb50,Sexy::DialogListener::vfunction1
Sexy::Fish,vftable,00597d54,58,0xe8,vfunction59,004d8c10,Sexy::Grubber::vfunction59
Sexy::Fish,vftable,00597d54,59,0xec,vfunction60,0046c690,Sexy::ResourceManager::vfunction14
Sexy::Fish,vftable,00597d54,60,0xf0,vfunction61,0046de70,Sexy::Widget::vfunction61
Sexy::Fish,vftable,00597d54,61,0xf4,vfunction62,0046e500,Sexy::Widget::vfunction62
Sexy::Fish,vftable,00597d54,62,0xf8,vfunction63,0046e480,Sexy::Widget::vfunction63
Sexy::Fish,vftable,00597d54,63,0xfc,vfunction64,0046e620,Sexy::Widget::vfunction64
Sexy::Fish,vftable,00597d54,64,0x100,vfunction65,0046e670,Sexy::Widget::vfunction65
Sexy::Fish,vftable,00597d54,65,0x104,vfunction66,0046e6b0,Sexy::Widget::vfunction66
Sexy::Fish,vftable,00597d54,66,0x108,vfunction67,0046e6d0,Sexy::Widget::vfunction67
Sexy::Fish,vftable,00597d54,67,0x10c,vfunction68,0046e700,Sexy::Widget::vfunction68
Sexy::Fish,vftable,00597d54,68,0x110,vfunction69,0046e800,Sexy::Widget::vfunction69
Sexy::Fish,vftable,00597d54,69,0x114,vfunction70,0046e840,Sexy::Widget::vfunction70
Sexy::Fish,vftable,00597d54,70,0x118,vfunction71,0051a440,Sexy::ListListener::vfunction2
Sexy::Fish,vftable,00597d54,71,0x11c,vfunction72,004d5a80,Sexy::Fish::vfunction72
Sexy::Fish,vftable,00597d54,72,0x120,vfunction73,004df130,Sexy::Fish::vfunction73
Sexy::Fish,vftable,00597d54,73,0x124,vfunction74,0051a440,Sexy::ListListener::vfunction2
Sexy::Fish,vftable,00597d54,74,0x128,vfunction75,004e9e00,Sexy::GameObject::vfunction75
Sexy::Fish,vftable,00597d54,75,0x12c,vfunction76,004f01d0,Sexy::Fish::vfunction76
Sexy::Fish,vftable,00597d54,76,0x130,vfunction77,004d8e40,Sexy::Grubber::vfunction77
Sexy::Fish,vftable,00597d54,77,0x134,vfunction78,004f1ba0,Sexy::Fish::vfunction78
Sexy::Fish,vftable,00597d54,78,0x138,vfunction79,004df070,Sexy::Fish::vfunction79
Sexy::Fish,vftable,00597d54,79,0x13c,vfunction80,004dee90,Sexy::Fish::vfunction80
Sexy::Fish,vftable,00597d54,80,0x140,vfunction81,004de610,Sexy::Fish::vfunction81
Sexy::Fish,vftable,00597d54,81,0x144,vfunction82,004f1400,Sexy::Fish::vfunction82
Sexy::Fish,vftable,00597d54,82,0x148,vfunction83,004f15c0,Sexy::Fish::vfunction83
Sexy::Fish,vftable,00597d54,83,0x14c,vfunction84,004dea00,Sexy::Fish::vfunction84
Sexy::Fish,vftable,00597d54,84,0x150,vfunction85,004d5b20,Sexy::Fish::vfunction85
Sexy::Fish,vftable,00597d54,85,0x154,vfunction86,004ef050,Sexy::Fish::vfunction86
Sexy::Fish,vftable,00597d54,86,0x158,vfunction87,004ef1b0,Sexy::Fish::vfunction87
Sexy::Fish,vftable,00597d54,87,0x15c,vfunction88,004df0b0,Sexy::Fish::vfunction88
Sexy::Fish,vftable,00597d54,88,0x160,vfunction89,004d5f90,Sexy::Fish::vfunction89
Sexy::Fish,vftable,00597d54,89,0x164,vfunction90,004de840,Sexy::Fish::vfunction90
Sexy::Fish,vftable,00597d54,90,0x168,vfunction91,004d5650,Sexy::Fish::vfunction91
Sexy::FishTypePet,vftable,00597ec4,0,0x0,vfunction1,004f0ce0,Sexy::FishTypePet::deleting_destructor
Sexy::FishTypePet,vftable,00597ec4,1,0x4,vfunction2,0046b5b0,Sexy::WidgetContainer::vfunction2
Sexy::FishTypePet,vftable,00597ec4,2,0x8,vfunction3,0046b5d0,Sexy::WidgetContainer::vfunction3
Sexy::FishTypePet,vftable,00597ec4,3,0xc,vfunction4,0046b640,Sexy::WidgetContainer::vfunction4
Sexy::FishTypePet,vftable,00597ec4,4,0x10,vfunction5,0046b760,Sexy::WidgetContainer::vfunction5
Sexy::FishTypePet,vftable,00597ec4,5,0x14,vfunction6,0046b700,Sexy::WidgetContainer::vfunction6
Sexy::FishTypePet,vftable,00597ec4,6,0x18,vfunction7,0046c690,Sexy::ResourceManager::vfunction14
Sexy::FishTypePet,vftable,00597ec4,7,0x1c,vfunction8,0046b550,Sexy::WidgetContainer::vfunction8
Sexy::FishTypePet,vftable,00597ec4,8,0x20,vfunction9,0046c690,Sexy::ResourceManager::vfunction14
Sexy::FishTypePet,vftable,00597ec4,9,0x24,vfunction10,0046ba90,Sexy::WidgetContainer::vfunction10
Sexy::FishTypePet,vftable,00597ec4,10,0x28,vfunction11,0046bab0,Sexy::WidgetContainer::vfunction11
Sexy::FishTypePet,vftable,00597ec4,11,0x2c,vfunction12,0046bc50,Sexy::WidgetContainer::vfunction12
Sexy::FishTypePet,vftable,00597ec4,12,0x30,vfunction13,0046bd20,Sexy::WidgetContainer::vfunction13
Sexy::FishTypePet,vftable,00597ec4,13,0x34,vfunction14,0046bdf0,Sexy::WidgetContainer::vfunction14
Sexy::FishTypePet,vftable,00597ec4,14,0x38,vfunction15,0046bf00,Sexy::WidgetContainer::vfunction15
Sexy::FishTypePet,vftable,00597ec4,15,0x3c,vfunction16,0046c030,Sexy::WidgetContainer::vfunction16
Sexy::FishTypePet,vftable,00597ec4,16,0x40,vfunction17,0046c430,Sexy::WidgetContainer::vfunction17
Sexy::FishTypePet,vftable,00597ec4,17,0x44,vfunction18,0046c180,Sexy::WidgetContainer::vfunction18
Sexy::FishTypePet,vftable,00597ec4,18,0x48,vfunction19,0046c1c0,Sexy::WidgetContainer::vfunction19
Sexy::FishTypePet,vftable,00597ec4,19,0x4c,vfunction20,0046c1a0,Sexy::WidgetContainer::vfunction20
Sexy::FishTypePet,vftable,00597ec4,20,0x50,vfunction21,0046c090,Sexy::WidgetContainer::vfunction21
Sexy::FishTypePet,vftable,00597ec4,21,0x54,vfunction22,0046c100,Sexy::WidgetContainer::vfunction22
Sexy::FishTypePet,vftable,00597ec4,22,0x58,vfunction23,004f7ad0,Sexy::FishTypePet::vfunction23
Sexy::FishTypePet,vftable,00597ec4,23,0x5c,vfunction24,0046c500,Sexy::WidgetContainer::vfunction24
Sexy::FishTypePet,vftable,00597ec4,24,0x60,vfunction25,0046c690,Sexy::ResourceManager::vfunction14
Sexy::FishTypePet,vftable,00597ec4,25,0x64,vfunction26,0046c6a0,Sexy::WidgetContainer::vfunction26
Sexy::FishTypePet,vftable,00597ec4,26,0x68,vfunction27,004e4a90,Sexy::Fish::vfunction27
Sexy::FishTypePet,vftable,00597ec4,27,0x6c,vfunction28,0046c7f0,Sexy::WidgetContainer::vfunction28
Sexy::FishTypePet,vftable,00597ec4,28,0x70,vfunction29,0046c9c0,Sexy::WidgetContainer::vfunction29
Sexy::FishTypePet,vftable,00597ec4,29,0x74,vfunction30,00486bf0,Sexy::ResourceManager::BaseRes::vfunction2
Sexy::FishTypePet,vftable,00597ec4,30,0x78,vfunction31,00486bf0,Sexy::ResourceManager::BaseRes::vfunction2
Sexy::FishTypePet,vftable,00597ec4,31,0x7c,vfunction32,0046de80,Sexy::Widget::vfunction32
Sexy::FishTypePet,vftable,00597ec4,32,0x80,vfunction33,0046df70,Sexy::Widget::vfunction33
Sexy::FishTypePet,vftable,00597ec4,33,0x84,vfunction34,0046ded0,Sexy::Widget::vfunction34
Sexy::FishTypePet,vftable,00597ec4,34,0x88,vfunction35,0046e010,Sexy::Widget::vfunction35
Sexy::FishTypePet,vftable,00597ec4,35,0x8c,vfunction36,0046e130,Sexy::Widget::vfunction36
Sexy::FishTypePet,vftable,00597ec4,36,0x90,vfunction37,0046e0c0,Sexy::Widget::vfunction37
Sexy::FishTypePet,vftable,00597ec4,37,0x94,vfunction38,0046e270,Sexy::Widget::vfunction38
Sexy::FishTypePet,vftable,00597ec4,38,0x98,vfunction39,0046e370,Sexy::Widget::vfunction39
Sexy::FishTypePet,vftable,00597ec4,39,0x9c,vfunction40,0046e210,Sexy::Widget::vfunction40
Sexy::FishTypePet,vftable,00597ec4,40,0xa0,vfunction41,0046e1b0,Sexy::Widget::vfunction41
Sexy::FishTypePet,vftable,00597ec4,41,0xa4,vfunction42,0046e240,Sexy::Widget::vfunction42
Sexy::FishTypePet,vftable,00597ec4,42,0xa8,vfunction43,0046e260,Sexy::Widget::vfunction43
Sexy::FishTypePet,vftable,00597ec4,43,0xac,vfunction44,0046deb0,Sexy::Widget::vfunction44
Sexy::FishTypePet,vftable,00597ec4,44,0xb0,vfunction45,0046c690,Sexy::ResourceManager::vfunction14
Sexy::FishTypePet,vftable,00597ec4,45,0xb4,vfunction46,0046e2f0,Sexy::Widget::vfunction46
Sexy::FishTypePet,vftable,00597ec4,46,0xb8,vfunction47,0046e300,Sexy::Widget::vfunction47
Sexy::FishTypePet,vftable,00597ec4,47,0xbc,vfunction48,0046c690,Sexy::ResourceManager::vfunction14
Sexy::FishTypePet,vftable,00597ec4,48,0xc0,vfunction49,0046e320,Sexy::Widget::vfunction49
Sexy::FishTypePet,vftable,00597ec4,49,0xc4,vfunction50,0046c690,Sexy::ResourceManager::vfunction14
Sexy::FishTypePet,vftable,00597ec4,50,0xc8,vfunction51,00486bf0,Sexy::ResourceManager::BaseRes::vfunction2
Sexy::FishTypePet,vftable,00597ec4,51,0xcc,vfunction52,00486bf0,Sexy::ResourceManager::BaseRes::vfunction2
Sexy::FishTypePet,vftable,00597ec4,52,0xd0,vfunction53,0046eb50,Sexy::DialogListener::vfunction1
Sexy::FishTypePet,vftable,00597ec4,53,0xd4,vfunction54,0046e400,Sexy::MusicInterface::vfunction13
Sexy::FishTypePet,vftable,00597ec4,54,0xd8,vfunction55,004fbe20,Sexy::FishTypePet::vfunction55
Sexy::FishTypePet,vftable,00597ec4,55,0xdc,vfunction56,0046e400,Sexy::MusicInterface::vfunction13
Sexy::FishTypePet,vftable,00597ec4,56,0xe0,vfunction57,004d5300,Sexy::OtherTypePet::vfunction57
Sexy::FishTypePet,vftable,00597ec4,57,0xe4,vfunction58,0046eb50,Sexy::DialogListener::vfunction1
Sexy::FishTypePet,vftable,00597ec4,58,0xe8,vfunction59,004d8c10,Sexy::Grubber::vfunction59
Sexy::FishTypePet,vftable,00597ec4,59,0xec,vfunction60,0046c690,Sexy::ResourceManager::vfunction14
Sexy::FishTypePet,vftable,00597ec4,60,0xf0,vfunction61,0046de70,Sexy::Widget::vfunction61
Sexy::FishTypePet,vftable,00597ec4,61,0xf4,vfunction62,0046e500,Sexy::Widget::vfunction62
Sexy::FishTypePet,vftable,00597ec4,62,0xf8,vfunction63,0046e480,Sexy::Widget::vfunction63
Sexy::FishTypePet,vftable,00597ec4,63,0xfc,vfunction64,0046e620,Sexy::Widget::vfunction64
Sexy::FishTypePet,vftable,00597ec4,64,0x100,vfunction65,0046e670,Sexy::Widget::vfunction65
Sexy::FishTypePet,vftable,00597ec4,65,0x104,vfunction66,0046e6b0,Sexy::Widget::vfunction66
Sexy::FishTypePet,vftable,00597ec4,66,0x108,vfunction67,0046e6d0,Sexy::Widget::vfunction67
Sexy::FishTypePet,vftable,00597ec4,67,0x10c,vfunction68,0046e700,Sexy::Widget::vfunction68
Sexy::FishTypePet,vftable,00597ec4,68,0x110,vfunction69,0046e800,Sexy::Widget::vfunction69
Sexy::FishTypePet,vftable,00597ec4,69,0x114,vfunction70,0046e840,Sexy::Widget::vfunction70
Sexy::FishTypePet,vftable,00597ec4,70,0x118,vfunction71,004d6230,Sexy::FishTypePet::vfunction71
Sexy::FishTypePet,vftable,00597ec4,71,0x11c,vfunction72,004d5a80,Sexy::Fish::vfunction72
Sexy::FishTypePet,vftable,00597ec4,72,0x120,vfunction73,004df130,Sexy::Fish::vfunction73
Sexy::FishTypePet,vftable,00597ec4,73,0x124,vfunction74,004f89a0,Sexy::FishTypePet::vfunction74
Sexy::FishTypePet,vftable,00597ec4,74,0x128,vfunction75,004e9e00,Sexy::GameObject::vfunction75
Sexy::FishTypePet,vftable,00597ec4,75,0x12c,vfunction76,004e0e70,thunk 004ef410 -> Sexy::OtherTypePet::vfunction76
Sexy::FishTypePet,vftable,00597ec4,76,0x130,vfunction77,004d8e40,Sexy::Grubber::vfunction77
Sexy::FishTypePet,vftable,00597ec4,77,0x134,vfunction78,004f1ba0,Sexy::Fish::vfunction78
Sexy::FishTypePet,vftable,00597ec4,78,0x138,vfunction79,004df070,Sexy::Fish::vfunction79
Sexy::FishTypePet,vftable,00597ec4,79,0x13c,vfunction80,004dee90,Sexy::Fish::vfunction80
Sexy::FishTypePet,vftable,00597ec4,80,0x140,vfunction81,004df180,Sexy::FishTypePet::vfunction81
Sexy::FishTypePet,vftable,00597ec4,81,0x144,vfunction82,004e5900,Sexy::FishTypePet::vfunction82
Sexy::FishTypePet,vftable,00597ec4,82,0x148,vfunction83,004e9790,Sexy::FishTypePet::vfunction83
Sexy::FishTypePet,vftable,00597ec4,83,0x14c,vfunction84,004f8610,Sexy::FishTypePet::vfunction84
Sexy::FishTypePet,vftable,00597ec4,84,0x150,vfunction85,004e02d0,Sexy::FishTypePet::vfunction85
Sexy::FishTypePet,vftable,00597ec4,85,0x154,vfunction86,004e5fc0,Sexy::FishTypePet::vfunction86
Sexy::FishTypePet,vftable,00597ec4,86,0x158,vfunction87,004fe740,Sexy::FishTypePet::vfunction87
Sexy::FishTypePet,vftable,00597ec4,87,0x15c,vfunction88,004df0b0,Sexy::Fish::vfunction88
Sexy::FishTypePet,vftable,00597ec4,88,0x160,vfunction89,004d5f90,Sexy::Fish::vfunction89
Sexy::FishTypePet,vftable,00597ec4,89,0x164,vfunction90,004dfc50,Sexy::FishTypePet::vfunction90
Sexy::FishTypePet,vftable,00597ec4,90,0x168,vfunction91,004d5650,Sexy::Fish::vfunction91
Sexy::BoxingGlove,vftable,00598034,0,0x0,vfunction1,004f0180,Sexy::Food::deleting_destructor
Sexy::BoxingGlove,vftable,00598034,1,0x4,vfunction2,0046b5b0,Sexy::WidgetContainer::vfunction2
Sexy::BoxingGlove,vftable,00598034,2,0x8,vfunction3,0046b5d0,Sexy::WidgetContainer::vfunction3
Sexy::BoxingGlove,vftable,00598034,3,0xc,vfunction4,0046b640,Sexy::WidgetContainer::vfunction4
Sexy::BoxingGlove,vftable,00598034,4,0x10,vfunction5,0046b760,Sexy::WidgetContainer::vfunction5
Sexy::BoxingGlove,vftable,00598034,5,0x14,vfunction6,0046b700,Sexy::WidgetContainer::vfunction6
Sexy::BoxingGlove,vftable,00598034,6,0x18,vfunction7,0046c690,Sexy::ResourceManager::vfunction14
Sexy::BoxingGlove,vftable,00598034,7,0x1c,vfunction8,0046b550,Sexy::WidgetContainer::vfunction8
Sexy::BoxingGlove,vftable,00598034,8,0x20,vfunction9,0046c690,Sexy::ResourceManager::vfunction14
Sexy::BoxingGlove,vftable,00598034,9,0x24,vfunction10,0046ba90,Sexy::WidgetContainer::vfunction10
Sexy::BoxingGlove,vftable,00598034,10,0x28,vfunction11,0046bab0,Sexy::WidgetContainer::vfunction11
Sexy::BoxingGlove,vftable,00598034,11,0x2c,vfunction12,0046bc50,Sexy::WidgetContainer::vfunction12
Sexy::BoxingGlove,vftable,00598034,12,0x30,vfunction13,0046bd20,Sexy::WidgetContainer::vfunction13
Sexy::BoxingGlove,vftable,00598034,13,0x34,vfunction14,0046bdf0,Sexy::WidgetContainer::vfunction14
Sexy::BoxingGlove,vftable,00598034,14,0x38,vfunction15,0046bf00,Sexy::WidgetContainer::vfunction15
Sexy::BoxingGlove,vftable,00598034,15,0x3c,vfunction16,0046c030,Sexy::WidgetContainer::vfunction16
Sexy::BoxingGlove,vftable,00598034,16,0x40,vfunction17,0046c430,Sexy::WidgetContainer::vfunction17
Sexy::BoxingGlove,vftable,00598034,17,0x44,vfunction18,0046c180,Sexy::WidgetContainer::vfunction18
Sexy::BoxingGlove,vftable,00598034,18,0x48,vfunction19,0046c1c0,Sexy::WidgetContainer::vfunction19
Sexy::BoxingGlove,vftable,00598034,19,0x4c,vfunction20,0046c1a0,Sexy::WidgetContainer::vfunction20
Sexy::BoxingGlove,vftable,00598034,20,0x50,vfunction21,0046c090,Sexy::WidgetContainer::vfunction21
Sexy::BoxingGlove,vftable,00598034,21,0x54,vfunction22,0046c100,Sexy::WidgetContainer::vfunction22
Sexy::BoxingGlove,vftable,00598034,22,0x58,vfunction23,004e9a60,Sexy::BoxingGlove::vfunction23
Sexy::BoxingGlove,vftable,00598034,23,0x5c,vfunction24,0046c500,Sexy::WidgetContainer::vfunction24
Sexy::BoxingGlove,vftable,00598034,24,0x60,vfunction25,0046c690,Sexy::ResourceManager::vfunction14
Sexy::BoxingGlove,vftable,00598034,25,0x64,vfunction26,0046c6a0,Sexy::WidgetContainer::vfunction26
Sexy::BoxingGlove,vftable,00598034,26,0x68,vfunction27,004e1000,Sexy::BoxingGlove::vfunction27
Sexy::BoxingGlove,vftable,00598034,27,0x6c,vfunction28,0046c7f0,Sexy::WidgetContainer::vfunction28
Sexy::BoxingGlove,vftable,00598034,28,0x70,vfunction29,0046c9c0,Sexy::WidgetContainer::vfunction29
Sexy::BoxingGlove,vftable,00598034,29,0x74,vfunction30,00486bf0,Sexy::ResourceManager::BaseRes::vfunction2
Sexy::BoxingGlove,vftable,00598034,30,0x78,vfunction31,00486bf0,Sexy::ResourceManager::BaseRes::vfunction2
Sexy::BoxingGlove,vftable,00598034,31,0x7c,vfunction32,0046de80,Sexy::Widget::vfunction32
Sexy::BoxingGlove,vftable,00598034,32,0x80,vfunction33,0046df70,Sexy::Widget::vfunction33
Sexy::BoxingGlove,vftable,00598034,33,0x84,vfunction34,0046ded0,Sexy::Widget::vfunction34
Sexy::BoxingGlove,vftable,00598034,34,0x88,vfunction35,0046e010,Sexy::Widget::vfunction35
Sexy::BoxingGlove,vftable,00598034,35,0x8c,vfunction36,0046e130,Sexy::Widget::vfunction36
Sexy::BoxingGlove,vftable,00598034,36,0x90,vfunction37,0046e0c0,Sexy::Widget::vfunction37
Sexy::BoxingGlove,vftable,00598034,37,0x94,vfunction38,0046e270,Sexy::Widget::vfunction38
Sexy::BoxingGlove,vftable,00598034,38,0x98,vfunction39,0046e370,Sexy::Widget::vfunction39
Sexy::BoxingGlove,vftable,00598034,39,0x9c,vfunction40,0046e210,Sexy::Widget::vfunction40
Sexy::BoxingGlove,vftable,00598034,40,0xa0,vfunction41,0046e1b0,Sexy::Widget::vfunction41
Sexy::BoxingGlove,vftable,00598034,41,0xa4,vfunction42,0046e240,Sexy::Widget::vfunction42
Sexy::BoxingGlove,vftable,00598034,42,0xa8,vfunction43,0046e260,Sexy::Widget::vfunction43
Sexy::BoxingGlove,vftable,00598034,43,0xac,vfunction44,0046deb0,Sexy::Widget::vfunction44
Sexy::BoxingGlove,vftable,00598034,44,0xb0,vfunction45,0046c690,Sexy::ResourceManager::vfunction14
Sexy::BoxingGlove,vftable,00598034,45,0xb4,vfunction46,0046e2f0,Sexy::Widget::vfunction46
Sexy::BoxingGlove,vftable,00598034,46,0xb8,vfunction47,0046e300,Sexy::Widget::vfunction47
Sexy::BoxingGlove,vftable,00598034,47,0xbc,vfunction48,0046c690,Sexy::ResourceManager::vfunction14
Sexy::BoxingGlove,vftable,00598034,48,0xc0,vfunction49,0046e320,Sexy::Widget::vfunction49
Sexy::BoxingGlove,vftable,00598034,49,0xc4,vfunction50,0046c690,Sexy::ResourceManager::vfunction14
Sexy::BoxingGlove,vftable,00598034,50,0xc8,vfunction51,00486bf0,Sexy::ResourceManager::BaseRes::vfunction2
Sexy::BoxingGlove,vftable,00598034,51,0xcc,vfunction52,00486bf0,Sexy::ResourceManager::BaseRes::vfunction2
Sexy::BoxingGlove,vftable,00598034,52,0xd0,vfunction53,0046eb50,Sexy::DialogListener::vfunction1
Sexy::BoxingGlove,vftable,00598034,53,0xd4,vfunction54,0046e400,Sexy::MusicInterface::vfunction13
Sexy::BoxingGlove,vftable,00598034,54,0xd8,vfunction55,0046e3a0,Sexy::Widget::vfunction55
Sexy::BoxingGlove,vftable,00598034,55,0xdc,vfunction56,0046e400,Sexy::MusicInterface::vfunction13
Sexy::BoxingGlove,vftable,00598034,56,0xe0,vfunction57,0046e410,Sexy::Widget::vfunction57
Sexy::BoxingGlove,vftable,00598034,57,0xe4,vfunction58,0046eb50,Sexy::DialogListener::vfunction1
Sexy::BoxingGlove,vftable,00598034,58,0xe8,vfunction59,0046eb50,Sexy::DialogListener::vfunction1
Sexy::BoxingGlove,vftable,00598034,59,0xec,vfunction60,0046c690,Sexy::ResourceManager::vfunction14
Sexy::BoxingGlove,vftable,00598034,60,0xf0,vfunction61,0046de70,Sexy::Widget::vfunction61
Sexy::BoxingGlove,vftable,00598034,61,0xf4,vfunction62,0046e500,Sexy::Widget::vfunction62
Sexy::BoxingGlove,vftable,00598034,62,0xf8,vfunction63,0046e480,Sexy::Widget::vfunction63
Sexy::BoxingGlove,vftable,00598034,63,0xfc,vfunction64,0046e620,Sexy::Widget::vfunction64
Sexy::BoxingGlove,vftable,00598034,64,0x100,vfunction65,0046e670,Sexy::Widget::vfunction65
Sexy::BoxingGlove,vftable,00598034,65,0x104,vfunction66,0046e6b0,Sexy::Widget::vfunction66
Sexy::BoxingGlove,vftable,00598034,66,0x108,vfunction67,0046e6d0,Sexy::Widget::vfunction67
Sexy::BoxingGlove,vftable,00598034,67,0x10c,vfunction68,0046e700,Sexy::Widget::vfunction68
Sexy::BoxingGlove,vftable,00598034,68,0x110,vfunction69,0046e800,Sexy::Widget::vfunction69
Sexy::BoxingGlove,vftable,00598034,69,0x114,vfunction70,0046e840,Sexy::Widget::vfunction70
Sexy::BoxingGlove,vftable,00598034,70,0x118,vfunction71,0051a440,Sexy::ListListener::vfunction2
Sexy::BoxingGlove,vftable,00598034,71,0x11c,vfunction72,004e9df0,Sexy::GameObject::vfunction72
Sexy::BoxingGlove,vftable,00598034,72,0x120,vfunction73,004d68d0,Sexy::GameObject::vfunction73
Sexy::BoxingGlove,vftable,00598034,73,0x124,vfunction74,0051a440,Sexy::ListListener::vfunction2
Sexy::BoxingGlove,vftable,00598034,74,0x128,vfunction75,004e9e00,Sexy::GameObject::vfunction75
Sexy::BoxingGlove,vftable,00598034,75,0x12c,vfunction76,004e9e00,Sexy::GameObject::vfunction75
Sexy::BoxingGlove,vftable,00598034,76,0x130,vfunction77,00519120,Sexy::CheckboxListener::vfunction1
Sexy::BoxingGlove,vftable,00598034,77,0x134,vfunction78,0051a440,Sexy::ListListener::vfunction2
Sexy::BoxingGlove,vftable,00598034,78,0x138,vfunction79,004e9e00,Sexy::GameObject::vfunction75
Sexy::BoxingGlove,vftable,00598034,79,0x13c,vfunction80,00519120,Sexy::CheckboxListener::vfunction1
Sexy::BoxingGlove,vftable,00598034,80,0x140,vfunction81,004d6330,Sexy::GameObject::vfunction81
Sexy::Food,vftable,0059817c,0,0x0,vfunction1,004f0180,Sexy::Food::deleting_destructor
Sexy::Food,vftable,0059817c,1,0x4,vfunction2,0046b5b0,Sexy::WidgetContainer::vfunction2
Sexy::Food,vftable,0059817c,2,0x8,vfunction3,0046b5d0,Sexy::WidgetContainer::vfunction3
Sexy::Food,vftable,0059817c,3,0xc,vfunction4,0046b640,Sexy::WidgetContainer::vfunction4
Sexy::Food,vftable,0059817c,4,0x10,vfunction5,0046b760,Sexy::WidgetContainer::vfunction5
Sexy::Food,vftable,0059817c,5,0x14,vfunction6,0046b700,Sexy::WidgetContainer::vfunction6
Sexy::Food,vftable,0059817c,6,0x18,vfunction7,0046c690,Sexy::ResourceManager::vfunction14
Sexy::Food,vftable,0059817c,7,0x1c,vfunction8,0046b550,Sexy::WidgetContainer::vfunction8
Sexy::Food,vftable,0059817c,8,0x20,vfunction9,0046c690,Sexy::ResourceManager::vfunction14
Sexy::Food,vftable,0059817c,9,0x24,vfunction10,0046ba90,Sexy::WidgetContainer::vfunction10
Sexy::Food,vftable,0059817c,10,0x28,vfunction11,0046bab0,Sexy::WidgetContainer::vfunction11
Sexy::Food,vftable,0059817c,11,0x2c,vfunction12,0046bc50,Sexy::WidgetContainer::vfunction12
Sexy::Food,vftable,0059817c,12,0x30,vfunction13,0046bd20,Sexy::WidgetContainer::vfunction13
Sexy::Food,vftable,0059817c,13,0x34,vfunction14,0046bdf0,Sexy::WidgetContainer::vfunction14
Sexy::Food,vftable,0059817c,14,0x38,vfunction15,0046bf00,Sexy::WidgetContainer::vfunction15
Sexy::Food,vftable,0059817c,15,0x3c,vfunction16,0046c030,Sexy::WidgetContainer::vfunction16
Sexy::Food,vftable,0059817c,16,0x40,vfunction17,0046c430,Sexy::WidgetContainer::vfunction17
Sexy::Food,vftable,0059817c,17,0x44,vfunction18,0046c180,Sexy::WidgetContainer::vfunction18
Sexy::Food,vftable,0059817c,18,0x48,vfunction19,0046c1c0,Sexy::WidgetContainer::vfunction19
Sexy::Food,vftable,0059817c,19,0x4c,vfunction20,0046c1a0,Sexy::WidgetContainer::vfunction20
Sexy::Food,vftable,0059817c,20,0x50,vfunction21,0046c090,Sexy::WidgetContainer::vfunction21
Sexy::Food,vftable,0059817c,21,0x54,vfunction22,0046c100,Sexy::WidgetContainer::vfunction22
Sexy::Food,vftable,0059817c,22,0x58,vfunction23,004f8aa0,Sexy::Food::vfunction23
Sexy::Food,vftable,0059817c,23,0x5c,vfunction24,0046c500,Sexy::WidgetContainer::vfunction24
Sexy::Food,vftable,0059817c,24,0x60,vfunction25,0046c690,Sexy::ResourceManager::vfunction14
Sexy::Food,vftable,0059817c,25,0x64,vfunction26,0046c6a0,Sexy::WidgetContainer::vfunction26
Sexy::Food,vftable,0059817c,26,0x68,vfunction27,004e11e0,Sexy::Food::vfunction27
Sexy::Food,vftable,0059817c,27,0x6c,vfunction28,0046c7f0,Sexy::WidgetContainer::vfunction28
Sexy::Food,vftable,0059817c,28,0x70,vfunction29,0046c9c0,Sexy::WidgetContainer::vfunction29
Sexy::Food,vftable,0059817c,29,0x74,vfunction30,00486bf0,Sexy::ResourceManager::BaseRes::vfunction2
Sexy::Food,vftable,0059817c,30,0x78,vfunction31,00486bf0,Sexy::ResourceManager::BaseRes::vfunction2
Sexy::Food,vftable,0059817c,31,0x7c,vfunction32,0046de80,Sexy::Widget::vfunction32
Sexy::Food,vftable,0059817c,32,0x80,vfunction33,0046df70,Sexy::Widget::vfunction33
Sexy::Food,vftable,0059817c,33,0x84,vfunction34,0046ded0,Sexy::Widget::vfunction34
Sexy::Food,vftable,0059817c,34,0x88,vfunction35,0046e010,Sexy::Widget::vfunction35
Sexy::Food,vftable,0059817c,35,0x8c,vfunction36,0046e130,Sexy::Widget::vfunction36
Sexy::Food,vftable,0059817c,36,0x90,vfunction37,0046e0c0,Sexy::Widget::vfunction37
Sexy::Food,vftable,0059817c,37,0x94,vfunction38,0046e270,Sexy::Widget::vfunction38
Sexy::Food,vftable,0059817c,38,0x98,vfunction39,0046e370,Sexy::Widget::vfunction39
Sexy::Food,vftable,0059817c,39,0x9c,vfunction40,0046e210,Sexy::Widget::vfunction40
Sexy::Food,vftable,0059817c,40,0xa0,vfunction41,0046e1b0,Sexy::Widget::vfunction41
Sexy::Food,vftable,0059817c,41,0xa4,vfunction42,0046e240,Sexy::Widget::vfunction42
Sexy::Food,vftable,0059817c,42,0xa8,vfunction43,0046e260,Sexy::Widget::vfunction43
Sexy::Food,vftable,0059817c,43,0xac,vfunction44,0046deb0,Sexy::Widget::vfunction44
Sexy::Food,vftable,0059817c,44,0xb0,vfunction45,0046c690,Sexy::ResourceManager::vfunction14
Sexy::Food,vftable,0059817c,45,0xb4,vfunction46,0046e2f0,Sexy::Widget::vfunction46
Sexy::Food,vftable,0059817c,46,0xb8,vfunction47,0046e300,Sexy::Widget::vfunction47
Sexy::Food,vftable,0059817c,47,0xbc,vfunction48,0046c690,Sexy::ResourceManager::vfunction14
Sexy::Food,vftable,0059817c,48,0xc0,vfunction49,0046e320,Sexy::Widget::vfunction49
Sexy::Food,vftable,0059817c,49,0xc4,vfunction50,0046c690,Sexy::ResourceManager::vfunction14
Sexy::Food,vftable,0059817c,50,0xc8,vfunction51,00486bf0,Sexy::ResourceManager::BaseRes::vfunction2
Sexy::Food,vftable,0059817c,51,0xcc,vfunction52,00486bf0,Sexy::ResourceManager::BaseRes::vfunction2
Sexy::Food,vftable,0059817c,52,0xd0,vfunction53,0046eb50,Sexy::DialogListener::vfunction1
Sexy::Food,vftable,0059817c,53,0xd4,vfunction54,0046e400,Sexy::MusicInterface::vfunction13
Sexy::Food,vftable,0059817c,54,0xd8,vfunction55,004d62f0,Sexy::Food::vfunction55
Sexy::Food,vftable,0059817c,55,0xdc,vfunction56,0046e400,Sexy::MusicInterface::vfunction13
Sexy::Food,vftable,0059817c,56,0xe0,vfunction57,0046e410,Sexy::Widget::vfunction57
Sexy::Food,vftable,0059817c,57,0xe4,vfunction58,0046eb50,Sexy::DialogListener::vfunction1
Sexy::Food,vftable,0059817c,58,0xe8,vfunction59,0046eb50,Sexy::DialogListener::vfunction1
Sexy::Food,vftable,0059817c,59,0xec,vfunction60,0046c690,Sexy::ResourceManager::vfunction14
Sexy::Food,vftable,0059817c,60,0xf0,vfunction61,0046de70,Sexy::Widget::vfunction61
Sexy::Food,vftable,0059817c,61,0xf4,vfunction62,0046e500,Sexy::Widget::vfunction62
Sexy::Food,vftable,0059817c,62,0xf8,vfunction63,0046e480,Sexy::Widget::vfunction63
Sexy::Food,vftable,0059817c,63,0xfc,vfunction64,0046e620,Sexy::Widget::vfunction64
Sexy::Food,vftable,0059817c,64,0x100,vfunction65,0046e670,Sexy::Widget::vfunction65
Sexy::Food,vftable,0059817c,65,0x104,vfunction66,0046e6b0,Sexy::Widget::vfunction66
Sexy::Food,vftable,0059817c,66,0x108,vfunction67,0046e6d0,Sexy::Widget::vfunction67
Sexy::Food,vftable,0059817c,67,0x10c,vfunction68,0046e700,Sexy::Widget::vfunction68
Sexy::Food,vftable,0059817c,68,0x110,vfunction69,0046e800,Sexy::Widget::vfunction69
Sexy::Food,vftable,0059817c,69,0x114,vfunction70,0046e840,Sexy::Widget::vfunction70
Sexy::Food,vftable,0059817c,70,0x118,vfunction71,0051a440,Sexy::ListListener::vfunction2
Sexy::Food,vftable,0059817c,71,0x11c,vfunction72,004e9df0,Sexy::GameObject::vfunction72
Sexy::Food,vftable,0059817c,72,0x120,vfunction73,004d68d0,Sexy::GameObject::vfunction73
Sexy::Food,vftable,0059817c,73,0x124,vfunction74,0051a440,Sexy::ListListener::vfunction2
Sexy::Food,vftable,0059817c,74,0x128,vfunction75,004e9e00,Sexy::GameObject::vfunction75
Sexy::Food,vftable,0059817c,75,0x12c,vfunction76,004d9570,thunk 004ec5f0 -> Sexy::Larva::vfunction76
Sexy::Food,vftable,0059817c,76,0x130,vfunction77,00519120,Sexy::CheckboxListener::vfunction1
Sexy::Food,vftable,0059817c,77,0x134,vfunction78,0051a440,Sexy::ListListener::vfunction2
Sexy::Food,vftable,0059817c,78,0x138,vfunction79,004e9e00,Sexy::GameObject::vfunction75
Sexy::Food,vftable,0059817c,79,0x13c,vfunction80,00519120,Sexy::CheckboxListener::vfunction1
Sexy::Food,vftable,0059817c,80,0x140,vfunction81,004e1100,Sexy::Food::vfunction81
Sexy::Gekko,vftable,005982c4,0,0x0,vfunction1,004f0d10,Sexy::Gekko::deleting_destructor
Sexy::Gekko,vftable,005982c4,1,0x4,vfunction2,0046b5b0,Sexy::WidgetContainer::vfunction2
Sexy::Gekko,vftable,005982c4,2,0x8,vfunction3,0046b5d0,Sexy::WidgetContainer::vfunction3
Sexy::Gekko,vftable,005982c4,3,0xc,vfunction4,0046b640,Sexy::WidgetContainer::vfunction4
Sexy::Gekko,vftable,005982c4,4,0x10,vfunction5,0046b760,Sexy::WidgetContainer::vfunction5
Sexy::Gekko,vftable,005982c4,5,0x14,vfunction6,0046b700,Sexy::WidgetContainer::vfunction6
Sexy::Gekko,vftable,005982c4,6,0x18,vfunction7,0046c690,Sexy::ResourceManager::vfunction14
Sexy::Gekko,vftable,005982c4,7,0x1c,vfunction8,0046b550,Sexy::WidgetContainer::vfunction8
Sexy::Gekko,vftable,005982c4,8,0x20,vfunction9,0046c690,Sexy::ResourceManager::vfunction14
Sexy::Gekko,vftable,005982c4,9,0x24,vfunction10,0046ba90,Sexy::WidgetContainer::vfunction10
Sexy::Gekko,vftable,005982c4,10,0x28,vfunction11,0046bab0,Sexy::WidgetContainer::vfunction11
Sexy::Gekko,vftable,005982c4,11,0x2c,vfunction12,0046bc50,Sexy::WidgetContainer::vfunction12
Sexy::Gekko,vftable,005982c4,12,0x30,vfunction13,0046bd20,Sexy::WidgetContainer::vfunction13
Sexy::Gekko,vftable,005982c4,13,0x34,vfunction14,0046bdf0,Sexy::WidgetContainer::vfunction14
Sexy::Gekko,vftable,005982c4,14,0x38,vfunction15,0046bf00,Sexy::WidgetContainer::vfunction15
Sexy::Gekko,vftable,005982c4,15,0x3c,vfunction16,0046c030,Sexy::WidgetContainer::vfunction16
Sexy::Gekko,vftable,005982c4,16,0x40,vfunction17,0046c430,Sexy::WidgetContainer::vfunction17
Sexy::Gekko,vftable,005982c4,17,0x44,vfunction18,0046c180,Sexy::WidgetContainer::vfunction18
Sexy::Gekko,vftable,005982c4,18,0x48,vfunction19,0046c1c0,Sexy::WidgetContainer::vfunction19
Sexy::Gekko,vftable,005982c4,19,0x4c,vfunction20,0046c1a0,Sexy::WidgetContainer::vfunction20
Sexy::Gekko,vftable,005982c4,20,0x50,vfunction21,0046c090,Sexy::WidgetContainer::vfunction21
Sexy::Gekko,vftable,005982c4,21,0x54,vfunction22,0046c100,Sexy::WidgetContainer::vfunction22
Sexy::Gekko,vftable,005982c4,22,0x58,vfunction23,004f6970,Sexy::Fish::vfunction23
Sexy::Gekko,vftable,005982c4,23,0x5c,vfunction24,0046c500,Sexy::WidgetContainer::vfunction24
Sexy::Gekko,vftable,005982c4,24,0x60,vfunction25,0046c690,Sexy::ResourceManager::vfunction14
Sexy::Gekko,vftable,005982c4,25,0x64,vfunction26,0046c6a0,Sexy::WidgetContainer::vfunction26
Sexy::Gekko,vftable,005982c4,26,0x68,vfunction27,004e4a90,Sexy::Fish::vfunction27
Sexy::Gekko,vftable,005982c4,27,0x6c,vfunction28,0046c7f0,Sexy::WidgetContainer::vfunction28
Sexy::Gekko,vftable,005982c4,28,0x70,vfunction29,0046c9c0,Sexy::WidgetContainer::vfunction29
Sexy::Gekko,vftable,005982c4,29,0x74,vfunction30,00486bf0,Sexy::ResourceManager::BaseRes::vfunction2
Sexy::Gekko,vftable,005982c4,30,0x78,vfunction31,00486bf0,Sexy::ResourceManager::BaseRes::vfunction2
Sexy::Gekko,vftable,005982c4,31,0x7c,vfunction32,0046de80,Sexy::Widget::vfunction32
Sexy::Gekko,vftable,005982c4,32,0x80,vfunction33,0046df70,Sexy::Widget::vfunction33
Sexy::Gekko,vftable,005982c4,33,0x84,vfunction34,0046ded0,Sexy::Widget::vfunction34
Sexy::Gekko,vftable,005982c4,34,0x88,vfunction35,0046e010,Sexy::Widget::vfunction35
Sexy::Gekko,vftable,005982c4,35,0x8c,vfunction36,0046e130,Sexy::Widget::vfunction36
Sexy::Gekko,vftable,005982c4,36,0x90,vfunction37,0046e0c0,Sexy::Widget::vfunction37
Sexy::Gekko,vftable,005982c4,37,0x94,vfunction38,0046e270,Sexy::Widget::vfunction38
Sexy::Gekko,vftable,005982c4,38,0x98,vfunction39,0046e370,Sexy::Widget::vfunction39
Sexy::Gekko,vftable,005982c4,39,0x9c,vfunction40,0046e210,Sexy::Widget::vfunction40
Sexy::Gekko,vftable,005982c4,40,0xa0,vfunction41,0046e1b0,Sexy::Widget::vfunction41
Sexy::Gekko,vftable,005982c4,41,0xa4,vfunction42,0046e240,Sexy::Widget::vfunction42
Sexy::Gekko,vftable,005982c4,42,0xa8,vfunction43,0046e260,Sexy::Widget::vfunction43
Sexy::Gekko,vftable,005982c4,43,0xac,vfunction44,0046deb0,Sexy::Widget::vfunction44
Sexy::Gekko,vftable,005982c4,44,0xb0,vfunction45,0046c690,Sexy::ResourceManager::vfunction14
Sexy::Gekko,vftable,005982c4,45,0xb4,vfunction46,0046e2f0,Sexy::Widget::vfunction46
Sexy::Gekko,vftable,005982c4,46,0xb8,vfunction47,0046e300,Sexy::Widget::vfunction47
Sexy::Gekko,vftable,005982c4,47,0xbc,vfunction48,0046c690,Sexy::ResourceManager::vfunction14
Sexy::Gekko,vftable,005982c4,48,0xc0,vfunction49,0046e320,Sexy::Widget::vfunction49
Sexy::Gekko,vftable,005982c4,49,0xc4,vfunction50,0046c690,Sexy::ResourceManager::vfunction14
Sexy::Gekko,vftable,005982c4,50,0xc8,vfunction51,00486bf0,Sexy::ResourceManager::BaseRes::vfunction2
Sexy::Gekko,vftable,005982c4,51,0xcc,vfunction52,00486bf0,Sexy::ResourceManager::BaseRes::vfunction2
Sexy::Gekko,vftable,005982c4,52,0xd0,vfunction53,0046eb50,Sexy::DialogListener::vfunction1
Sexy::Gekko,vftable,005982c4,53,0xd4,vfunction54,0046e400,Sexy::MusicInterface::vfunction13
Sexy::Gekko,vftable,005982c4,54,0xd8,vfunction55,004e4c10,Sexy::Fish::vfunction55
Sexy::Gekko,vftable,005982c4,55,0xdc,vfunction56,0046e400,Sexy::MusicInterface::vfunction13
Sexy::Gekko,vftable,005982c4,56,0xe0,vfunction57,004d5300,Sexy::OtherTypePet::vfunction57
Sexy::Gekko,vftable,005982c4,57,0xe4,vfunction58,0046eb50,Sexy::DialogListener::vfunction1
Sexy::Gekko,vftable,005982c4,58,0xe8,vfunction59,004d8c10,Sexy::Grubber::vfunction59
Sexy::Gekko,vftable,005982c4,59,0xec,vfunction60,0046c690,Sexy::ResourceManager::vfunction14
Sexy::Gekko,vftable,005982c4,60,0xf0,vfunction61,0046de70,Sexy::Widget::vfunction61
Sexy::Gekko,vftable,005982c4,61,0xf4,vfunction62,0046e500,Sexy::Widget::vfunction62
Sexy::Gekko,vftable,005982c4,62,0xf8,vfunction63,0046e480,Sexy::Widget::vfunction63
Sexy::Gekko,vftable,005982c4,63,0xfc,vfunction64,0046e620,Sexy::Widget::vfunction64
Sexy::Gekko,vftable,005982c4,64,0x100,vfunction65,0046e670,Sexy::Widget::vfunction65
Sexy::Gekko,vftable,005982c4,65,0x104,vfunction66,0046e6b0,Sexy::Widget::vfunction66
Sexy::Gekko,vftable,005982c4,66,0x108,vfunction67,0046e6d0,Sexy::Widget::vfunction67
Sexy::Gekko,vftable,005982c4,67,0x10c,vfunction68,0046e700,Sexy::Widget::vfunction68
Sexy::Gekko,vftable,005982c4,68,0x110,vfunction69,0046e800,Sexy::Widget::vfunction69
Sexy::Gekko,vftable,005982c4,69,0x114,vfunction70,0046e840,Sexy::Widget::vfunction70
Sexy::Gekko,vftable,005982c4,70,0x118,vfunction71,004ef990,Sexy::Gekko::vfunction71
Sexy::Gekko,vftable,005982c4,71,0x11c,vfunction72,004d5a80,Sexy::Fish::vfunction72
Sexy::Gekko,vftable,005982c4,72,0x120,vfunction73,004df130,Sexy::Fish::vfunction73
Sexy::Gekko,vftable,005982c4,73,0x124,vfunction74,0051a440,Sexy::ListListener::vfunction2
Sexy::Gekko,vftable,005982c4,74,0x128,vfunction75,004e9e00,Sexy::GameObject::vfunction75
Sexy::Gekko,vftable,005982c4,75,0x12c,vfunction76,004f01d0,Sexy::Fish::vfunction76
Sexy::Gekko,vftable,005982c4,76,0x130,vfunction77,004d8e40,Sexy::Grubber::vfunction77
Sexy::Gekko,vftable,005982c4,77,0x134,vfunction78,004e1950,Sexy::Gekko::vfunction78
Sexy::Gekko,vftable,005982c4,78,0x138,vfunction79,004df070,Sexy::Fish::vfunction79
Sexy::Gekko,vftable,005982c4,79,0x13c,vfunction80,004e1850,Sexy::Gekko::vfunction80
Sexy::Gekko,vftable,005982c4,80,0x140,vfunction81,004de610,Sexy::Fish::vfunction81
Sexy::Gekko,vftable,005982c4,81,0x144,vfunction82,004fbe80,Sexy::Gekko::vfunction82
Sexy::Gekko,vftable,005982c4,82,0x148,vfunction83,004e1550,Sexy::Gekko::vfunction83
Sexy::Gekko,vftable,005982c4,83,0x14c,vfunction84,004e17f0,Sexy::Gekko::vfunction84
Sexy::Gekko,vftable,005982c4,84,0x150,vfunction85,004d73a0,Sexy::Gekko::vfunction85
Sexy::Gekko,vftable,005982c4,85,0x154,vfunction86,004ea3f0,Sexy::Gekko::vfunction86
Sexy::Gekko,vftable,005982c4,86,0x158,vfunction87,004ea590,Sexy::Gekko::vfunction87
Sexy::Gekko,vftable,005982c4,87,0x15c,vfunction88,004d9e60,Sexy::Gekko::vfunction88
Sexy::Gekko,vftable,005982c4,88,0x160,vfunction89,004d5f90,Sexy::Fish::vfunction89
Sexy::Gekko,vftable,005982c4,89,0x164,vfunction90,004de840,Sexy::Fish::vfunction90
Sexy::Gekko,vftable,005982c4,90,0x168,vfunction91,004d5650,Sexy::Fish::vfunction91
Sexy::Oscar,vftable,0059843c,0,0x0,vfunction1,004f03a0,Sexy::Oscar::deleting_destructor
Sexy::Oscar,vftable,0059843c,1,0x4,vfunction2,0046b5b0,Sexy::WidgetContainer::vfunction2
Sexy::Oscar,vftable,0059843c,2,0x8,vfunction3,0046b5d0,Sexy::WidgetContainer::vfunction3
Sexy::Oscar,vftable,0059843c,3,0xc,vfunction4,0046b640,Sexy::WidgetContainer::vfunction4
Sexy::Oscar,vftable,0059843c,4,0x10,vfunction5,0046b760,Sexy::WidgetContainer::vfunction5
Sexy::Oscar,vftable,0059843c,5,0x14,vfunction6,0046b700,Sexy::WidgetContainer::vfunction6
Sexy::Oscar,vftable,0059843c,6,0x18,vfunction7,0046c690,Sexy::ResourceManager::vfunction14
Sexy::Oscar,vftable,0059843c,7,0x1c,vfunction8,0046b550,Sexy::WidgetContainer::vfunction8
Sexy::Oscar,vftable,0059843c,8,0x20,vfunction9,0046c690,Sexy::ResourceManager::vfunction14
Sexy::Oscar,vftable,0059843c,9,0x24,vfunction10,0046ba90,Sexy::WidgetContainer::vfunction10
Sexy::Oscar,vftable,0059843c,10,0x28,vfunction11,0046bab0,Sexy::WidgetContainer::vfunction11
Sexy::Oscar,vftable,0059843c,11,0x2c,vfunction12,0046bc50,Sexy::WidgetContainer::vfunction12
Sexy::Oscar,vftable,0059843c,12,0x30,vfunction13,0046bd20,Sexy::WidgetContainer::vfunction13
Sexy::Oscar,vftable,0059843c,13,0x34,vfunction14,0046bdf0,Sexy::WidgetContainer::vfunction14
Sexy::Oscar,vftable,0059843c,14,0x38,vfunction15,0046bf00,Sexy::WidgetContainer::vfunction15
Sexy::Oscar,vftable,0059843c,15,0x3c,vfunction16,0046c030,Sexy::WidgetContainer::vfunction16
Sexy::Oscar,vftable,0059843c,16,0x40,vfunction17,0046c430,Sexy::WidgetContainer::vfunction17
Sexy::Oscar,vftable,0059843c,17,0x44,vfunction18,0046c180,Sexy::WidgetContainer::vfunction18
Sexy::Oscar,vftable,0059843c,18,0x48,vfunction19,0046c1c0,Sexy::WidgetContainer::vfunction19
Sexy::Oscar,vftable,0059843c,19,0x4c,vfunction20,0046c1a0,Sexy::WidgetContainer::vfunction20
Sexy::Oscar,vftable,0059843c,20,0x50,vfunction21,0046c090,Sexy::WidgetContainer::vfunction21
Sexy::Oscar,vftable,0059843c,21,0x54,vfunction22,0046c100,Sexy::WidgetContainer::vfunction22
Sexy::Oscar,vftable,0059843c,22,0x58,vfunction23,004f6970,Sexy::Fish::vfunction23
Sexy::Oscar,vftable,0059843c,23,0x5c,vfunction24,0046c500,Sexy::WidgetContainer::vfunction24
Sexy::Oscar,vftable,0059843c,24,0x60,vfunction25,0046c690,Sexy::ResourceManager::vfunction14
Sexy::Oscar,vftable,0059843c,25,0x64,vfunction26,0046c6a0,Sexy::WidgetContainer::vfunction26
Sexy::Oscar,vftable,0059843c,26,0x68,vfunction27,004e4a90,Sexy::Fish::vfunction27
Sexy::Oscar,vftable,0059843c,27,0x6c,vfunction28,0046c7f0,Sexy::WidgetContainer::vfunction28
Sexy::Oscar,vftable,0059843c,28,0x70,vfunction29,0046c9c0,Sexy::WidgetContainer::vfunction29
Sexy::Oscar,vftable,0059843c,29,0x74,vfunction30,00486bf0,Sexy::ResourceManager::BaseRes::vfunction2
Sexy::Oscar,vftable,0059843c,30,0x78,vfunction31,00486bf0,Sexy::ResourceManager::BaseRes::vfunction2
Sexy::Oscar,vftable,0059843c,31,0x7c,vfunction32,0046de80,Sexy::Widget::vfunction32
Sexy::Oscar,vftable,0059843c,32,0x80,vfunction33,0046df70,Sexy::Widget::vfunction33
Sexy::Oscar,vftable,0059843c,33,0x84,vfunction34,0046ded0,Sexy::Widget::vfunction34
Sexy::Oscar,vftable,0059843c,34,0x88,vfunction35,0046e010,Sexy::Widget::vfunction35
Sexy::Oscar,vftable,0059843c,35,0x8c,vfunction36,0046e130,Sexy::Widget::vfunction36
Sexy::Oscar,vftable,0059843c,36,0x90,vfunction37,0046e0c0,Sexy::Widget::vfunction37
Sexy::Oscar,vftable,0059843c,37,0x94,vfunction38,0046e270,Sexy::Widget::vfunction38
Sexy::Oscar,vftable,0059843c,38,0x98,vfunction39,0046e370,Sexy::Widget::vfunction39
Sexy::Oscar,vftable,0059843c,39,0x9c,vfunction40,0046e210,Sexy::Widget::vfunction40
Sexy::Oscar,vftable,0059843c,40,0xa0,vfunction41,0046e1b0,Sexy::Widget::vfunction41
Sexy::Oscar,vftable,0059843c,41,0xa4,vfunction42,0046e240,Sexy::Widget::vfunction42
Sexy::Oscar,vftable,0059843c,42,0xa8,vfunction43,0046e260,Sexy::Widget::vfunction43
Sexy::Oscar,vftable,0059843c,43,0xac,vfunction44,0046deb0,Sexy::Widget::vfunction44
Sexy::Oscar,vftable,0059843c,44,0xb0,vfunction45,0046c690,Sexy::ResourceManager::vfunction14
Sexy::Oscar,vftable,0059843c,45,0xb4,vfunction46,0046e2f0,Sexy::Widget::vfunction46
Sexy::Oscar,vftable,0059843c,46,0xb8,vfunction47,0046e300,Sexy::Widget::vfunction47
Sexy::Oscar,vftable,0059843c,47,0xbc,vfunction48,0046c690,Sexy::ResourceManager::vfunction14
Sexy::Oscar,vftable,0059843c,48,0xc0,vfunction49,0046e320,Sexy::Widget::vfunction49
Sexy::Oscar,vftable,0059843c,49,0xc4,vfunction50,0046c690,Sexy::ResourceManager::vfunction14
Sexy::Oscar,vftable,0059843c,50,0xc8,vfunction51,00486bf0,Sexy::ResourceManager::BaseRes::vfunction2
Sexy::Oscar,vftable,0059843c,51,0xcc,vfunction52,00486bf0,Sexy::ResourceManager::BaseRes::vfunction2
Sexy::Oscar,vftable,0059843c,52,0xd0,vfunction53,0046eb50,Sexy::DialogListener::vfunction1
Sexy::Oscar,vftable,0059843c,53,0xd4,vfunction54,0046e400,Sexy::MusicInterface::vfunction13
Sexy::Oscar,vftable,0059843c,54,0xd8,vfunction55,004e4c10,Sexy::Fish::vfunction55
Sexy::Oscar,vftable,0059843c,55,0xdc,vfunction56,0046e400,Sexy::MusicInterface::vfunction13
Sexy::Oscar,vftable,0059843c,56,0xe0,vfunction57,004d5300,Sexy::OtherTypePet::vfunction57
Sexy::Oscar,vftable,0059843c,57,0xe4,vfunction58,0046eb50,Sexy::DialogListener::vfunction1
Sexy::Oscar,vftable,0059843c,58,0xe8,vfunction59,004d8c10,Sexy::Grubber::vfunction59
Sexy::Oscar,vftable,0059843c,59,0xec,vfunction60,0046c690,Sexy::ResourceManager::vfunction14
Sexy::Oscar,vftable,0059843c,60,0xf0,vfunction61,0046de70,Sexy::Widget::vfunction61
Sexy::Oscar,vftable,0059843c,61,0xf4,vfunction62,0046e500,Sexy::Widget::vfunction62
Sexy::Oscar,vftable,0059843c,62,0xf8,vfunction63,0046e480,Sexy::Widget::vfunction63
Sexy::Oscar,vftable,0059843c,63,0xfc,vfunction64,0046e620,Sexy::Widget::vfunction64
Sexy::Oscar,vftable,0059843c,64,0x100,vfunction65,0046e670,Sexy::Widget::vfunction65
Sexy::Oscar,vftable,0059843c,65,0x104,vfunction66,0046e6b0,Sexy::Widget::vfunction66
Sexy::Oscar,vftable,0059843c,66,0x108,vfunction67,0046e6d0,Sexy::Widget::vfunction67
Sexy::Oscar,vftable,0059843c,67,0x10c,vfunction68,0046e700,Sexy::Widget::vfunction68
Sexy::Oscar,vftable,0059843c,68,0x110,vfunction69,0046e800,Sexy::Widget::vfunction69
Sexy::Oscar,vftable,0059843c,69,0x114,vfunction70,0046e840,Sexy::Widget::vfunction70
Sexy::Oscar,vftable,0059843c,70,0x118,vfunction71,004ea730,Sexy::Grubber::vfunction71
Sexy::Oscar,vftable,0059843c,71,0x11c,vfunction72,004d5a80,Sexy::Fish::vfunction72
Sexy::Oscar,vftable,0059843c,72,0x120,vfunction73,004df130,Sexy::Fish::vfunction73
Sexy::Oscar,vftable,0059843c,73,0x124,vfunction74,0051a440,Sexy::ListListener::vfunction2
Sexy::Oscar,vftable,0059843c,74,0x128,vfunction75,004e9e00,Sexy::GameObject::vfunction75
Sexy::Oscar,vftable,0059843c,75,0x12c,vfunction76,004f01d0,Sexy::Fish::vfunction76
Sexy::Oscar,vftable,0059843c,76,0x130,vfunction77,004d8e40,Sexy::Grubber::vfunction77
Sexy::Oscar,vftable,0059843c,77,0x134,vfunction78,004f2b00,Sexy::Oscar::vfunction78
Sexy::Oscar,vftable,0059843c,78,0x138,vfunction79,004df070,Sexy::Fish::vfunction79
Sexy::Oscar,vftable,0059843c,79,0x13c,vfunction80,004e2800,Sexy::Oscar::vfunction80
Sexy::Oscar,vftable,0059843c,80,0x140,vfunction81,004de610,Sexy::Fish::vfunction81
Sexy::Oscar,vftable,0059843c,81,0x144,vfunction82,004d8560,Sexy::Oscar::vfunction82
Sexy::Oscar,vftable,0059843c,82,0x148,vfunction83,004e1550,Sexy::Gekko::vfunction83
Sexy::Oscar,vftable,0059843c,83,0x14c,vfunction84,004e2480,Sexy::Oscar::vfunction84
Sexy::Oscar,vftable,0059843c,84,0x150,vfunction85,004d85d0,Sexy::Oscar::vfunction85
Sexy::Oscar,vftable,0059843c,85,0x154,vfunction86,004eb080,Sexy::Oscar::vfunction86
Sexy::Oscar,vftable,0059843c,86,0x158,vfunction87,004eb230,Sexy::Oscar::vfunction87
Sexy::Oscar,vftable,0059843c,87,0x15c,vfunction88,004f2d30,Sexy::Oscar::vfunction88
Sexy::Oscar,vftable,0059843c,88,0x160,vfunction89,004d5f90,Sexy::Fish::vfunction89
Sexy::Oscar,vftable,0059843c,89,0x164,vfunction90,004de840,Sexy::Fish::vfunction90
Sexy::Oscar,vftable,0059843c,90,0x168,vfunction91,004d5650,Sexy::Fish::vfunction91
Sexy::SylvesterFish,vftable,005985bc,0,0x0,vfunction1,004f0d40,Sexy::SylvesterFish::deleting_destructor
Sexy::SylvesterFish,vftable,005985bc,1,0x4,vfunction2,0046b5b0,Sexy::WidgetContainer::vfunction2
Sexy::SylvesterFish,vftable,005985bc,2,0x8,vfunction3,0046b5d0,Sexy::WidgetContainer::vfunction3
Sexy::SylvesterFish,vftable,005985bc,3,0xc,vfunction4,0046b640,Sexy::WidgetContainer::vfunction4
Sexy::SylvesterFish,vftable,005985bc,4,0x10,vfunction5,0046b760,Sexy::WidgetContainer::vfunction5
Sexy::SylvesterFish,vftable,005985bc,5,0x14,vfunction6,0046b700,Sexy::WidgetContainer::vfunction6
Sexy::SylvesterFish,vftable,005985bc,6,0x18,vfunction7,0046c690,Sexy::ResourceManager::vfunction14
Sexy::SylvesterFish,vftable,005985bc,7,0x1c,vfunction8,0046b550,Sexy::WidgetContainer::vfunction8
Sexy::SylvesterFish,vftable,005985bc,8,0x20,vfunction9,0046c690,Sexy::ResourceManager::vfunction14
Sexy::SylvesterFish,vftable,005985bc,9,0x24,vfunction10,0046ba90,Sexy::WidgetContainer::vfunction10
Sexy::SylvesterFish,vftable,005985bc,10,0x28,vfunction11,0046bab0,Sexy::WidgetContainer::vfunction11
Sexy::SylvesterFish,vftable,005985bc,11,0x2c,vfunction12,0046bc50,Sexy::WidgetContainer::vfunction12
Sexy::SylvesterFish,vftable,005985bc,12,0x30,vfunction13,0046bd20,Sexy::WidgetContainer::vfunction13
Sexy::SylvesterFish,vftable,005985bc,13,0x34,vfunction14,0046bdf0,Sexy::WidgetContainer::vfunction14
Sexy::SylvesterFish,vftable,005985bc,14,0x38,vfunction15,0046bf00,Sexy::WidgetContainer::vfunction15
Sexy::SylvesterFish,vftable,005985bc,15,0x3c,vfunction16,0046c030,Sexy::WidgetContainer::vfunction16
Sexy::SylvesterFish,vftable,005985bc,16,0x40,vfunction17,0046c430,Sexy::WidgetContainer::vfunction17
Sexy::SylvesterFish,vftable,005985bc,17,0x44,vfunction18,0046c180,Sexy::WidgetContainer::vfunction18
Sexy::SylvesterFish,vftable,005985bc,18,0x48,vfunction19,0046c1c0,Sexy::WidgetContainer::vfunction19
Sexy::SylvesterFish,vftable,005985bc,19,0x4c,vfunction20,0046c1a0,Sexy::WidgetContainer::vfunction20
Sexy::SylvesterFish,vftable,005985bc,20,0x50,vfunction21,0046c090,Sexy::WidgetContainer::vfunction21
Sexy::SylvesterFish,vftable,005985bc,21,0x54,vfunction22,0046c100,Sexy::WidgetContainer::vfunction22
Sexy::SylvesterFish,vftable,005985bc,22,0x58,vfunction23,004f6970,Sexy::Fish::vfunction23
Sexy::SylvesterFish,vftable,005985bc,23,0x5c,vfunction24,0046c500,Sexy::WidgetContainer::vfunction24
Sexy::SylvesterFish,vftable,005985bc,24,0x60,vfunction25,0046c690,Sexy::ResourceManager::vfunction14
Sexy::SylvesterFish,vftable,005985bc,25,0x64,vfunction26,0046c6a0,Sexy::WidgetContainer::vfunction26
Sexy::SylvesterFish,vftable,005985bc,26,0x68,vfunction27,004e4a90,Sexy::Fish::vfunction27
Sexy::SylvesterFish,vftable,005985bc,27,0x6c,vfunction28,0046c7f0,Sexy::WidgetContainer::vfunction28
Sexy::SylvesterFish,vftable,005985bc,28,0x70,vfunction29,0046c9c0,Sexy::WidgetContainer::vfunction29
Sexy::SylvesterFish,vftable,005985bc,29,0x74,vfunction30,00486bf0,Sexy::ResourceManager::BaseRes::vfunction2
Sexy::SylvesterFish,vftable,005985bc,30,0x78,vfunction31,00486bf0,Sexy::ResourceManager::BaseRes::vfunction2
Sexy::SylvesterFish,vftable,005985bc,31,0x7c,vfunction32,0046de80,Sexy::Widget::vfunction32
Sexy::SylvesterFish,vftable,005985bc,32,0x80,vfunction33,0046df70,Sexy::Widget::vfunction33
Sexy::SylvesterFish,vftable,005985bc,33,0x84,vfunction34,0046ded0,Sexy::Widget::vfunction34
Sexy::SylvesterFish,vftable,005985bc,34,0x88,vfunction35,0046e010,Sexy::Widget::vfunction35
Sexy::SylvesterFish,vftable,005985bc,35,0x8c,vfunction36,0046e130,Sexy::Widget::vfunction36
Sexy::SylvesterFish,vftable,005985bc,36,0x90,vfunction37,0046e0c0,Sexy::Widget::vfunction37
Sexy::SylvesterFish,vftable,005985bc,37,0x94,vfunction38,0046e270,Sexy::Widget::vfunction38
Sexy::SylvesterFish,vftable,005985bc,38,0x98,vfunction39,0046e370,Sexy::Widget::vfunction39
Sexy::SylvesterFish,vftable,005985bc,39,0x9c,vfunction40,0046e210,Sexy::Widget::vfunction40
Sexy::SylvesterFish,vftable,005985bc,40,0xa0,vfunction41,0046e1b0,Sexy::Widget::vfunction41
Sexy::SylvesterFish,vftable,005985bc,41,0xa4,vfunction42,0046e240,Sexy::Widget::vfunction42
Sexy::SylvesterFish,vftable,005985bc,42,0xa8,vfunction43,0046e260,Sexy::Widget::vfunction43
Sexy::SylvesterFish,vftable,005985bc,43,0xac,vfunction44,0046deb0,Sexy::Widget::vfunction44
Sexy::SylvesterFish,vftable,005985bc,44,0xb0,vfunction45,0046c690,Sexy::ResourceManager::vfunction14
Sexy::SylvesterFish,vftable,005985bc,45,0xb4,vfunction46,0046e2f0,Sexy::Widget::vfunction46
Sexy::SylvesterFish,vftable,005985bc,46,0xb8,vfunction47,0046e300,Sexy::Widget::vfunction47
Sexy::SylvesterFish,vftable,005985bc,47,0xbc,vfunction48,0046c690,Sexy::ResourceManager::vfunction14
Sexy::SylvesterFish,vftable,005985bc,48,0xc0,vfunction49,0046e320,Sexy::Widget::vfunction49
Sexy::SylvesterFish,vftable,005985bc,49,0xc4,vfunction50,0046c690,Sexy::ResourceManager::vfunction14
Sexy::SylvesterFish,vftable,005985bc,50,0xc8,vfunction51,00486bf0,Sexy::ResourceManager::BaseRes::vfunction2
Sexy::SylvesterFish,vftable,005985bc,51,0xcc,vfunction52,00486bf0,Sexy::ResourceManager::BaseRes::vfunction2
Sexy::SylvesterFish,vftable,005985bc,52,0xd0,vfunction53,0046eb50,Sexy::DialogListener::vfunction1
Sexy::SylvesterFish,vftable,005985bc,53,0xd4,vfunction54,0046e400,Sexy::MusicInterface::vfunction13
Sexy::SylvesterFish,vftable,005985bc,54,0xd8,vfunction55,004e4c10,Sexy::Fish::vfunction55
Sexy::SylvesterFish,vftable,005985bc,55,0xdc,vfunction56,0046e400,Sexy::MusicInterface::vfunction13
Sexy::SylvesterFish,vftable,005985bc,56,0xe0,vfunction57,004d5300,Sexy::OtherTypePet::vfunction57
Sexy::SylvesterFish,vftable,005985bc,57,0xe4,vfunction58,0046eb50,Sexy::DialogListener::vfunction1
Sexy::SylvesterFish,vftable,005985bc,58,0xe8,vfunction59,004d8c10,Sexy::Grubber::vfunction59
Sexy::SylvesterFish,vftable,005985bc,59,0xec,vfunction60,0046c690,Sexy::ResourceManager::vfunction14
Sexy::SylvesterFish,vftable,005985bc,60,0xf0,vfunction61,0046de70,Sexy::Widget::vfunction61
Sexy::SylvesterFish,vftable,005985bc,61,0xf4,vfunction62,0046e500,Sexy::Widget::vfunction62
Sexy::SylvesterFish,vftable,005985bc,62,0xf8,vfunction63,0046e480,Sexy::Widget::vfunction63
Sexy::SylvesterFish,vftable,005985bc,63,0xfc,vfunction64,0046e620,Sexy::Widget::vfunction64
Sexy::SylvesterFish,vftable,005985bc,64,0x100,vfunction65,0046e670,Sexy::Widget::vfunction65
Sexy::SylvesterFish,vftable,005985bc,65,0x104,vfunction66,0046e6b0,Sexy::Widget::vfunction66
Sexy::SylvesterFish,vftable,005985bc,66,0x108,vfunction67,0046e6d0,Sexy::Widget::vfunction67
Sexy::SylvesterFish,vftable,005985bc,67,0x10c,vfunction68,0046e700,Sexy::Widget::vfunction68
Sexy::SylvesterFish,vftable,005985bc,68,0x110,vfunction69,0046e800,Sexy::Widget::vfunction69
Sexy::SylvesterFish,vftable,005985bc,69,0x114,vfunction70,0046e840,Sexy::Widget::vfunction70
Sexy::SylvesterFish,vftable,005985bc,70,0x118,vfunction71,004d96d0,Sexy::SylvesterFish::vfunction71
Sexy::SylvesterFish,vftable,005985bc,71,0x11c,vfunction72,004d5a80,Sexy::Fish::vfunction72
Sexy::SylvesterFish,vftable,005985bc,72,0x120,vfunction73,004d9630,Sexy::SylvesterFish::vfunction73
Sexy::SylvesterFish,vftable,005985bc,73,0x124,vfunction74,0051a440,Sexy::ListListener::vfunction2
Sexy::SylvesterFish,vftable,005985bc,74,0x128,vfunction75,004e9e00,Sexy::GameObject::vfunction75
Sexy::SylvesterFish,vftable,005985bc,75,0x12c,vfunction76,004f01d0,Sexy::Fish::vfunction76
Sexy::SylvesterFish,vftable,005985bc,76,0x130,vfunction77,004d8e40,Sexy::Grubber::vfunction77
Sexy::SylvesterFish,vftable,005985bc,77,0x134,vfunction78,004e3720,Sexy::SylvesterFish::vfunction78
Sexy::SylvesterFish,vftable,005985bc,78,0x138,vfunction79,004df070,Sexy::Fish::vfunction79
Sexy::SylvesterFish,vftable,005985bc,79,0x13c,vfunction80,004e35c0,Sexy::SylvesterFish::vfunction80
Sexy::SylvesterFish,vftable,005985bc,80,0x140,vfunction81,004de610,Sexy::Fish::vfunction81
Sexy::SylvesterFish,vftable,005985bc,81,0x144,vfunction82,004d9650,Sexy::SylvesterFish::vfunction82
Sexy::SylvesterFish,vftable,005985bc,82,0x148,vfunction83,004db930,Sexy::SylvesterFish::vfunction83
Sexy::SylvesterFish,vftable,005985bc,83,0x14c,vfunction84,004e3420,Sexy::SylvesterFish::vfunction84
Sexy::SylvesterFish,vftable,005985bc,84,0x150,vfunction85,004d99c0,Sexy::SylvesterFish::vfunction85
Sexy::SylvesterFish,vftable,005985bc,85,0x154,vfunction86,004ec790,Sexy::SylvesterFish::vfunction86
Sexy::SylvesterFish,vftable,005985bc,86,0x158,vfunction87,004ec900,Sexy::SylvesterFish::vfunction87
Sexy::SylvesterFish,vftable,005985bc,87,0x15c,vfunction88,004d9e60,Sexy::Gekko::vfunction88
Sexy::SylvesterFish,vftable,005985bc,88,0x160,vfunction89,004d5f90,Sexy::Fish::vfunction89
Sexy::SylvesterFish,vftable,005985bc,89,0x164,vfunction90,004d9700,Sexy::SylvesterFish::vfunction90
Sexy::SylvesterFish,vftable,005985bc,90,0x168,vfunction91,004d5650,Sexy::Fish::vfunction91
Sexy::Ultra,vftable,0059872c,0,0x0,vfunction1,004f0d70,Sexy::Ultra::deleting_destructor
Sexy::Ultra,vftable,0059872c,1,0x4,vfunction2,0046b5b0,Sexy::WidgetContainer::vfunction2
Sexy::Ultra,vftable,0059872c,2,0x8,vfunction3,0046b5d0,Sexy::WidgetContainer::vfunction3
Sexy::Ultra,vftable,0059872c,3,0xc,vfunction4,0046b640,Sexy::WidgetContainer::vfunction4
Sexy::Ultra,vftable,0059872c,4,0x10,vfunction5,0046b760,Sexy::WidgetContainer::vfunction5
Sexy::Ultra,vftable,0059872c,5,0x14,vfunction6,0046b700,Sexy::WidgetContainer::vfunction6
Sexy::Ultra,vftable,0059872c,6,0x18,vfunction7,0046c690,Sexy::ResourceManager::vfunction14
Sexy::Ultra,vftable,0059872c,7,0x1c,vfunction8,0046b550,Sexy::WidgetContainer::vfunction8
Sexy::Ultra,vftable,0059872c,8,0x20,vfunction9,0046c690,Sexy::ResourceManager::vfunction14
Sexy::Ultra,vftable,0059872c,9,0x24,vfunction10,0046ba90,Sexy::WidgetContainer::vfunction10
Sexy::Ultra,vftable,0059872c,10,0x28,vfunction11,0046bab0,Sexy::WidgetContainer::vfunction11
Sexy::Ultra,vftable,0059872c,11,0x2c,vfunction12,0046bc50,Sexy::WidgetContainer::vfunction12
Sexy::Ultra,vftable,0059872c,12,0x30,vfunction13,0046bd20,Sexy::WidgetContainer::vfunction13
Sexy::Ultra,vftable,0059872c,13,0x34,vfunction14,0046bdf0,Sexy::WidgetContainer::vfunction14
Sexy::Ultra,vftable,0059872c,14,0x38,vfunction15,0046bf00,Sexy::WidgetContainer::vfunction15
Sexy::Ultra,vftable,0059872c,15,0x3c,vfunction16,0046c030,Sexy::WidgetContainer::vfunction16
Sexy::Ultra,vftable,0059872c,16,0x40,vfunction17,0046c430,Sexy::WidgetContainer::vfunction17
Sexy::Ultra,vftable,0059872c,17,0x44,vfunction18,0046c180,Sexy::WidgetContainer::vfunction18
Sexy::Ultra,vftable,0059872c,18,0x48,vfunction19,0046c1c0,Sexy::WidgetContainer::vfunction19
Sexy::Ultra,vftable,0059872c,19,0x4c,vfunction20,0046c1a0,Sexy::WidgetContainer::vfunction20
Sexy::Ultra,vftable,0059872c,20,0x50,vfunction21,0046c090,Sexy::WidgetContainer::vfunction21
Sexy::Ultra,vftable,0059872c,21,0x54,vfunction22,0046c100,Sexy::WidgetContainer::vfunction22
Sexy::Ultra,vftable,0059872c,22,0x58,vfunction23,004f6970,Sexy::Fish::vfunction23
Sexy::Ultra,vftable,0059872c,23,0x5c,vfunction24,0046c500,Sexy::WidgetContainer::vfunction24
Sexy::Ultra,vftable,0059872c,24,0x60,vfunction25,0046c690,Sexy::ResourceManager::vfunction14
Sexy::Ultra,vftable,0059872c,25,0x64,vfunction26,0046c6a0,Sexy::WidgetContainer::vfunction26
Sexy::Ultra,vftable,0059872c,26,0x68,vfunction27,004e4a90,Sexy::Fish::vfunction27
Sexy::Ultra,vftable,0059872c,27,0x6c,vfunction28,0046c7f0,Sexy::WidgetContainer::vfunction28
Sexy::Ultra,vftable,0059872c,28,0x70,vfunction29,0046c9c0,Sexy::WidgetContainer::vfunction29
Sexy::Ultra,vftable,0059872c,29,0x74,vfunction30,00486bf0,Sexy::ResourceManager::BaseRes::vfunction2
Sexy::Ultra,vftable,0059872c,30,0x78,vfunction31,00486bf0,Sexy::ResourceManager::BaseRes::vfunction2
Sexy::Ultra,vftable,0059872c,31,0x7c,vfunction32,0046de80,Sexy::Widget::vfunction32
Sexy::Ultra,vftable,0059872c,32,0x80,vfunction33,0046df70,Sexy::Widget::vfunction33
Sexy::Ultra,vftable,0059872c,33,0x84,vfunction34,0046ded0,Sexy::Widget::vfunction34
Sexy::Ultra,vftable,0059872c,34,0x88,vfunction35,0046e010,Sexy::Widget::vfunction35
Sexy::Ultra,vftable,0059872c,35,0x8c,vfunction36,0046e130,Sexy::Widget::vfunction36
Sexy::Ultra,vftable,0059872c,36,0x90,vfunction37,0046e0c0,Sexy::Widget::vfunction37
Sexy::Ultra,vftable,0059872c,37,0x94,vfunction38,0046e270,Sexy::Widget::vfunction38
Sexy::Ultra,vftable,0059872c,38,0x98,vfunction39,0046e370,Sexy::Widget::vfunction39
Sexy::Ultra,vftable,0059872c,39,0x9c,vfunction40,0046e210,Sexy::Widget::vfunction40
Sexy::Ultra,vftable,0059872c,40,0xa0,vfunction41,0046e1b0,Sexy::Widget::vfunction41
Sexy::Ultra,vftable,0059872c,41,0xa4,vfunction42,0046e240,Sexy::Widget::vfunction42
Sexy::Ultra,vftable,0059872c,42,0xa8,vfunction43,0046e260,Sexy::Widget::vfunction43
Sexy::Ultra,vftable,0059872c,43,0xac,vfunction44,0046deb0,Sexy::Widget::vfunction44
Sexy::Ultra,vftable,0059872c,44,0xb0,vfunction45,0046c690,Sexy::ResourceManager::vfunction14
Sexy::Ultra,vftable,0059872c,45,0xb4,vfunction46,0046e2f0,Sexy::Widget::vfunction46
Sexy::Ultra,vftable,0059872c,46,0xb8,vfunction47,0046e300,Sexy::Widget::vfunction47
Sexy::Ultra,vftable,0059872c,47,0xbc,vfunction48,0046c690,Sexy::ResourceManager::vfunction14
Sexy::Ultra,vftable,0059872c,48,0xc0,vfunction49,0046e320,Sexy::Widget::vfunction49
Sexy::Ultra,vftable,0059872c,49,0xc4,vfunction50,0046c690,Sexy::ResourceManager::vfunction14
Sexy::Ultra,vftable,0059872c,50,0xc8,vfunction51,00486bf0,Sexy::ResourceManager::BaseRes::vfunction2
Sexy::Ultra,vftable,0059872c,51,0xcc,vfunction52,00486bf0,Sexy::ResourceManager::BaseRes::vfunction2
Sexy::Ultra,vftable,0059872c,52,0xd0,vfunction53,0046eb50,Sexy::DialogListener::vfunction1
Sexy::Ultra,vftable,0059872c,53,0xd4,vfunction54,0046e400,Sexy::MusicInterface::vfunction13
Sexy::Ultra,vftable,0059872c,54,0xd8,vfunction55,004e4c10,Sexy::Fish::vfunction55
Sexy::Ultra,vftable,0059872c,55,0xdc,vfunction56,0046e400,Sexy::MusicInterface::vfunction13
Sexy::Ultra,vftable,0059872c,56,0xe0,vfunction57,004d5300,Sexy::OtherTypePet::vfunction57
Sexy::Ultra,vftable,0059872c,57,0xe4,vfunction58,0046eb50,Sexy::DialogListener::vfunction1
Sexy::Ultra,vftable,0059872c,58,0xe8,vfunction59,004d8c10,Sexy::Grubber::vfunction59
Sexy::Ultra,vftable,0059872c,59,0xec,vfunction60,0046c690,Sexy::ResourceManager::vfunction14
Sexy::Ultra,vftable,0059872c,60,0xf0,vfunction61,0046de70,Sexy::Widget::vfunction61
Sexy::Ultra,vftable,0059872c,61,0xf4,vfunction62,0046e500,Sexy::Widget::vfunction62
Sexy::Ultra,vftable,0059872c,62,0xf8,vfunction63,0046e480,Sexy::Widget::vfunction63
Sexy::Ultra,vftable,0059872c,63,0xfc,vfunction64,0046e620,Sexy::Widget::vfunction64
Sexy::Ultra,vftable,0059872c,64,0x100,vfunction65,0046e670,Sexy::Widget::vfunction65
Sexy::Ultra,vftable,0059872c,65,0x104,vfunction66,0046e6b0,Sexy::Widget::vfunction66
Sexy::Ultra,vftable,0059872c,66,0x108,vfunction67,0046e6d0,Sexy::Widget::vfunction67
Sexy::Ultra,vftable,0059872c,67,0x10c,vfunction68,0046e700,Sexy::Widget::vfunction68
Sexy::Ultra,vftable,0059872c,68,0x110,vfunction69,0046e800,Sexy::Widget::vfunction69
Sexy::Ultra,vftable,0059872c,69,0x114,vfunction70,0046e840,Sexy::Widget::vfunction70
Sexy::Ultra,vftable,0059872c,70,0x118,vfunction71,004f0290,Sexy::Ultra::vfunction71
Sexy::Ultra,vftable,0059872c,71,0x11c,vfunction72,004d5a80,Sexy::Fish::vfunction72
Sexy::Ultra,vftable,0059872c,72,0x120,vfunction73,004df130,Sexy::Fish::vfunction73
Sexy::Ultra,vftable,0059872c,73,0x124,vfunction74,0051a440,Sexy::ListListener::vfunction2
Sexy::Ultra,vftable,0059872c,74,0x128,vfunction75,004e9e00,Sexy::GameObject::vfunction75
Sexy::Ultra,vftable,0059872c,75,0x12c,vfunction76,004f01d0,Sexy::Fish::vfunction76
Sexy::Ultra,vftable,0059872c,76,0x130,vfunction77,004d8e40,Sexy::Grubber::vfunction77
Sexy::Ultra,vftable,0059872c,77,0x134,vfunction78,004e3c60,Sexy::Ultra::vfunction78
Sexy::Ultra,vftable,0059872c,78,0x138,vfunction79,004df070,Sexy::Fish::vfunction79
Sexy::Ultra,vftable,0059872c,79,0x13c,vfunction80,004da180,Sexy::Ultra::vfunction80
Sexy::Ultra,vftable,0059872c,80,0x140,vfunction81,004de610,Sexy::Fish::vfunction81
Sexy::Ultra,vftable,0059872c,81,0x144,vfunction82,004d9f90,Sexy::Ultra::vfunction82
Sexy::Ultra,vftable,0059872c,82,0x148,vfunction83,004e38f0,Sexy::Ultra::vfunction83
Sexy::Ultra,vftable,0059872c,83,0x14c,vfunction84,004e3a10,Sexy::Ultra::vfunction84
Sexy::Ultra,vftable,0059872c,84,0x150,vfunction85,004da260,Sexy::Ultra::vfunction85
Sexy::Ultra,vftable,0059872c,85,0x154,vfunction86,004eca70,Sexy::Ultra::vfunction86
Sexy::Ultra,vftable,0059872c,86,0x158,vfunction87,004ecbf0,Sexy::Ultra::vfunction87
Sexy::Ultra,vftable,0059872c,87,0x15c,vfunction88,004da5e0,Sexy::Ultra::vfunction88
Sexy::Ultra,vftable,0059872c,88,0x160,vfunction89,004d5f90,Sexy::Fish::vfunction89
Sexy::Ultra,vftable,0059872c,89,0x164,vfunction90,004da000,Sexy::Ultra::vfunction90
Sexy::Ultra,vftable,0059872c,90,0x168,vfunction91,004d5650,Sexy::Fish::vfunction91
std::length_error,vftable,0059889c,0,0x0,vfunction1,004011f0,std::length_error::deleting_destructor
std::length_error,vftable,0059889c,1,0x4,vfunction2,004012f0,std::runtime_error::vfunction2
std::out_of_range,vftable,005988a8,0,0x0,vfunction1,004011f0,std::length_error::deleting_destructor
std::out_of_range,vftable,005988a8,1,0x4,vfunction2,004012f0,std::runtime_error::vfunction2
Sexy::BallFish,vftable,005988b4,0,0x0,vfunction1,004f0e10,Sexy::BallFish::deleting_destructor
Sexy::BallFish,vftable,005988b4,1,0x4,vfunction2,0046b5b0,Sexy::WidgetContainer::vfunction2
Sexy::BallFish,vftable,005988b4,2,0x8,vfunction3,0046b5d0,Sexy::WidgetContainer::vfunction3
Sexy::BallFish,vftable,005988b4,3,0xc,vfunction4,0046b640,Sexy::WidgetContainer::vfunction4
Sexy::BallFish,vftable,005988b4,4,0x10,vfunction5,0046b760,Sexy::WidgetContainer::vfunction5
Sexy::BallFish,vftable,005988b4,5,0x14,vfunction6,0046b700,Sexy::WidgetContainer::vfunction6
Sexy::BallFish,vftable,005988b4,6,0x18,vfunction7,0046c690,Sexy::ResourceManager::vfunction14
Sexy::BallFish,vftable,005988b4,7,0x1c,vfunction8,0046b550,Sexy::WidgetContainer::vfunction8
Sexy::BallFish,vftable,005988b4,8,0x20,vfunction9,0046c690,Sexy::ResourceManager::vfunction14
Sexy::BallFish,vftable,005988b4,9,0x24,vfunction10,0046ba90,Sexy::WidgetContainer::vfunction10
Sexy::BallFish,vftable,005988b4,10,0x28,vfunction11,0046bab0,Sexy::WidgetContainer::vfunction11
Sexy::BallFish,vftable,005988b4,11,0x2c,vfunction12,0046bc50,Sexy::WidgetContainer::vfunction12
Sexy::BallFish,vftable,005988b4,12,0x30,vfunction13,0046bd20,Sexy::WidgetContainer::vfunction13
Sexy::BallFish,vftable,005988b4,13,0x34,vfunction14,0046bdf0,Sexy::WidgetContainer::vfunction14
Sexy::BallFish,vftable,005988b4,14,0x38,vfunction15,0046bf00,Sexy::WidgetContainer::vfunction15
Sexy::BallFish,vftable,005988b4,15,0x3c,vfunction16,0046c030,Sexy::WidgetContainer::vfunction16
Sexy::BallFish,vftable,005988b4,16,0x40,vfunction17,0046c430,Sexy::WidgetContainer::vfunction17
Sexy::BallFish,vftable,005988b4,17,0x44,vfunction18,0046c180,Sexy::WidgetContainer::vfunction18
Sexy::BallFish,vftable,005988b4,18,0x48,vfunction19,0046c1c0,Sexy::WidgetContainer::vfunction19
Sexy::BallFish,vftable,005988b4,19,0x4c,vfunction20,0046c1a0,Sexy::WidgetContainer::vfunction20
Sexy::BallFish,vftable,005988b4,20,0x50,vfunction21,0046c090,Sexy::WidgetContainer::vfunction21
Sexy::BallFish,vftable,005988b4,21,0x54,vfunction22,0046c100,Sexy::WidgetContainer::vfunction22
Sexy::BallFish,vftable,005988b4,22,0x58,vfunction23,004f6970,Sexy::Fish::vfunction23
Sexy::BallFish,vftable,005988b4,23,0x5c,vfunction24,0046c500,Sexy::WidgetContainer::vfunction24
Sexy::BallFish,vftable,005988b4,24,0x60,vfunction25,0046c690,Sexy::ResourceManager::vfunction14
Sexy::BallFish,vftable,005988b4,25,0x64,vfunction26,0046c6a0,Sexy::WidgetContainer::vfunction26
Sexy::BallFish,vftable,005988b4,26,0x68,vfunction27,004e4a90,Sexy::Fish::vfunction27
Sexy::BallFish,vftable,005988b4,27,0x6c,vfunction28,0046c7f0,Sexy::WidgetContainer::vfunction28
Sexy::BallFish,vftable,005988b4,28,0x70,vfunction29,0046c9c0,Sexy::WidgetContainer::vfunction29
Sexy::BallFish,vftable,005988b4,29,0x74,vfunction30,00486bf0,Sexy::ResourceManager::BaseRes::vfunction2
Sexy::BallFish,vftable,005988b4,30,0x78,vfunction31,00486bf0,Sexy::ResourceManager::BaseRes::vfunction2
Sexy::BallFish,vftable,005988b4,31,0x7c,vfunction32,0046de80,Sexy::Widget::vfunction32
Sexy::BallFish,vftable,005988b4,32,0x80,vfunction33,0046df70,Sexy::Widget::vfunction33
Sexy::BallFish,vftable,005988b4,33,0x84,vfunction34,0046ded0,Sexy::Widget::vfunction34
Sexy::BallFish,vftable,005988b4,34,0x88,vfunction35,0046e010,Sexy::Widget::vfunction35
Sexy::BallFish,vftable,005988b4,35,0x8c,vfunction36,0046e130,Sexy::Widget::vfunction36
Sexy::BallFish,vftable,005988b4,36,0x90,vfunction37,0046e0c0,Sexy::Widget::vfunction37
Sexy::BallFish,vftable,005988b4,37,0x94,vfunction38,0046e270,Sexy::Widget::vfunction38
Sexy::BallFish,vftable,005988b4,38,0x98,vfunction39,0046e370,Sexy::Widget::vfunction39
Sexy::BallFish,vftable,005988b4,39,0x9c,vfunction40,0046e210,Sexy::Widget::vfunction40
Sexy::BallFish,vftable,005988b4,40,0xa0,vfunction41,0046e1b0,Sexy::Widget::vfunction41
Sexy::BallFish,vftable,005988b4,41,0xa4,vfunction42,0046e240,Sexy::Widget::vfunction42
Sexy::BallFish,vftable,005988b4,42,0xa8,vfunction43,0046e260,Sexy::Widget::vfunction43
Sexy::BallFish,vftable,005988b4,43,0xac,vfunction44,0046deb0,Sexy::Widget::vfunction44
Sexy::BallFish,vftable,005988b4,44,0xb0,vfunction45,0046c690,Sexy::ResourceManager::vfunction14
Sexy::BallFish,vftable,005988b4,45,0xb4,vfunction46,0046e2f0,Sexy::Widget::vfunction46
Sexy::BallFish,vftable,005988b4,46,0xb8,vfunction47,0046e300,Sexy::Widget::vfunction47
Sexy::BallFish,vftable,005988b4,47,0xbc,vfunction48,0046c690,Sexy::ResourceManager::vfunction14
Sexy::BallFish,vftable,005988b4,48,0xc0,vfunction49,0046e320,Sexy::Widget::vfunction49
Sexy::BallFish,vftable,005988b4,49,0xc4,vfunction50,0046c690,Sexy::ResourceManager::vfunction14
Sexy::BallFish,vftable,005988b4,50,0xc8,vfunction51,00486bf0,Sexy::ResourceManager::BaseRes::vfunction2
Sexy::BallFish,vftable,005988b4,51,0xcc,vfunction52,00486bf0,Sexy::ResourceManager::BaseRes::vfunction2
Sexy::BallFish,vftable,005988b4,52,0xd0,vfunction53,0046eb50,Sexy::DialogListener::vfunction1
Sexy::BallFish,vftable,005988b4,53,0xd4,vfunction54,0046e400,Sexy::MusicInterface::vfunction13
Sexy::BallFish,vftable,005988b4,54,0xd8,vfunction55,004e4c10,Sexy::Fish::vfunction55
Sexy::BallFish,vftable,005988b4,55,0xdc,vfunction56,0046e400,Sexy::MusicInterface::vfunction13
Sexy::BallFish,vftable,005988b4,56,0xe0,vfunction57,004d5300,Sexy::OtherTypePet::vfunction57
Sexy::BallFish,vftable,005988b4,57,0xe4,vfunction58,0046eb50,Sexy::DialogListener::vfunction1
Sexy::BallFish,vftable,005988b4,58,0xe8,vfunction59,004d8c10,Sexy::Grubber::vfunction59
Sexy::BallFish,vftable,005988b4,59,0xec,vfunction60,0046c690,Sexy::ResourceManager::vfunction14
Sexy::BallFish,vftable,005988b4,60,0xf0,vfunction61,0046de70,Sexy::Widget::vfunction61
Sexy::BallFish,vftable,005988b4,61,0xf4,vfunction62,0046e500,Sexy::Widget::vfunction62
Sexy::BallFish,vftable,005988b4,62,0xf8,vfunction63,0046e480,Sexy::Widget::vfunction63
Sexy::BallFish,vftable,005988b4,63,0xfc,vfunction64,0046e620,Sexy::Widget::vfunction64
Sexy::BallFish,vftable,005988b4,64,0x100,vfunction65,0046e670,Sexy::Widget::vfunction65
Sexy::BallFish,vftable,005988b4,65,0x104,vfunction66,0046e6b0,Sexy::Widget::vfunction66
Sexy::BallFish,vftable,005988b4,66,0x108,vfunction67,0046e6d0,Sexy::Widget::vfunction67
Sexy::BallFish,vftable,005988b4,67,0x10c,vfunction68,0046e700,Sexy::Widget::vfunction68
Sexy::BallFish,vftable,005988b4,68,0x110,vfunction69,0046e800,Sexy::Widget::vfunction69
Sexy::BallFish,vftable,005988b4,69,0x114,vfunction70,0046e840,Sexy::Widget::vfunction70
Sexy::BallFish,vftable,005988b4,70,0x118,vfunction71,004d4750,Sexy::BallFish::vfunction71
Sexy::BallFish,vftable,005988b4,71,0x11c,vfunction72,004d5a80,Sexy::Fish::vfunction72
Sexy::BallFish,vftable,005988b4,72,0x120,vfunction73,004dcfd0,Sexy::Breeder::vfunction73
Sexy::BallFish,vftable,005988b4,73,0x124,vfunction74,0051a440,Sexy::ListListener::vfunction2
Sexy::BallFish,vftable,005988b4,74,0x128,vfunction75,004e9e00,Sexy::GameObject::vfunction75
Sexy::BallFish,vftable,005988b4,75,0x12c,vfunction76,004f01d0,Sexy::Fish::vfunction76
Sexy::BallFish,vftable,005988b4,76,0x130,vfunction77,004d8e40,Sexy::Grubber::vfunction77
Sexy::BallFish,vftable,005988b4,77,0x134,vfunction78,004e3f90,Sexy::BallFish::vfunction78
Sexy::BallFish,vftable,005988b4,78,0x138,vfunction79,004db650,Sexy::BallFish::vfunction79
Sexy::BallFish,vftable,005988b4,79,0x13c,vfunction80,004db550,Sexy::BallFish::vfunction80
Sexy::BallFish,vftable,005988b4,80,0x140,vfunction81,004de610,Sexy::Fish::vfunction81
Sexy::BallFish,vftable,005988b4,81,0x144,vfunction82,004db320,Sexy::BallFish::vfunction82
Sexy::BallFish,vftable,005988b4,82,0x148,vfunction83,004db930,Sexy::SylvesterFish::vfunction83
Sexy::BallFish,vftable,005988b4,83,0x14c,vfunction84,004db3b0,Sexy::BallFish::vfunction84
Sexy::BallFish,vftable,005988b4,84,0x150,vfunction85,004d47c0,Sexy::BallFish::vfunction85
Sexy::BallFish,vftable,005988b4,85,0x154,vfunction86,004ed770,Sexy::BallFish::vfunction86
Sexy::BallFish,vftable,005988b4,86,0x158,vfunction87,004ed8b0,Sexy::BallFish::vfunction87
Sexy::BallFish,vftable,005988b4,87,0x15c,vfunction88,004d9e60,Sexy::Gekko::vfunction88
Sexy::BallFish,vftable,005988b4,88,0x160,vfunction89,004d5f90,Sexy::Fish::vfunction89
Sexy::BallFish,vftable,005988b4,89,0x164,vfunction90,004db680,Sexy::BallFish::vfunction90
Sexy::BallFish,vftable,005988b4,90,0x168,vfunction91,004d5650,Sexy::Fish::vfunction91
Sexy::BiFish,vftable,00598a24,0,0x0,vfunction1,004f0e40,Sexy::BiFish::deleting_destructor
Sexy::BiFish,vftable,00598a24,1,0x4,vfunction2,0046b5b0,Sexy::WidgetContainer::vfunction2
Sexy::BiFish,vftable,00598a24,2,0x8,vfunction3,0046b5d0,Sexy::WidgetContainer::vfunction3
Sexy::BiFish,vftable,00598a24,3,0xc,vfunction4,0046b640,Sexy::WidgetContainer::vfunction4
Sexy::BiFish,vftable,00598a24,4,0x10,vfunction5,0046b760,Sexy::WidgetContainer::vfunction5
Sexy::BiFish,vftable,00598a24,5,0x14,vfunction6,0046b700,Sexy::WidgetContainer::vfunction6
Sexy::BiFish,vftable,00598a24,6,0x18,vfunction7,0046c690,Sexy::ResourceManager::vfunction14
Sexy::BiFish,vftable,00598a24,7,0x1c,vfunction8,0046b550,Sexy::WidgetContainer::vfunction8
Sexy::BiFish,vftable,00598a24,8,0x20,vfunction9,0046c690,Sexy::ResourceManager::vfunction14
Sexy::BiFish,vftable,00598a24,9,0x24,vfunction10,0046ba90,Sexy::WidgetContainer::vfunction10
Sexy::BiFish,vftable,00598a24,10,0x28,vfunction11,0046bab0,Sexy::WidgetContainer::vfunction11
Sexy::BiFish,vftable,00598a24,11,0x2c,vfunction12,0046bc50,Sexy::WidgetContainer::vfunction12
Sexy::BiFish,vftable,00598a24,12,0x30,vfunction13,0046bd20,Sexy::WidgetContainer::vfunction13
Sexy::BiFish,vftable,00598a24,13,0x34,vfunction14,0046bdf0,Sexy::WidgetContainer::vfunction14
Sexy::BiFish,vftable,00598a24,14,0x38,vfunction15,0046bf00,Sexy::WidgetContainer::vfunction15
Sexy::BiFish,vftable,00598a24,15,0x3c,vfunction16,0046c030,Sexy::WidgetContainer::vfunction16
Sexy::BiFish,vftable,00598a24,16,0x40,vfunction17,0046c430,Sexy::WidgetContainer::vfunction17
Sexy::BiFish,vftable,00598a24,17,0x44,vfunction18,0046c180,Sexy::WidgetContainer::vfunction18
Sexy::BiFish,vftable,00598a24,18,0x48,vfunction19,0046c1c0,Sexy::WidgetContainer::vfunction19
Sexy::BiFish,vftable,00598a24,19,0x4c,vfunction20,0046c1a0,Sexy::WidgetContainer::vfunction20
Sexy::BiFish,vftable,00598a24,20,0x50,vfunction21,0046c090,Sexy::WidgetContainer::vfunction21
Sexy::BiFish,vftable,00598a24,21,0x54,vfunction22,0046c100,Sexy::WidgetContainer::vfunction22
Sexy::BiFish,vftable,00598a24,22,0x58,vfunction23,004f6970,Sexy::Fish::vfunction23
Sexy::BiFish,vftable,00598a24,23,0x5c,vfunction24,0046c500,Sexy::WidgetContainer::vfunction24
Sexy::BiFish,vftable,00598a24,24,0x60,vfunction25,0046c690,Sexy::ResourceManager::vfunction14
Sexy::BiFish,vftable,00598a24,25,0x64,vfunction26,0046c6a0,Sexy::WidgetContainer::vfunction26
Sexy::BiFish,vftable,00598a24,26,0x68,vfunction27,004e4a90,Sexy::Fish::vfunction27
Sexy::BiFish,vftable,00598a24,27,0x6c,vfunction28,0046c7f0,Sexy::WidgetContainer::vfunction28
Sexy::BiFish,vftable,00598a24,28,0x70,vfunction29,0046c9c0,Sexy::WidgetContainer::vfunction29
Sexy::BiFish,vftable,00598a24,29,0x74,vfunction30,00486bf0,Sexy::ResourceManager::BaseRes::vfunction2
Sexy::BiFish,vftable,00598a24,30,0x78,vfunction31,00486bf0,Sexy::ResourceManager::BaseRes::vfunction2
Sexy::BiFish,vftable,00598a24,31,0x7c,vfunction32,0046de80,Sexy::Widget::vfunction32
Sexy::BiFish,vftable,00598a24,32,0x80,vfunction33,0046df70,Sexy::Widget::vfunction33
Sexy::BiFish,vftable,00598a24,33,0x84,vfunction34,0046ded0,Sexy::Widget::vfunction34
Sexy::BiFish,vftable,00598a24,34,0x88,vfunction35,0046e010,Sexy::Widget::vfunction35
Sexy::BiFish,vftable,00598a24,35,0x8c,vfunction36,0046e130,Sexy::Widget::vfunction36
Sexy::BiFish,vftable,00598a24,36,0x90,vfunction37,0046e0c0,Sexy::Widget::vfunction37
Sexy::BiFish,vftable,00598a24,37,0x94,vfunction38,0046e270,Sexy::Widget::vfunction38
Sexy::BiFish,vftable,00598a24,38,0x98,vfunction39,0046e370,Sexy::Widget::vfunction39
Sexy::BiFish,vftable,00598a24,39,0x9c,vfunction40,0046e210,Sexy::Widget::vfunction40
Sexy::BiFish,vftable,00598a24,40,0xa0,vfunction41,0046e1b0,Sexy::Widget::vfunction41
Sexy::BiFish,vftable,00598a24,41,0xa4,vfunction42,0046e240,Sexy::Widget::vfunction42
Sexy::BiFish,vftable,00598a24,42,0xa8,vfunction43,0046e260,Sexy::Widget::vfunction43
Sexy::BiFish,vftable,00598a24,43,0xac,vfunction44,0046deb0,Sexy::Widget::vfunction44
Sexy::BiFish,vftable,00598a24,44,0xb0,vfunction45,0046c690,Sexy::ResourceManager::vfunction14
Sexy::BiFish,vftable,00598a24,45,0xb4,vfunction46,0046e2f0,Sexy::Widget::vfunction46
Sexy::BiFish,vftable,00598a24,46,0xb8,vfunction47,0046e300,Sexy::Widget::vfunction47
Sexy::BiFish,vftable,00598a24,47,0xbc,vfunction48,0046c690,Sexy::ResourceManager::vfunction14
Sexy::BiFish,vftable,00598a24,48,0xc0,vfunction49,0046e320,Sexy::Widget::vfunction49
Sexy::BiFish,vftable,00598a24,49,0xc4,vfunction50,0046c690,Sexy::ResourceManager::vfunction14
Sexy::BiFish,vftable,00598a24,50,0xc8,vfunction51,00486bf0,Sexy::ResourceManager::BaseRes::vfunction2
Sexy::BiFish,vftable,00598a24,51,0xcc,vfunction52,00486bf0,Sexy::ResourceManager::BaseRes::vfunction2
Sexy::BiFish,vftable,00598a24,52,0xd0,vfunction53,0046eb50,Sexy::DialogListener::vfunction1
Sexy::BiFish,vftable,00598a24,53,0xd4,vfunction54,0046e400,Sexy::MusicInterface::vfunction13
Sexy::BiFish,vftable,00598a24,54,0xd8,vfunction55,004e4c10,Sexy::Fish::vfunction55
Sexy::BiFish,vftable,00598a24,55,0xdc,vfunction56,0046e400,Sexy::MusicInterface::vfunction13
Sexy::BiFish,vftable,00598a24,56,0xe0,vfunction57,004d5300,Sexy::OtherTypePet::vfunction57
Sexy::BiFish,vftable,00598a24,57,0xe4,vfunction58,0046eb50,Sexy::DialogListener::vfunction1
Sexy::BiFish,vftable,00598a24,58,0xe8,vfunction59,004d8c10,Sexy::Grubber::vfunction59
Sexy::BiFish,vftable,00598a24,59,0xec,vfunction60,0046c690,Sexy::ResourceManager::vfunction14
Sexy::BiFish,vftable,00598a24,60,0xf0,vfunction61,0046de70,Sexy::Widget::vfunction61
Sexy::BiFish,vftable,00598a24,61,0xf4,vfunction62,0046e500,Sexy::Widget::vfunction62
Sexy::BiFish,vftable,00598a24,62,0xf8,vfunction63,0046e480,Sexy::Widget::vfunction63
Sexy::BiFish,vftable,00598a24,63,0xfc,vfunction64,0046e620,Sexy::Widget::vfunction64
Sexy::BiFish,vftable,00598a24,64,0x100,vfunction65,0046e670,Sexy::Widget::vfunction65
Sexy::BiFish,vftable,00598a24,65,0x104,vfunction66,0046e6b0,Sexy::Widget::vfunction66
Sexy::BiFish,vftable,00598a24,66,0x108,vfunction67,0046e6d0,Sexy::Widget::vfunction67
Sexy::BiFish,vftable,00598a24,67,0x10c,vfunction68,0046e700,Sexy::Widget::vfunction68
Sexy::BiFish,vftable,00598a24,68,0x110,vfunction69,0046e800,Sexy::Widget::vfunction69
Sexy::BiFish,vftable,00598a24,69,0x114,vfunction70,0046e840,Sexy::Widget::vfunction70
Sexy::BiFish,vftable,00598a24,70,0x118,vfunction71,004ea730,Sexy::Grubber::vfunction71
Sexy::BiFish,vftable,00598a24,71,0x11c,vfunction72,004d5a80,Sexy::Fish::vfunction72
Sexy::BiFish,vftable,00598a24,72,0x120,vfunction73,004df130,Sexy::Fish::vfunction73
Sexy::BiFish,vftable,00598a24,73,0x124,vfunction74,0051a440,Sexy::ListListener::vfunction2
Sexy::BiFish,vftable,00598a24,74,0x128,vfunction75,004e9e00,Sexy::GameObject::vfunction75
Sexy::BiFish,vftable,00598a24,75,0x12c,vfunction76,004f01d0,Sexy::Fish::vfunction76
Sexy::BiFish,vftable,00598a24,76,0x130,vfunction77,004d8e40,Sexy::Grubber::vfunction77
Sexy::BiFish,vftable,00598a24,77,0x134,vfunction78,004e40a0,Sexy::BiFish::vfunction78
Sexy::BiFish,vftable,00598a24,78,0x138,vfunction79,004dbc20,Sexy::BiFish::vfunction79
Sexy::BiFish,vftable,00598a24,79,0x13c,vfunction80,004dbaf0,Sexy::BiFish::vfunction80
Sexy::BiFish,vftable,00598a24,80,0x140,vfunction81,004e4060,Sexy::BiFish::vfunction81
Sexy::BiFish,vftable,00598a24,81,0x144,vfunction82,004db8c0,Sexy::BiFish::vfunction82
Sexy::BiFish,vftable,00598a24,82,0x148,vfunction83,004db930,Sexy::SylvesterFish::vfunction83
Sexy::BiFish,vftable,00598a24,83,0x14c,vfunction84,004db9b0,Sexy::BiFish::vfunction84
Sexy::BiFish,vftable,00598a24,84,0x150,vfunction85,004d4b40,Sexy::BiFish::vfunction85
Sexy::BiFish,vftable,00598a24,85,0x154,vfunction86,004eda00,Sexy::BiFish::vfunction86
Sexy::BiFish,vftable,00598a24,86,0x158,vfunction87,004edb30,Sexy::BiFish::vfunction87
Sexy::BiFish,vftable,00598a24,87,0x15c,vfunction88,004d9e60,Sexy::Gekko::vfunction88
Sexy::BiFish,vftable,00598a24,88,0x160,vfunction89,004d5f90,Sexy::Fish::vfunction89
Sexy::BiFish,vftable,00598a24,89,0x164,vfunction90,004dbc80,Sexy::BiFish::vfunction90
Sexy::BiFish,vftable,00598a24,90,0x168,vfunction91,004d5650,Sexy::Fish::vfunction91
Sexy::Bilaterus,vftable,00598b94,0,0x0,vfunction1,004f0e70,Sexy::Bilaterus::deleting_destructor
Sexy::Bilaterus,vftable,00598b94,1,0x4,vfunction2,0046b5b0,Sexy::WidgetContainer::vfunction2
Sexy::Bilaterus,vftable,00598b94,2,0x8,vfunction3,0046b5d0,Sexy::WidgetContainer::vfunction3
Sexy::Bilaterus,vftable,00598b94,3,0xc,vfunction4,0046b640,Sexy::WidgetContainer::vfunction4
Sexy::Bilaterus,vftable,00598b94,4,0x10,vfunction5,0046b760,Sexy::WidgetContainer::vfunction5
Sexy::Bilaterus,vftable,00598b94,5,0x14,vfunction6,0046b700,Sexy::WidgetContainer::vfunction6
Sexy::Bilaterus,vftable,00598b94,6,0x18,vfunction7,0046c690,Sexy::ResourceManager::vfunction14
Sexy::Bilaterus,vftable,00598b94,7,0x1c,vfunction8,0046b550,Sexy::WidgetContainer::vfunction8
Sexy::Bilaterus,vftable,00598b94,8,0x20,vfunction9,0046c690,Sexy::ResourceManager::vfunction14
Sexy::Bilaterus,vftable,00598b94,9,0x24,vfunction10,0046ba90,Sexy::WidgetContainer::vfunction10
Sexy::Bilaterus,vftable,00598b94,10,0x28,vfunction11,0046bab0,Sexy::WidgetContainer::vfunction11
Sexy::Bilaterus,vftable,00598b94,11,0x2c,vfunction12,0046bc50,Sexy::WidgetContainer::vfunction12
Sexy::Bilaterus,vftable,00598b94,12,0x30,vfunction13,0046bd20,Sexy::WidgetContainer::vfunction13
Sexy::Bilaterus,vftable,00598b94,13,0x34,vfunction14,0046bdf0,Sexy::WidgetContainer::vfunction14
Sexy::Bilaterus,vftable,00598b94,14,0x38,vfunction15,0046bf00,Sexy::WidgetContainer::vfunction15
Sexy::Bilaterus,vftable,00598b94,15,0x3c,vfunction16,0046c030,Sexy::WidgetContainer::vfunction16
Sexy::Bilaterus,vftable,00598b94,16,0x40,vfunction17,0046c430,Sexy::WidgetContainer::vfunction17
Sexy::Bilaterus,vftable,00598b94,17,0x44,vfunction18,004dbe40,Sexy::Bilaterus::vfunction18
Sexy::Bilaterus,vftable,00598b94,18,0x48,vfunction19,0046c1c0,Sexy::WidgetContainer::vfunction19
Sexy::Bilaterus,vftable,00598b94,19,0x4c,vfunction20,0046c1a0,Sexy::WidgetContainer::vfunction20
Sexy::Bilaterus,vftable,00598b94,20,0x50,vfunction21,0046c090,Sexy::WidgetContainer::vfunction21
Sexy::Bilaterus,vftable,00598b94,21,0x54,vfunction22,004dbf20,Sexy::Bilaterus::vfunction22
Sexy::Bilaterus,vftable,00598b94,22,0x58,vfunction23,004fe250,Sexy::Bilaterus::vfunction23
Sexy::Bilaterus,vftable,00598b94,23,0x5c,vfunction24,0046c500,Sexy::WidgetContainer::vfunction24
Sexy::Bilaterus,vftable,00598b94,24,0x60,vfunction25,0046c690,Sexy::ResourceManager::vfunction14
Sexy::Bilaterus,vftable,00598b94,25,0x64,vfunction26,0046c6a0,Sexy::WidgetContainer::vfunction26
Sexy::Bilaterus,vftable,00598b94,26,0x68,vfunction27,0046c690,Sexy::ResourceManager::vfunction14
Sexy::Bilaterus,vftable,00598b94,27,0x6c,vfunction28,0046c7f0,Sexy::WidgetContainer::vfunction28
Sexy::Bilaterus,vftable,00598b94,28,0x70,vfunction29,0046c9c0,Sexy::WidgetContainer::vfunction29
Sexy::Bilaterus,vftable,00598b94,29,0x74,vfunction30,00486bf0,Sexy::ResourceManager::BaseRes::vfunction2
Sexy::Bilaterus,vftable,00598b94,30,0x78,vfunction31,004dbeb0,Sexy::Bilaterus::vfunction31
Sexy::Bilaterus,vftable,00598b94,31,0x7c,vfunction32,0046de80,Sexy::Widget::vfunction32
Sexy::Bilaterus,vftable,00598b94,32,0x80,vfunction33,0046df70,Sexy::Widget::vfunction33
Sexy::Bilaterus,vftable,00598b94,33,0x84,vfunction34,0046ded0,Sexy::Widget::vfunction34
Sexy::Bilaterus,vftable,00598b94,34,0x88,vfunction35,0046e010,Sexy::Widget::vfunction35
Sexy::Bilaterus,vftable,00598b94,35,0x8c,vfunction36,0046e130,Sexy::Widget::vfunction36
Sexy::Bilaterus,vftable,00598b94,36,0x90,vfunction37,0046e0c0,Sexy::Widget::vfunction37
Sexy::Bilaterus,vftable,00598b94,37,0x94,vfunction38,0046e270,Sexy::Widget::vfunction38
Sexy::Bilaterus,vftable,00598b94,38,0x98,vfunction39,0046e370,Sexy::Widget::vfunction39
Sexy::Bilaterus,vftable,00598b94,39,0x9c,vfunction40,0046e210,Sexy::Widget::vfunction40
Sexy::Bilaterus,vftable,00598b94,40,0xa0,vfunction41,0046e1b0,Sexy::Widget::vfunction41
Sexy::Bilaterus,vftable,00598b94,41,0xa4,vfunction42,0046e240,Sexy::Widget::vfunction42
Sexy::Bilaterus,vftable,00598b94,42,0xa8,vfunction43,0046e260,Sexy::Widget::vfunction43
Sexy::Bilaterus,vftable,00598b94,43,0xac,vfunction44,0046deb0,Sexy::Widget::vfunction44
Sexy::Bilaterus,vftable,00598b94,44,0xb0,vfunction45,0046c690,Sexy::ResourceManager::vfunction14
Sexy::Bilaterus,vftable,00598b94,45,0xb4,vfunction46,0046e2f0,Sexy::Widget::vfunction46
Sexy::Bilaterus,vftable,00598b94,46,0xb8,vfunction47,0046e300,Sexy::Widget::vfunction47
Sexy::Bilaterus,vftable,00598b94,47,0xbc,vfunction48,0046c690,Sexy::ResourceManager::vfunction14
Sexy::Bilaterus,vftable,00598b94,48,0xc0,vfunction49,0046e320,Sexy::Widget::vfunction49
Sexy::Bilaterus,vftable,00598b94,49,0xc4,vfunction50,0046c690,Sexy::ResourceManager::vfunction14
Sexy::Bilaterus,vftable,00598b94,50,0xc8,vfunction51,00486bf0,Sexy::ResourceManager::BaseRes::vfunction2
Sexy::Bilaterus,vftable,00598b94,51,0xcc,vfunction52,00486bf0,Sexy::ResourceManager::BaseRes::vfunction2
Sexy::Bilaterus,vftable,00598b94,52,0xd0,vfunction53,0046eb50,Sexy::DialogListener::vfunction1
Sexy::Bilaterus,vftable,00598b94,53,0xd4,vfunction54,0046e400,Sexy::MusicInterface::vfunction13
Sexy::Bilaterus,vftable,00598b94,54,0xd8,vfunction55,0046e3a0,Sexy::Widget::vfunction55
Sexy::Bilaterus,vftable,00598b94,55,0xdc,vfunction56,0046e400,Sexy::MusicInterface::vfunction13
Sexy::Bilaterus,vftable,00598b94,56,0xe0,vfunction57,0046e410,Sexy::Widget::vfunction57
Sexy::Bilaterus,vftable,00598b94,57,0xe4,vfunction58,0046eb50,Sexy::DialogListener::vfunction1
Sexy::Bilaterus,vftable,00598b94,58,0xe8,vfunction59,0046eb50,Sexy::DialogListener::vfunction1
Sexy::Bilaterus,vftable,00598b94,59,0xec,vfunction60,0046c690,Sexy::ResourceManager::vfunction14
Sexy::Bilaterus,vftable,00598b94,60,0xf0,vfunction61,0046de70,Sexy::Widget::vfunction61
Sexy::Bilaterus,vftable,00598b94,61,0xf4,vfunction62,0046e500,Sexy::Widget::vfunction62
Sexy::Bilaterus,vftable,00598b94,62,0xf8,vfunction63,0046e480,Sexy::Widget::vfunction63
Sexy::Bilaterus,vftable,00598b94,63,0xfc,vfunction64,0046e620,Sexy::Widget::vfunction64
Sexy::Bilaterus,vftable,00598b94,64,0x100,vfunction65,0046e670,Sexy::Widget::vfunction65
Sexy::Bilaterus,vftable,00598b94,65,0x104,vfunction66,0046e6b0,Sexy::Widget::vfunction66
Sexy::Bilaterus,vftable,00598b94,66,0x108,vfunction67,0046e6d0,Sexy::Widget::vfunction67
Sexy::Bilaterus,vftable,00598b94,67,0x10c,vfunction68,0046e700,Sexy::Widget::vfunction68
Sexy::Bilaterus,vftable,00598b94,68,0x110,vfunction69,0046e800,Sexy::Widget::vfunction69
Sexy::Bilaterus,vftable,00598b94,69,0x114,vfunction70,0046e840,Sexy::Widget::vfunction70
Sexy::Bilaterus,vftable,00598b94,70,0x118,vfunction71,004d4ec0,Sexy::Bilaterus::vfunction71
Sexy::Bilaterus,vftable,00598b94,71,0x11c,vfunction72,004e9df0,Sexy::GameObject::vfunction72
Sexy::Bilaterus,vftable,00598b94,72,0x120,vfunction73,004d68d0,Sexy::GameObject::vfunction73
Sexy::Bilaterus,vftable,00598b94,73,0x124,vfunction74,0051a440,Sexy::ListListener::vfunction2
Sexy::Bilaterus,vftable,00598b94,74,0x128,vfunction75,004d4ee0,Sexy::Bilaterus::vfunction75
Sexy::Bilaterus,vftable,00598b94,75,0x12c,vfunction76,004f07f0,Sexy::Bilaterus::vfunction76
Sexy::Bilaterus,vftable,00598b94,76,0x130,vfunction77,00519120,Sexy::CheckboxListener::vfunction1
Sexy::Bilaterus,vftable,00598b94,77,0x134,vfunction78,0051a440,Sexy::ListListener::vfunction2
Sexy::Bilaterus,vftable,00598b94,78,0x138,vfunction79,004e9e00,Sexy::GameObject::vfunction75
Sexy::Bilaterus,vftable,00598b94,79,0x13c,vfunction80,00519120,Sexy::CheckboxListener::vfunction1
Sexy::Bilaterus,vftable,00598b94,80,0x140,vfunction81,004fae20,Sexy::Bilaterus::vfunction81
Sexy::DataReaderException,vftable,0059bdf0,0,0x0,vfunction1,00502f80,Sexy::DataReaderException::vfunction1
Sexy::DataReaderException,vftable,0059bdf0,1,0x4,vfunction2,00563dac,std::exception::vfunction2
Sexy::DataReader,vftable,0059bdfc,0,0x0,vfunction1,00503fb0,Sexy::DataReader::deleting_destructor
Sexy::DataWriter,vftable,0059be04,0,0x0,vfunction1,00503fe0,Sexy::DataWriter::deleting_destructor
Sexy::WorkerThread,vftable,0059d5ac,0,0x0,vfunction1,005042d0,Sexy::WorkerThread::deleting_destructor
Sexy::BubbleMgr,vftable,0059d5b4,0,0x0,vfunction1,00505420,Sexy::BubbleMgr::deleting_destructor
Sexy::StarField,vftable,0059d5dc,0,0x0,vfunction1,00505480,Sexy::StarField::deleting_destructor
Sexy::DataSync,vftable,0059d8c4,0,0x0,vfunction1,00512ff0,Sexy::DataSync::deleting_destructor
Sexy::HighScoreMgr,vftable,0059d8cc,0,0x0,vfunction1,00513030,Sexy::HighScoreMgr::deleting_destructor
Sexy::ProfileMgr,vftable,0059db00,0,0x0,vfunction1,00515b80,Sexy::ProfileMgr::deleting_destructor
BonusScreenOverlay,vftable,005a0564,0,0x0,vfunction1,0051ad70,BoardOverlay::deleting_destructor
BonusScreenOverlay,vftable,005a0564,1,0x4,vfunction2,0046b5b0,Sexy::WidgetContainer::vfunction2
BonusScreenOverlay,vftable,005a0564,2,0x8,vfunction3,0046b5d0,Sexy::WidgetContainer::vfunction3
BonusScreenOverlay,vftable,005a0564,3,0xc,vfunction4,0046b640,Sexy::WidgetContainer::vfunction4
BonusScreenOverlay,vftable,005a0564,4,0x10,vfunction5,0046b760,Sexy::WidgetContainer::vfunction5
BonusScreenOverlay,vftable,005a0564,5,0x14,vfunction6,0046b700,Sexy::WidgetContainer::vfunction6
BonusScreenOverlay,vftable,005a0564,6,0x18,vfunction7,0046c690,Sexy::ResourceManager::vfunction14
BonusScreenOverlay,vftable,005a0564,7,0x1c,vfunction8,0046b550,Sexy::WidgetContainer::vfunction8
BonusScreenOverlay,vftable,005a0564,8,0x20,vfunction9,0046c690,Sexy::ResourceManager::vfunction14
BonusScreenOverlay,vftable,005a0564,9,0x24,vfunction10,0046ba90,Sexy::WidgetContainer::vfunction10
BonusScreenOverlay,vftable,005a0564,10,0x28,vfunction11,0046bab0,Sexy::WidgetContainer::vfunction11
BonusScreenOverlay,vftable,005a0564,11,0x2c,vfunction12,0046bc50,Sexy::WidgetContainer::vfunction12
BonusScreenOverlay,vftable,005a0564,12,0x30,vfunction13,0046bd20,Sexy::WidgetContainer::vfunction13
BonusScreenOverlay,vftable,005a0564,13,0x34,vfunction14,0046bdf0,Sexy::WidgetContainer::vfunction14
BonusScreenOverlay,vftable,005a0564,14,0x38,vfunction15,0046bf00,Sexy::WidgetContainer::vfunction15
BonusScreenOverlay,vftable,005a0564,15,0x3c,vfunction16,0046c030,Sexy::WidgetContainer::vfunction16
BonusScreenOverlay,vftable,005a0564,16,0x40,vfunction17,0046c430,Sexy::WidgetContainer::vfunction17
BonusScreenOverlay,vftable,005a0564,17,0x44,vfunction18,0046c180,Sexy::WidgetContainer::vfunction18
BonusScreenOverlay,vftable,005a0564,18,0x48,vfunction19,0046c1c0,Sexy::WidgetContainer::vfunction19
BonusScreenOverlay,vftable,005a0564,19,0x4c,vfunction20,0046c1a0,Sexy::WidgetContainer::vfunction20
BonusScreenOverlay,vftable,005a0564,20,0x50,vfunction21,0046c090,Sexy::WidgetContainer::vfunction21
BonusScreenOverlay,vftable,005a0564,21,0x54,vfunction22,0046c100,Sexy::WidgetContainer::vfunction22
BonusScreenOverlay,vftable,005a0564,22,0x58,vfunction23,0046c4f0,thunk 0046e310 -> Sexy::WidgetContainer::vfunction23
BonusScreenOverlay,vftable,005a0564,23,0x5c,vfunction24,0046c500,Sexy::WidgetContainer::vfunction24
BonusScreenOverlay,vftable,005a0564,24,0x60,vfunction25,0046c690,Sexy::ResourceManager::vfunction14
BonusScreenOverlay,vftable,005a0564,25,0x64,vfunction26,0046c6a0,Sexy::WidgetContainer::vfunction26
BonusScreenOverlay,vftable,005a0564,26,0x68,vfunction27,00518910,BonusScreenOverlay::vfunction27
BonusScreenOverlay,vftable,005a0564,27,0x6c,vfunction28,0046c7f0,Sexy::WidgetContainer::vfunction28
BonusScreenOverlay,vftable,005a0564,28,0x70,vfunction29,0046c9c0,Sexy::WidgetContainer::vfunction29
BonusScreenOverlay,vftable,005a0564,29,0x74,vfunction30,00486bf0,Sexy::ResourceManager::BaseRes::vfunction2
BonusScreenOverlay,vftable,005a0564,30,0x78,vfunction31,00486bf0,Sexy::ResourceManager::BaseRes::vfunction2
BonusScreenOverlay,vftable,005a0564,31,0x7c,vfunction32,0046de80,Sexy::Widget::vfunction32
BonusScreenOverlay,vftable,005a0564,32,0x80,vfunction33,0046df70,Sexy::Widget::vfunction33
BonusScreenOverlay,vftable,005a0564,33,0x84,vfunction34,0046ded0,Sexy::Widget::vfunction34
BonusScreenOverlay,vftable,005a0564,34,0x88,vfunction35,0046e010,Sexy::Widget::vfunction35
BonusScreenOverlay,vftable,005a0564,35,0x8c,vfunction36,0046e130,Sexy::Widget::vfunction36
BonusScreenOverlay,vftable,005a0564,36,0x90,vfunction37,0046e0c0,Sexy::Widget::vfunction37
BonusScreenOverlay,vftable,005a0564,37,0x94,vfunction38,0046e270,Sexy::Widget::vfunction38
BonusScreenOverlay,vftable,005a0564,38,0x98,vfunction39,0046e370,Sexy::Widget::vfunction39
BonusScreenOverlay,vftable,005a0564,39,0x9c,vfunction40,0046e210,Sexy::Widget::vfunction40
BonusScreenOverlay,vftable,005a0564,40,0xa0,vfunction41,0046e1b0,Sexy::Widget::vfunction41
BonusScreenOverlay,vftable,005a0564,41,0xa4,vfunction42,0046e240,Sexy::Widget::vfunction42
BonusScreenOverlay,vftable,005a0564,42,0xa8,vfunction43,0046e260,Sexy::Widget::vfunction43
BonusScreenOverlay,vftable,005a0564,43,0xac,vfunction44,0046deb0,Sexy::Widget::vfunction44
BonusScreenOverlay,vftable,005a0564,44,0xb0,vfunction45,0046c690,Sexy::ResourceManager::vfunction14
BonusScreenOverlay,vftable,005a0564,45,0xb4,vfunction46,0046e2f0,Sexy::Widget::vfunction46
BonusScreenOverlay,vftable,005a0564,46,0xb8,vfunction47,0046e300,Sexy::Widget::vfunction47
BonusScreenOverlay,vftable,005a0564,47,0xbc,vfunction48,0046c690,Sexy::ResourceManager::vfunction14
BonusScreenOverlay,vftable,005a0564,48,0xc0,vfunction49,0046e320,Sexy::Widget::vfunction49
BonusScreenOverlay,vftable,005a0564,49,0xc4,vfunction50,0046c690,Sexy::ResourceManager::vfunction14
BonusScreenOverlay,vftable,005a0564,50,0xc8,vfunction51,00486bf0,Sexy::ResourceManager::BaseRes::vfunction2
BonusScreenOverlay,vftable,005a0564,51,0xcc,vfunction52,00486bf0,Sexy::ResourceManager::BaseRes::vfunction2
BonusScreenOverlay,vftable,005a0564,52,0xd0,vfunction53,0046eb50,Sexy::DialogListener::vfunction1
BonusScreenOverlay,vftable,005a0564,53,0xd4,vfunction54,0046e400,Sexy::MusicInterface::vfunction13
BonusScreenOverlay,vftable,005a0564,54,0xd8,vfunction55,0046e3a0,Sexy::Widget::vfunction55
BonusScreenOverlay,vftable,005a0564,55,0xdc,vfunction56,0046e400,Sexy::MusicInterface::vfunction13
BonusScreenOverlay,vftable,005a0564,56,0xe0,vfunction57,0046e410,Sexy::Widget::vfunction57
BonusScreenOverlay,vftable,005a0564,57,0xe4,vfunction58,0046eb50,Sexy::DialogListener::vfunction1
BonusScreenOverlay,vftable,005a0564,58,0xe8,vfunction59,0046eb50,Sexy::DialogListener::vfunction1
BonusScreenOverlay,vftable,005a0564,59,0xec,vfunction60,0046c690,Sexy::ResourceManager::vfunction14
BonusScreenOverlay,vftable,005a0564,60,0xf0,vfunction61,0046de70,Sexy::Widget::vfunction61
BonusScreenOverlay,vftable,005a0564,61,0xf4,vfunction62,0046e500,Sexy::Widget::vfunction62
BonusScreenOverlay,vftable,005a0564,62,0xf8,vfunction63,0046e480,Sexy::Widget::vfunction63
BonusScreenOverlay,vftable,005a0564,63,0xfc,vfunction64,0046e620,Sexy::Widget::vfunction64
BonusScreenOverlay,vftable,005a0564,64,0x100,vfunction65,0046e670,Sexy::Widget::vfunction65
BonusScreenOverlay,vftable,005a0564,65,0x104,vfunction66,0046e6b0,Sexy::Widget::vfunction66
BonusScreenOverlay,vftable,005a0564,66,0x108,vfunction67,0046e6d0,Sexy::Widget::vfunction67
BonusScreenOverlay,vftable,005a0564,67,0x10c,vfunction68,0046e700,Sexy::Widget::vfunction68
BonusScreenOverlay,vftable,005a0564,68,0x110,vfunction69,0046e800,Sexy::Widget::vfunction69
BonusScreenOverlay,vftable,005a0564,69,0x114,vfunction70,0046e840,Sexy::Widget::vfunction70
Sexy::ButtonListener,vftable,005a0680,0,0x0,vfunction1,0046ca30,Sexy::ButtonListener::vfunction1
Sexy::ButtonListener,vftable,005a0680,1,0x4,vfunction2,0046c690,Sexy::ResourceManager::vfunction14
Sexy::ButtonListener,vftable,005a0680,2,0x8,vfunction3,0046c690,Sexy::ResourceManager::vfunction14
Sexy::ButtonListener,vftable,005a0680,3,0xc,vfunction4,0046c690,Sexy::ResourceManager::vfunction14
Sexy::ButtonListener,vftable,005a0680,4,0x10,vfunction5,0046c690,Sexy::ResourceManager::vfunction14
Sexy::ButtonListener,vftable,005a0680,5,0x14,vfunction6,0046c690,Sexy::ResourceManager::vfunction14
Sexy::ButtonListener,vftable,005a0680,6,0x18,vfunction7,0049b300,Sexy::Image::vfunction3
GameSelectorOverlay,vftable,005a06a4,0,0x0,vfunction1,0051ad70,BoardOverlay::deleting_destructor
GameSelectorOverlay,vftable,005a06a4,1,0x4,vfunction2,0046b5b0,Sexy::WidgetContainer::vfunction2
GameSelectorOverlay,vftable,005a06a4,2,0x8,vfunction3,0046b5d0,Sexy::WidgetContainer::vfunction3
GameSelectorOverlay,vftable,005a06a4,3,0xc,vfunction4,0046b640,Sexy::WidgetContainer::vfunction4
GameSelectorOverlay,vftable,005a06a4,4,0x10,vfunction5,0046b760,Sexy::WidgetContainer::vfunction5
GameSelectorOverlay,vftable,005a06a4,5,0x14,vfunction6,0046b700,Sexy::WidgetContainer::vfunction6
GameSelectorOverlay,vftable,005a06a4,6,0x18,vfunction7,0046c690,Sexy::ResourceManager::vfunction14
GameSelectorOverlay,vftable,005a06a4,7,0x1c,vfunction8,0046b550,Sexy::WidgetContainer::vfunction8
GameSelectorOverlay,vftable,005a06a4,8,0x20,vfunction9,0046c690,Sexy::ResourceManager::vfunction14
GameSelectorOverlay,vftable,005a06a4,9,0x24,vfunction10,0046ba90,Sexy::WidgetContainer::vfunction10
GameSelectorOverlay,vftable,005a06a4,10,0x28,vfunction11,0046bab0,Sexy::WidgetContainer::vfunction11
GameSelectorOverlay,vftable,005a06a4,11,0x2c,vfunction12,0046bc50,Sexy::WidgetContainer::vfunction12
GameSelectorOverlay,vftable,005a06a4,12,0x30,vfunction13,0046bd20,Sexy::WidgetContainer::vfunction13
GameSelectorOverlay,vftable,005a06a4,13,0x34,vfunction14,0046bdf0,Sexy::WidgetContainer::vfunction14
GameSelectorOverlay,vftable,005a06a4,14,0x38,vfunction15,0046bf00,Sexy::WidgetContainer::vfunction15
GameSelectorOverlay,vftable,005a06a4,15,0x3c,vfunction16,0046c030,Sexy::WidgetContainer::vfunction16
GameSelectorOverlay,vftable,005a06a4,16,0x40,vfunction17,0046c430,Sexy::WidgetContainer::vfunction17
GameSelectorOverlay,vftable,005a06a4,17,0x44,vfunction18,0046c180,Sexy::WidgetContainer::vfunction18
GameSelectorOverlay,vftable,005a06a4,18,0x48,vfunction19,0046c1c0,Sexy::WidgetContainer::vfunction19
GameSelectorOverlay,vftable,005a06a4,19,0x4c,vfunction20,0046c1a0,Sexy::WidgetContainer::vfunction20
GameSelectorOverlay,vftable,005a06a4,20,0x50,vfunction21,0046c090,Sexy::WidgetContainer::vfunction21
GameSelectorOverlay,vftable,005a06a4,21,0x54,vfunction22,0046c100,Sexy::WidgetContainer::vfunction22
GameSelectorOverlay,vftable,005a06a4,22,0x58,vfunction23,0046c4f0,thunk 0046e310 -> Sexy::WidgetContainer::vfunction23
GameSelectorOverlay,vftable,005a06a4,23,0x5c,vfunction24,0046c500,Sexy::WidgetContainer::vfunction24
GameSelectorOverlay,vftable,005a06a4,24,0x60,vfunction25,0046c690,Sexy::ResourceManager::vfunction14
GameSelectorOverlay,vftable,005a06a4,25,0x64,vfunction26,0046c6a0,Sexy::WidgetContainer::vfunction26
GameSelectorOverlay,vftable,005a06a4,26,0x68,vfunction27,00518910,BonusScreenOverlay::vfunction27
GameSelectorOverlay,vftable,005a06a4,27,0x6c,vfunction28,0046c7f0,Sexy::WidgetContainer::vfunction28
GameSelectorOverlay,vftable,005a06a4,28,0x70,vfunction29,0046c9c0,Sexy::WidgetContainer::vfunction29
GameSelectorOverlay,vftable,005a06a4,29,0x74,vfunction30,00486bf0,Sexy::ResourceManager::BaseRes::vfunction2
GameSelectorOverlay,vftable,005a06a4,30,0x78,vfunction31,00486bf0,Sexy::ResourceManager::BaseRes::vfunction2
GameSelectorOverlay,vftable,005a06a4,31,0x7c,vfunction32,0046de80,Sexy::Widget::vfunction32
GameSelectorOverlay,vftable,005a06a4,32,0x80,vfunction33,0046df70,Sexy::Widget::vfunction33
GameSelectorOverlay,vftable,005a06a4,33,0x84,vfunction34,0046ded0,Sexy::Widget::vfunction34
GameSelectorOverlay,vftable,005a06a4,34,0x88,vfunction35,0046e010,Sexy::Widget::vfunction35
GameSelectorOverlay,vftable,005a06a4,35,0x8c,vfunction36,0046e130,Sexy::Widget::vfunction36
GameSelectorOverlay,vftable,005a06a4,36,0x90,vfunction37,0046e0c0,Sexy::Widget::vfunction37
GameSelectorOverlay,vftable,005a06a4,37,0x94,vfunction38,0046e270,Sexy::Widget::vfunction38
GameSelectorOverlay,vftable,005a06a4,38,0x98,vfunction39,0046e370,Sexy::Widget::vfunction39
GameSelectorOverlay,vftable,005a06a4,39,0x9c,vfunction40,0046e210,Sexy::Widget::vfunction40
GameSelectorOverlay,vftable,005a06a4,40,0xa0,vfunction41,0046e1b0,Sexy::Widget::vfunction41
GameSelectorOverlay,vftable,005a06a4,41,0xa4,vfunction42,0046e240,Sexy::Widget::vfunction42
GameSelectorOverlay,vftable,005a06a4,42,0xa8,vfunction43,0046e260,Sexy::Widget::vfunction43
GameSelectorOverlay,vftable,005a06a4,43,0xac,vfunction44,0046deb0,Sexy::Widget::vfunction44
GameSelectorOverlay,vftable,005a06a4,44,0xb0,vfunction45,0046c690,Sexy::ResourceManager::vfunction14
GameSelectorOverlay,vftable,005a06a4,45,0xb4,vfunction46,0046e2f0,Sexy::Widget::vfunction46
GameSelectorOverlay,vftable,005a06a4,46,0xb8,vfunction47,0046e300,Sexy::Widget::vfunction47
GameSelectorOverlay,vftable,005a06a4,47,0xbc,vfunction48,0046c690,Sexy::ResourceManager::vfunction14
GameSelectorOverlay,vftable,005a06a4,48,0xc0,vfunction49,0046e320,Sexy::Widget::vfunction49
GameSelectorOverlay,vftable,005a06a4,49,0xc4,vfunction50,0046c690,Sexy::ResourceManager::vfunction14
GameSelectorOverlay,vftable,005a06a4,50,0xc8,vfunction51,00486bf0,Sexy::ResourceManager::BaseRes::vfunction2
GameSelectorOverlay,vftable,005a06a4,51,0xcc,vfunction52,00486bf0,Sexy::ResourceManager::BaseRes::vfunction2
GameSelectorOverlay,vftable,005a06a4,52,0xd0,vfunction53,0046eb50,Sexy::DialogListener::vfunction1
GameSelectorOverlay,vftable,005a06a4,53,0xd4,vfunction54,0046e400,Sexy::MusicInterface::vfunction13
GameSelectorOverlay,vftable,005a06a4,54,0xd8,vfunction55,0046e3a0,Sexy::Widget::vfunction55
GameSelectorOverlay,vftable,005a06a4,55,0xdc,vfunction56,0046e400,Sexy::MusicInterface::vfunction13
GameSelectorOverlay,vftable,005a06a4,56,0xe0,vfunction57,0046e410,Sexy::Widget::vfunction57
GameSelectorOverlay,vftable,005a06a4,57,0xe4,vfunction58,0046eb50,Sexy::DialogListener::vfunction1
GameSelectorOverlay,vftable,005a06a4,58,0xe8,vfunction59,0046eb50,Sexy::DialogListener::vfunction1
GameSelectorOverlay,vftable,005a06a4,59,0xec,vfunction60,0046c690,Sexy::ResourceManager::vfunction14
GameSelectorOverlay,vftable,005a06a4,60,0xf0,vfunction61,0046de70,Sexy::Widget::vfunction61
GameSelectorOverlay,vftable,005a06a4,61,0xf4,vfunction62,0046e500,Sexy::Widget::vfunction62
GameSelectorOverlay,vftable,005a06a4,62,0xf8,vfunction63,0046e480,Sexy::Widget::vfunction63
GameSelectorOverlay,vftable,005a06a4,63,0xfc,vfunction64,0046e620,Sexy::Widget::vfunction64
GameSelectorOverlay,vftable,005a06a4,64,0x100,vfunction65,0046e670,Sexy::Widget::vfunction65
GameSelectorOverlay,vftable,005a06a4,65,0x104,vfunction66,0046e6b0,Sexy::Widget::vfunction66
GameSelectorOverlay,vftable,005a06a4,66,0x108,vfunction67,0046e6d0,Sexy::Widget::vfunction67
GameSelectorOverlay,vftable,005a06a4,67,0x10c,vfunction68,0046e700,Sexy::Widget::vfunction68
GameSelectorOverlay,vftable,005a06a4,68,0x110,vfunction69,0046e800,Sexy::Widget::vfunction69
GameSelectorOverlay,vftable,005a06a4,69,0x114,vfunction70,0046e840,Sexy::Widget::vfunction70
HatchScreenOverlay,vftable,005a07c4,0,0x0,vfunction1,0051ad70,BoardOverlay::deleting_destructor
HatchScreenOverlay,vftable,005a07c4,1,0x4,vfunction2,0046b5b0,Sexy::WidgetContainer::vfunction2
HatchScreenOverlay,vftable,005a07c4,2,0x8,vfunction3,0046b5d0,Sexy::WidgetContainer::vfunction3
HatchScreenOverlay,vftable,005a07c4,3,0xc,vfunction4,0046b640,Sexy::WidgetContainer::vfunction4
HatchScreenOverlay,vftable,005a07c4,4,0x10,vfunction5,0046b760,Sexy::WidgetContainer::vfunction5
HatchScreenOverlay,vftable,005a07c4,5,0x14,vfunction6,0046b700,Sexy::WidgetContainer::vfunction6
HatchScreenOverlay,vftable,005a07c4,6,0x18,vfunction7,0046c690,Sexy::ResourceManager::vfunction14
HatchScreenOverlay,vftable,005a07c4,7,0x1c,vfunction8,0046b550,Sexy::WidgetContainer::vfunction8
HatchScreenOverlay,vftable,005a07c4,8,0x20,vfunction9,0046c690,Sexy::ResourceManager::vfunction14
HatchScreenOverlay,vftable,005a07c4,9,0x24,vfunction10,0046ba90,Sexy::WidgetContainer::vfunction10
HatchScreenOverlay,vftable,005a07c4,10,0x28,vfunction11,0046bab0,Sexy::WidgetContainer::vfunction11
HatchScreenOverlay,vftable,005a07c4,11,0x2c,vfunction12,0046bc50,Sexy::WidgetContainer::vfunction12
HatchScreenOverlay,vftable,005a07c4,12,0x30,vfunction13,0046bd20,Sexy::WidgetContainer::vfunction13
HatchScreenOverlay,vftable,005a07c4,13,0x34,vfunction14,0046bdf0,Sexy::WidgetContainer::vfunction14
HatchScreenOverlay,vftable,005a07c4,14,0x38,vfunction15,0046bf00,Sexy::WidgetContainer::vfunction15
HatchScreenOverlay,vftable,005a07c4,15,0x3c,vfunction16,0046c030,Sexy::WidgetContainer::vfunction16
HatchScreenOverlay,vftable,005a07c4,16,0x40,vfunction17,0046c430,Sexy::WidgetContainer::vfunction17
HatchScreenOverlay,vftable,005a07c4,17,0x44,vfunction18,0046c180,Sexy::WidgetContainer::vfunction18
HatchScreenOverlay,vftable,005a07c4,18,0x48,vfunction19,0046c1c0,Sexy::WidgetContainer::vfunction19
HatchScreenOverlay,vftable,005a07c4,19,0x4c,vfunction20,0046c1a0,Sexy::WidgetContainer::vfunction20
HatchScreenOverlay,vftable,005a07c4,20,0x50,vfunction21,0046c090,Sexy::WidgetContainer::vfunction21
HatchScreenOverlay,vftable,005a07c4,21,0x54,vfunction22,0046c100,Sexy::WidgetContainer::vfunction22
HatchScreenOverlay,vftable,005a07c4,22,0x58,vfunction23,0046c4f0,thunk 0046e310 -> Sexy::WidgetContainer::vfunction23
HatchScreenOverlay,vftable,005a07c4,23,0x5c,vfunction24,0046c500,Sexy::WidgetContainer::vfunction24
HatchScreenOverlay,vftable,005a07c4,24,0x60,vfunction25,0046c690,Sexy::ResourceManager::vfunction14
HatchScreenOverlay,vftable,005a07c4,25,0x64,vfunction26,0046c6a0,Sexy::WidgetContainer::vfunction26
HatchScreenOverlay,vftable,005a07c4,26,0x68,vfunction27,00518910,BonusScreenOverlay::vfunction27
HatchScreenOverlay,vftable,005a07c4,27,0x6c,vfunction28,0046c7f0,Sexy::WidgetContainer::vfunction28
HatchScreenOverlay,vftable,005a07c4,28,0x70,vfunction29,0046c9c0,Sexy::WidgetContainer::vfunction29
HatchScreenOverlay,vftable,005a07c4,29,0x74,vfunction30,00486bf0,Sexy::ResourceManager::BaseRes::vfunction2
HatchScreenOverlay,vftable,005a07c4,30,0x78,vfunction31,00486bf0,Sexy::ResourceManager::BaseRes::vfunction2
HatchScreenOverlay,vftable,005a07c4,31,0x7c,vfunction32,0046de80,Sexy::Widget::vfunction32
HatchScreenOverlay,vftable,005a07c4,32,0x80,vfunction33,0046df70,Sexy::Widget::vfunction33
HatchScreenOverlay,vftable,005a07c4,33,0x84,vfunction34,0046ded0,Sexy::Widget::vfunction34
HatchScreenOverlay,vftable,005a07c4,34,0x88,vfunction35,0046e010,Sexy::Widget::vfunction35
HatchScreenOverlay,vftable,005a07c4,35,0x8c,vfunction36,0046e130,Sexy::Widget::vfunction36
HatchScreenOverlay,vftable,005a07c4,36,0x90,vfunction37,0046e0c0,Sexy::Widget::vfunction37
HatchScreenOverlay,vftable,005a07c4,37,0x94,vfunction38,0046e270,Sexy::Widget::vfunction38
HatchScreenOverlay,vftable,005a07c4,38,0x98,vfunction39,0046e370,Sexy::Widget::vfunction39
HatchScreenOverlay,vftable,005a07c4,39,0x9c,vfunction40,0046e210,Sexy::Widget::vfunction40
HatchScreenOverlay,vftable,005a07c4,40,0xa0,vfunction41,0046e1b0,Sexy::Widget::vfunction41
HatchScreenOverlay,vftable,005a07c4,41,0xa4,vfunction42,0046e240,Sexy::Widget::vfunction42
HatchScreenOverlay,vftable,005a07c4,42,0xa8,vfunction43,0046e260,Sexy::Widget::vfunction43
HatchScreenOverlay,vftable,005a07c4,43,0xac,vfunction44,0046deb0,Sexy::Widget::vfunction44
HatchScreenOverlay,vftable,005a07c4,44,0xb0,vfunction45,0046c690,Sexy::ResourceManager::vfunction14
HatchScreenOverlay,vftable,005a07c4,45,0xb4,vfunction46,0046e2f0,Sexy::Widget::vfunction46
HatchScreenOverlay,vftable,005a07c4,46,0xb8,vfunction47,0046e300,Sexy::Widget::vfunction47
HatchScreenOverlay,vftable,005a07c4,47,0xbc,vfunction48,0046c690,Sexy::ResourceManager::vfunction14
HatchScreenOverlay,vftable,005a07c4,48,0xc0,vfunction49,0046e320,Sexy::Widget::vfunction49
HatchScreenOverlay,vftable,005a07c4,49,0xc4,vfunction50,0046c690,Sexy::ResourceManager::vfunction14
HatchScreenOverlay,vftable,005a07c4,50,0xc8,vfunction51,00486bf0,Sexy::ResourceManager::BaseRes::vfunction2
HatchScreenOverlay,vftable,005a07c4,51,0xcc,vfunction52,00486bf0,Sexy::ResourceManager::BaseRes::vfunction2
HatchScreenOverlay,vftable,005a07c4,52,0xd0,vfunction53,0046eb50,Sexy::DialogListener::vfunction1
HatchScreenOverlay,vftable,005a07c4,53,0xd4,vfunction54,0046e400,Sexy::MusicInterface::vfunction13
HatchScreenOverlay,vftable,005a07c4,54,0xd8,vfunction55,0046e3a0,Sexy::Widget::vfunction55
HatchScreenOverlay,vftable,005a07c4,55,0xdc,vfunction56,0046e400,Sexy::MusicInterface::vfunction13
HatchScreenOverlay,vftable,005a07c4,56,0xe0,vfunction57,0046e410,Sexy::Widget::vfunction57
HatchScreenOverlay,vftable,005a07c4,57,0xe4,vfunction58,0046eb50,Sexy::DialogListener::vfunction1
HatchScreenOverlay,vftable,005a07c4,58,0xe8,vfunction59,0046eb50,Sexy::DialogListener::vfunction1
HatchScreenOverlay,vftable,005a07c4,59,0xec,vfunction60,0046c690,Sexy::ResourceManager::vfunction14
HatchScreenOverlay,vftable,005a07c4,60,0xf0,vfunction61,0046de70,Sexy::Widget::vfunction61
HatchScreenOverlay,vftable,005a07c4,61,0xf4,vfunction62,0046e500,Sexy::Widget::vfunction62
HatchScreenOverlay,vftable,005a07c4,62,0xf8,vfunction63,0046e480,Sexy::Widget::vfunction63
HatchScreenOverlay,vftable,005a07c4,63,0xfc,vfunction64,0046e620,Sexy::Widget::vfunction64
HatchScreenOverlay,vftable,005a07c4,64,0x100,vfunction65,0046e670,Sexy::Widget::vfunction65
HatchScreenOverlay,vftable,005a07c4,65,0x104,vfunction66,0046e6b0,Sexy::Widget::vfunction66
HatchScreenOverlay,vftable,005a07c4,66,0x108,vfunction67,0046e6d0,Sexy::Widget::vfunction67
HatchScreenOverlay,vftable,005a07c4,67,0x10c,vfunction68,0046e700,Sexy::Widget::vfunction68
HatchScreenOverlay,vftable,005a07c4,68,0x110,vfunction69,0046e800,Sexy::Widget::vfunction69
HatchScreenOverlay,vftable,005a07c4,69,0x114,vfunction70,0046e840,Sexy::Widget::vfunction70
Sexy::HatchScreen,vftable_1,005a08e0,0,0x0,vfunction1,0046ca30,Sexy::ButtonListener::vfunction1
Sexy::HatchScreen,vftable_1,005a08e0,1,0x4,vfunction2,0051a6f0,Sexy::HatchScreen::vfunction2
Sexy::HatchScreen,vftable_1,005a08e0,2,0x8,vfunction3,00517c70,Sexy::HatchScreen::vfunction3
Sexy::HatchScreen,vftable_1,005a08e0,3,0xc,vfunction4,0046c690,Sexy::ResourceManager::vfunction14
Sexy::HatchScreen,vftable_1,005a08e0,4,0x10,vfunction5,0046c690,Sexy::ResourceManager::vfunction14
Sexy::HatchScreen,vftable_1,005a08e0,5,0x14,vfunction6,0046c690,Sexy::ResourceManager::vfunction14
Sexy::HatchScreen,vftable_1,005a08e0,6,0x18,vfunction7,0049b300,Sexy::Image::vfunction3
Sexy::HatchScreen,vftable,005a0904,0,0x0,vfunction1,0051ade0,Sexy::HatchScreen::deleting_destructor
Sexy::HatchScreen,vftable,005a0904,1,0x4,vfunction2,0046b5b0,Sexy::WidgetContainer::vfunction2
Sexy::HatchScreen,vftable,005a0904,2,0x8,vfunction3,0046b5d0,Sexy::WidgetContainer::vfunction3
Sexy::HatchScreen,vftable,005a0904,3,0xc,vfunction4,0046b640,Sexy::WidgetContainer::vfunction4
Sexy::HatchScreen,vftable,005a0904,4,0x10,vfunction5,0046b760,Sexy::WidgetContainer::vfunction5
Sexy::HatchScreen,vftable,005a0904,5,0x14,vfunction6,0046b700,Sexy::WidgetContainer::vfunction6
Sexy::HatchScreen,vftable,005a0904,6,0x18,vfunction7,0046c690,Sexy::ResourceManager::vfunction14
Sexy::HatchScreen,vftable,005a0904,7,0x1c,vfunction8,0046b550,Sexy::WidgetContainer::vfunction8
Sexy::HatchScreen,vftable,005a0904,8,0x20,vfunction9,0046c690,Sexy::ResourceManager::vfunction14
Sexy::HatchScreen,vftable,005a0904,9,0x24,vfunction10,0046ba90,Sexy::WidgetContainer::vfunction10
Sexy::HatchScreen,vftable,005a0904,10,0x28,vfunction11,0046bab0,Sexy::WidgetContainer::vfunction11
Sexy::HatchScreen,vftable,005a0904,11,0x2c,vfunction12,0046bc50,Sexy::WidgetContainer::vfunction12
Sexy::HatchScreen,vftable,005a0904,12,0x30,vfunction13,0046bd20,Sexy::WidgetContainer::vfunction13
Sexy::HatchScreen,vftable,005a0904,13,0x34,vfunction14,0046bdf0,Sexy::WidgetContainer::vfunction14
Sexy::HatchScreen,vftable,005a0904,14,0x38,vfunction15,0046bf00,Sexy::WidgetContainer::vfunction15
Sexy::HatchScreen,vftable,005a0904,15,0x3c,vfunction16,0046c030,Sexy::WidgetContainer::vfunction16
Sexy::HatchScreen,vftable,005a0904,16,0x40,vfunction17,0046c430,Sexy::WidgetContainer::vfunction17
Sexy::HatchScreen,vftable,005a0904,17,0x44,vfunction18,0046c180,Sexy::WidgetContainer::vfunction18
Sexy::HatchScreen,vftable,005a0904,18,0x48,vfunction19,0046c1c0,Sexy::WidgetContainer::vfunction19
Sexy::HatchScreen,vftable,005a0904,19,0x4c,vfunction20,0046c1a0,Sexy::WidgetContainer::vfunction20
Sexy::HatchScreen,vftable,005a0904,20,0x50,vfunction21,005179e0,Sexy::HatchScreen::vfunction21
Sexy::HatchScreen,vftable,005a0904,21,0x54,vfunction22,00517a30,Sexy::HatchScreen::vfunction22
Sexy::HatchScreen,vftable,005a0904,22,0x58,vfunction23,00520760,Sexy::HatchScreen::vfunction23
Sexy::HatchScreen,vftable,005a0904,23,0x5c,vfunction24,0046c500,Sexy::WidgetContainer::vfunction24
Sexy::HatchScreen,vftable,005a0904,24,0x60,vfunction25,0046c690,Sexy::ResourceManager::vfunction14
Sexy::HatchScreen,vftable,005a0904,25,0x64,vfunction26,0046c6a0,Sexy::WidgetContainer::vfunction26
Sexy::HatchScreen,vftable,005a0904,26,0x68,vfunction27,0051f770,Sexy::HatchScreen::vfunction27
Sexy::HatchScreen,vftable,005a0904,27,0x6c,vfunction28,0046c7f0,Sexy::WidgetContainer::vfunction28
Sexy::HatchScreen,vftable,005a0904,28,0x70,vfunction29,0046c9c0,Sexy::WidgetContainer::vfunction29
Sexy::HatchScreen,vftable,005a0904,29,0x74,vfunction30,00486bf0,Sexy::ResourceManager::BaseRes::vfunction2
Sexy::HatchScreen,vftable,005a0904,30,0x78,vfunction31,00486bf0,Sexy::ResourceManager::BaseRes::vfunction2
Sexy::HatchScreen,vftable,005a0904,31,0x7c,vfunction32,0046de80,Sexy::Widget::vfunction32
Sexy::HatchScreen,vftable,005a0904,32,0x80,vfunction33,0046df70,Sexy::Widget::vfunction33
Sexy::HatchScreen,vftable,005a0904,33,0x84,vfunction34,0046ded0,Sexy::Widget::vfunction34
Sexy::HatchScreen,vftable,005a0904,34,0x88,vfunction35,0046e010,Sexy::Widget::vfunction35
Sexy::HatchScreen,vftable,005a0904,35,0x8c,vfunction36,0046e130,Sexy::Widget::vfunction36
Sexy::HatchScreen,vftable,005a0904,36,0x90,vfunction37,0046e0c0,Sexy::Widget::vfunction37
Sexy::HatchScreen,vftable,005a0904,37,0x94,vfunction38,0046e270,Sexy::Widget::vfunction38
Sexy::HatchScreen,vftable,005a0904,38,0x98,vfunction39,0046e370,Sexy::Widget::vfunction39
Sexy::HatchScreen,vftable,005a0904,39,0x9c,vfunction40,0046e210,Sexy::Widget::vfunction40
Sexy::HatchScreen,vftable,005a0904,40,0xa0,vfunction41,0046e1b0,Sexy::Widget::vfunction41
Sexy::HatchScreen,vftable,005a0904,41,0xa4,vfunction42,0046e240,Sexy::Widget::vfunction42
Sexy::HatchScreen,vftable,005a0904,42,0xa8,vfunction43,0046e260,Sexy::Widget::vfunction43
Sexy::HatchScreen,vftable,005a0904,43,0xac,vfunction44,0046deb0,Sexy::Widget::vfunction44
Sexy::HatchScreen,vftable,005a0904,44,0xb0,vfunction45,00517a80,Sexy::HatchScreen::vfunction45
Sexy::HatchScreen,vftable,005a0904,45,0xb4,vfunction46,0046e2f0,Sexy::Widget::vfunction46
Sexy::HatchScreen,vftable,005a0904,46,0xb8,vfunction47,0046e300,Sexy::Widget::vfunction47
Sexy::HatchScreen,vftable,005a0904,47,0xbc,vfunction48,0046c690,Sexy::ResourceManager::vfunction14
Sexy::HatchScreen,vftable,005a0904,48,0xc0,vfunction49,0046e320,Sexy::Widget::vfunction49
Sexy::HatchScreen,vftable,005a0904,49,0xc4,vfunction50,0046c690,Sexy::ResourceManager::vfunction14
Sexy::HatchScreen,vftable,005a0904,50,0xc8,vfunction51,00486bf0,Sexy::ResourceManager::BaseRes::vfunction2
Sexy::HatchScreen,vftable,005a0904,51,0xcc,vfunction52,00486bf0,Sexy::ResourceManager::BaseRes::vfunction2
Sexy::HatchScreen,vftable,005a0904,52,0xd0,vfunction53,0046eb50,Sexy::DialogListener::vfunction1
Sexy::HatchScreen,vftable,005a0904,53,0xd4,vfunction54,0046e400,Sexy::MusicInterface::vfunction13
Sexy::HatchScreen,vftable,005a0904,54,0xd8,vfunction55,0046e3a0,Sexy::Widget::vfunction55
Sexy::HatchScreen,vftable,005a0904,55,0xdc,vfunction56,0046e400,Sexy::MusicInterface::vfunction13
Sexy::HatchScreen,vftable,005a0904,56,0xe0,vfunction57,0046e410,Sexy::Widget::vfunction57
Sexy::HatchScreen,vftable,005a0904,57,0xe4,vfunction58,0046eb50,Sexy::DialogListener::vfunction1
Sexy::HatchScreen,vftable,005a0904,58,0xe8,vfunction59,0046eb50,Sexy::DialogListener::vfunction1
Sexy::HatchScreen,vftable,005a0904,59,0xec,vfunction60,0046c690,Sexy::ResourceManager::vfunction14
Sexy::HatchScreen,vftable,005a0904,60,0xf0,vfunction61,0046de70,Sexy::Widget::vfunction61
Sexy::HatchScreen,vftable,005a0904,61,0xf4,vfunction62,0046e500,Sexy::Widget::vfunction62
Sexy::HatchScreen,vftable,005a0904,62,0xf8,vfunction63,0046e480,Sexy::Widget::vfunction63
Sexy::HatchScreen,vftable,005a0904,63,0xfc,vfunction64,0046e620,Sexy::Widget::vfunction64
Sexy::HatchScreen,vftable,005a0904,64,0x100,vfunction65,0046e670,Sexy::Widget::vfunction65
Sexy::HatchScreen,vftable,005a0904,65,0x104,vfunction66,0046e6b0,Sexy::Widget::vfunction66
Sexy::HatchScreen,vftable,005a0904,66,0x108,vfunction67,0046e6d0,Sexy::Widget::vfunction67
Sexy::HatchScreen,vftable,005a0904,67,0x10c,vfunction68,0046e700,Sexy::Widget::vfunction68
Sexy::HatchScreen,vftable,005a0904,68,0x110,vfunction69,0046e800,Sexy::Widget::vfunction69
Sexy::HatchScreen,vftable,005a0904,69,0x114,vfunction70,0046e840,Sexy::Widget::vfunction70
Sexy::HelpScreen,vftable_for_ButtonListener,005a0a20,0,0x0,vfunction1,0046ca30,Sexy::ButtonListener::vfunction1
Sexy::HelpScreen,vftable_for_ButtonListener,005a0a20,1,0x4,vfunction2,0051a6f0,Sexy::HatchScreen::vfunction2
Sexy::HelpScreen,vftable_for_ButtonListener,005a0a20,2,0x8,vfunction3,005182a0,Sexy::HelpScreen::vfunction3_for_ButtonListener
Sexy::HelpScreen,vftable_for_ButtonListener,005a0a20,3,0xc,vfunction4,0046c690,Sexy::ResourceManager::vfunction14
Sexy::HelpScreen,vftable_for_ButtonListener,005a0a20,4,0x10,vfunction5,0046c690,Sexy::ResourceManager::vfunction14
Sexy::HelpScreen,vftable_for_ButtonListener,005a0a20,5,0x14,vfunction6,0046c690,Sexy::ResourceManager::vfunction14
Sexy::HelpScreen,vftable_for_ButtonListener,005a0a20,6,0x18,vfunction7,0049b300,Sexy::Image::vfunction3
Sexy::HelpScreen,vftable_for_Widget,005a0a44,0,0x0,vfunction1,0051ae10,Sexy::HelpScreen::deleting_destructor_for_Widget
Sexy::HelpScreen,vftable_for_Widget,005a0a44,1,0x4,vfunction2,0046b5b0,Sexy::WidgetContainer::vfunction2
Sexy::HelpScreen,vftable_for_Widget,005a0a44,2,0x8,vfunction3,0046b5d0,Sexy::WidgetContainer::vfunction3
Sexy::HelpScreen,vftable_for_Widget,005a0a44,3,0xc,vfunction4,0046b640,Sexy::WidgetContainer::vfunction4
Sexy::HelpScreen,vftable_for_Widget,005a0a44,4,0x10,vfunction5,0046b760,Sexy::WidgetContainer::vfunction5
Sexy::HelpScreen,vftable_for_Widget,005a0a44,5,0x14,vfunction6,0046b700,Sexy::WidgetContainer::vfunction6
Sexy::HelpScreen,vftable_for_Widget,005a0a44,6,0x18,vfunction7,0046c690,Sexy::ResourceManager::vfunction14
Sexy::HelpScreen,vftable_for_Widget,005a0a44,7,0x1c,vfunction8,0046b550,Sexy::WidgetContainer::vfunction8
Sexy::HelpScreen,vftable_for_Widget,005a0a44,8,0x20,vfunction9,0046c690,Sexy::ResourceManager::vfunction14
Sexy::HelpScreen,vftable_for_Widget,005a0a44,9,0x24,vfunction10,0046ba90,Sexy::WidgetContainer::vfunction10
Sexy::HelpScreen,vftable_for_Widget,005a0a44,10,0x28,vfunction11,0046bab0,Sexy::WidgetContainer::vfunction11
Sexy::HelpScreen,vftable_for_Widget,005a0a44,11,0x2c,vfunction12,0046bc50,Sexy::WidgetContainer::vfunction12
Sexy::HelpScreen,vftable_for_Widget,005a0a44,12,0x30,vfunction13,0046bd20,Sexy::WidgetContainer::vfunction13
Sexy::HelpScreen,vftable_for_Widget,005a0a44,13,0x34,vfunction14,0046bdf0,Sexy::WidgetContainer::vfunction14
Sexy::HelpScreen,vftable_for_Widget,005a0a44,14,0x38,vfunction15,0046bf00,Sexy::WidgetContainer::vfunction15
Sexy::HelpScreen,vftable_for_Widget,005a0a44,15,0x3c,vfunction16,0046c030,Sexy::WidgetContainer::vfunction16
Sexy::HelpScreen,vftable_for_Widget,005a0a44,16,0x40,vfunction17,0046c430,Sexy::WidgetContainer::vfunction17
Sexy::HelpScreen,vftable_for_Widget,005a0a44,17,0x44,vfunction18,0046c180,Sexy::WidgetContainer::vfunction18
Sexy::HelpScreen,vftable_for_Widget,005a0a44,18,0x48,vfunction19,0046c1c0,Sexy::WidgetContainer::vfunction19
Sexy::HelpScreen,vftable_for_Widget,005a0a44,19,0x4c,vfunction20,0046c1a0,Sexy::WidgetContainer::vfunction20
Sexy::HelpScreen,vftable_for_Widget,005a0a44,20,0x50,vfunction21,00517dd0,Sexy::HelpScreen::vfunction21_for_Widget
Sexy::HelpScreen,vftable_for_Widget,005a0a44,21,0x54,vfunction22,00517e30,Sexy::HelpScreen::vfunction22_for_Widget
Sexy::HelpScreen,vftable_for_Widget,005a0a44,22,0x58,vfunction23,00518240,Sexy::HelpScreen::vfunction23_for_Widget
Sexy::HelpScreen,vftable_for_Widget,005a0a44,23,0x5c,vfunction24,0046c500,Sexy::WidgetContainer::vfunction24
Sexy::HelpScreen,vftable_for_Widget,005a0a44,24,0x60,vfunction25,0046c690,Sexy::ResourceManager::vfunction14
Sexy::HelpScreen,vftable_for_Widget,005a0a44,25,0x64,vfunction26,0046c6a0,Sexy::WidgetContainer::vfunction26
Sexy::HelpScreen,vftable_for_Widget,005a0a44,26,0x68,vfunction27,00523c80,Sexy::HelpScreen::vfunction27_for_Widget
Sexy::HelpScreen,vftable_for_Widget,005a0a44,27,0x6c,vfunction28,0046c7f0,Sexy::WidgetContainer::vfunction28
Sexy::HelpScreen,vftable_for_Widget,005a0a44,28,0x70,vfunction29,0046c9c0,Sexy::WidgetContainer::vfunction29
Sexy::HelpScreen,vftable_for_Widget,005a0a44,29,0x74,vfunction30,00486bf0,Sexy::ResourceManager::BaseRes::vfunction2
Sexy::HelpScreen,vftable_for_Widget,005a0a44,30,0x78,vfunction31,00486bf0,Sexy::ResourceManager::BaseRes::vfunction2
Sexy::HelpScreen,vftable_for_Widget,005a0a44,31,0x7c,vfunction32,0046de80,Sexy::Widget::vfunction32
Sexy::HelpScreen,vftable_for_Widget,005a0a44,32,0x80,vfunction33,0046df70,Sexy::Widget::vfunction33
Sexy::HelpScreen,vftable_for_Widget,005a0a44,33,0x84,vfunction34,0046ded0,Sexy::Widget::vfunction34
Sexy::HelpScreen,vftable_for_Widget,005a0a44,34,0x88,vfunction35,0046e010,Sexy::Widget::vfunction35
Sexy::HelpScreen,vftable_for_Widget,005a0a44,35,0x8c,vfunction36,0046e130,Sexy::Widget::vfunction36
Sexy::HelpScreen,vftable_for_Widget,005a0a44,36,0x90,vfunction37,0046e0c0,Sexy::Widget::vfunction37
Sexy::HelpScreen,vftable_for_Widget,005a0a44,37,0x94,vfunction38,0046e270,Sexy::Widget::vfunction38
Sexy::HelpScreen,vftable_for_Widget,005a0a44,38,0x98,vfunction39,0046e370,Sexy::Widget::vfunction39
Sexy::HelpScreen,vftable_for_Widget,005a0a44,39,0x9c,vfunction40,0046e210,Sexy::Widget::vfunction40
Sexy::HelpScreen,vftable_for_Widget,005a0a44,40,0xa0,vfunction41,0046e1b0,Sexy::Widget::vfunction41
Sexy::HelpScreen,vftable_for_Widget,005a0a44,41,0xa4,vfunction42,0046e240,Sexy::Widget::vfunction42
Sexy::HelpScreen,vftable_for_Widget,005a0a44,42,0xa8,vfunction43,0046e260,Sexy::Widget::vfunction43
Sexy::HelpScreen,vftable_for_Widget,005a0a44,43,0xac,vfunction44,0046deb0,Sexy::Widget::vfunction44
Sexy::HelpScreen,vftable_for_Widget,005a0a44,44,0xb0,vfunction45,0046c690,Sexy::ResourceManager::vfunction14
Sexy::HelpScreen,vftable_for_Widget,005a0a44,45,0xb4,vfunction46,0046e2f0,Sexy::Widget::vfunction46
Sexy::HelpScreen,vftable_for_Widget,005a0a44,46,0xb8,vfunction47,0046e300,Sexy::Widget::vfunction47
Sexy::HelpScreen,vftable_for_Widget,005a0a44,47,0xbc,vfunction48,0046c690,Sexy::ResourceManager::vfunction14
Sexy::HelpScreen,vftable_for_Widget,005a0a44,48,0xc0,vfunction49,0046e320,Sexy::Widget::vfunction49
Sexy::HelpScreen,vftable_for_Widget,005a0a44,49,0xc4,vfunction50,0046c690,Sexy::ResourceManager::vfunction14
Sexy::HelpScreen,vftable_for_Widget,005a0a44,50,0xc8,vfunction51,00486bf0,Sexy::ResourceManager::BaseRes::vfunction2
Sexy::HelpScreen,vftable_for_Widget,005a0a44,51,0xcc,vfunction52,00486bf0,Sexy::ResourceManager::BaseRes::vfunction2
Sexy::HelpScreen,vftable_for_Widget,005a0a44,52,0xd0,vfunction53,0046eb50,Sexy::DialogListener::vfunction1
Sexy::HelpScreen,vftable_for_Widget,005a0a44,53,0xd4,vfunction54,0046e400,Sexy::MusicInterface::vfunction13
Sexy::HelpScreen,vftable_for_Widget,005a0a44,54,0xd8,vfunction55,0046e3a0,Sexy::Widget::vfunction55
Sexy::HelpScreen,vftable_for_Widget,005a0a44,55,0xdc,vfunction56,0046e400,Sexy::MusicInterface::vfunction13
Sexy::HelpScreen,vftable_for_Widget,005a0a44,56,0xe0,vfunction57,0046e410,Sexy::Widget::vfunction57
Sexy::HelpScreen,vftable_for_Widget,005a0a44,57,0xe4,vfunction58,0046eb50,Sexy::DialogListener::vfunction1
Sexy::HelpScreen,vftable_for_Widget,005a0a44,58,0xe8,vfunction59,0046eb50,Sexy::DialogListener::vfunction1
Sexy::HelpScreen,vftable_for_Widget,005a0a44,59,0xec,vfunction60,0046c690,Sexy::ResourceManager::vfunction14
Sexy::HelpScreen,vftable_for_Widget,005a0a44,60,0xf0,vfunction61,0046de70,Sexy::Widget::vfunction61
Sexy::HelpScreen,vftable_for_Widget,005a0a44,61,0xf4,vfunction62,0046e500,Sexy::Widget::vfunction62
Sexy::HelpScreen,vftable_for_Widget,005a0a44,62,0xf8,vfunction63,0046e480,Sexy::Widget::vfunction63
Sexy::HelpScreen,vftable_for_Widget,005a0a44,63,0xfc,vfunction64,0046e620,Sexy::Widget::vfunction64
Sexy::HelpScreen,vftable_for_Widget,005a0a44,64,0x100,vfunction65,0046e670,Sexy::Widget::vfunction65
Sexy::HelpScreen,vftable_for_Widget,005a0a44,65,0x104,vfunction66,0046e6b0,Sexy::Widget::vfunction66
Sexy::HelpScreen,vftable_for_Widget,005a0a44,66,0x108,vfunction67,0046e6d0,Sexy::Widget::vfunction67
Sexy::HelpScreen,vftable_for_Widget,005a0a44,67,0x10c,vfunction68,0046e700,Sexy::Widget::vfunction68
Sexy::HelpScreen,vftable_for_Widget,005a0a44,68,0x110,vfunction69,0046e800,Sexy::Widget::vfunction69
Sexy::HelpScreen,vftable_for_Widget,005a0a44,69,0x114,vfunction70,0046e840,Sexy::Widget::vfunction70
Sexy::HighScoreScreen,vftable_for_ButtonListener,005a0b60,0,0x0,vfunction1,0046ca30,Sexy::ButtonListener::vfunction1
Sexy::HighScoreScreen,vftable_for_ButtonListener,005a0b60,1,0x4,vfunction2,0051a6f0,Sexy::HatchScreen::vfunction2
Sexy::HighScoreScreen,vftable_for_ButtonListener,005a0b60,2,0x8,vfunction3,00518570,Sexy::HighScoreScreen::vfunction3_for_ButtonListener
Sexy::HighScoreScreen,vftable_for_ButtonListener,005a0b60,3,0xc,vfunction4,0046c690,Sexy::ResourceManager::vfunction14
Sexy::HighScoreScreen,vftable_for_ButtonListener,005a0b60,4,0x10,vfunction5,0046c690,Sexy::ResourceManager::vfunction14
Sexy::HighScoreScreen,vftable_for_ButtonListener,005a0b60,5,0x14,vfunction6,0046c690,Sexy::ResourceManager::vfunction14
Sexy::HighScoreScreen,vftable_for_ButtonListener,005a0b60,6,0x18,vfunction7,0049b300,Sexy::Image::vfunction3
Sexy::HighScoreScreen,vftable_for_Widget,005a0b84,0,0x0,vfunction1,0051aeb0,Sexy::HighScoreScreen::deleting_destructor_for_Widget
Sexy::HighScoreScreen,vftable_for_Widget,005a0b84,1,0x4,vfunction2,0046b5b0,Sexy::WidgetContainer::vfunction2
Sexy::HighScoreScreen,vftable_for_Widget,005a0b84,2,0x8,vfunction3,0046b5d0,Sexy::WidgetContainer::vfunction3
Sexy::HighScoreScreen,vftable_for_Widget,005a0b84,3,0xc,vfunction4,0046b640,Sexy::WidgetContainer::vfunction4
Sexy::HighScoreScreen,vftable_for_Widget,005a0b84,4,0x10,vfunction5,0046b760,Sexy::WidgetContainer::vfunction5
Sexy::HighScoreScreen,vftable_for_Widget,005a0b84,5,0x14,vfunction6,0046b700,Sexy::WidgetContainer::vfunction6
Sexy::HighScoreScreen,vftable_for_Widget,005a0b84,6,0x18,vfunction7,0046c690,Sexy::ResourceManager::vfunction14
Sexy::HighScoreScreen,vftable_for_Widget,005a0b84,7,0x1c,vfunction8,0046b550,Sexy::WidgetContainer::vfunction8
Sexy::HighScoreScreen,vftable_for_Widget,005a0b84,8,0x20,vfunction9,0046c690,Sexy::ResourceManager::vfunction14
Sexy::HighScoreScreen,vftable_for_Widget,005a0b84,9,0x24,vfunction10,0046ba90,Sexy::WidgetContainer::vfunction10
Sexy::HighScoreScreen,vftable_for_Widget,005a0b84,10,0x28,vfunction11,0046bab0,Sexy::WidgetContainer::vfunction11
Sexy::HighScoreScreen,vftable_for_Widget,005a0b84,11,0x2c,vfunction12,0046bc50,Sexy::WidgetContainer::vfunction12
Sexy::HighScoreScreen,vftable_for_Widget,005a0b84,12,0x30,vfunction13,0046bd20,Sexy::WidgetContainer::vfunction13
Sexy::HighScoreScreen,vftable_for_Widget,005a0b84,13,0x34,vfunction14,0046bdf0,Sexy::WidgetContainer::vfunction14
Sexy::HighScoreScreen,vftable_for_Widget,005a0b84,14,0x38,vfunction15,0046bf00,Sexy::WidgetContainer::vfunction15
Sexy::HighScoreScreen,vftable_for_Widget,005a0b84,15,0x3c,vfunction16,0046c030,Sexy::WidgetContainer::vfunction16
Sexy::HighScoreScreen,vftable_for_Widget,005a0b84,16,0x40,vfunction17,0046c430,Sexy::WidgetContainer::vfunction17
Sexy::HighScoreScreen,vftable_for_Widget,005a0b84,17,0x44,vfunction18,0046c180,Sexy::WidgetContainer::vfunction18
Sexy::HighScoreScreen,vftable_for_Widget,005a0b84,18,0x48,vfunction19,0046c1c0,Sexy::WidgetContainer::vfunction19
Sexy::HighScoreScreen,vftable_for_Widget,005a0b84,19,0x4c,vfunction20,0046c1a0,Sexy::WidgetContainer::vfunction20
Sexy::HighScoreScreen,vftable_for_Widget,005a0b84,20,0x50,vfunction21,00518400,Sexy::HighScoreScreen::vfunction21_for_Widget
Sexy::HighScoreScreen,vftable_for_Widget,005a0b84,21,0x54,vfunction22,00518470,Sexy::HighScoreScreen::vfunction22_for_Widget
Sexy::HighScoreScreen,vftable_for_Widget,005a0b84,22,0x58,vfunction23,00518550,Sexy::HighScoreScreen::vfunction23_for_Widget
Sexy::HighScoreScreen,vftable_for_Widget,005a0b84,23,0x5c,vfunction24,0046c500,Sexy::WidgetContainer::vfunction24
Sexy::HighScoreScreen,vftable_for_Widget,005a0b84,24,0x60,vfunction25,0046c690,Sexy::ResourceManager::vfunction14
Sexy::HighScoreScreen,vftable_for_Widget,005a0b84,25,0x64,vfunction26,0046c6a0,Sexy::WidgetContainer::vfunction26
Sexy::HighScoreScreen,vftable_for_Widget,005a0b84,26,0x68,vfunction27,00525440,Sexy::HighScoreScreen::vfunction27_for_Widget
Sexy::HighScoreScreen,vftable_for_Widget,005a0b84,27,0x6c,vfunction28,0046c7f0,Sexy::WidgetContainer::vfunction28
Sexy::HighScoreScreen,vftable_for_Widget,005a0b84,28,0x70,vfunction29,0046c9c0,Sexy::WidgetContainer::vfunction29
Sexy::HighScoreScreen,vftable_for_Widget,005a0b84,29,0x74,vfunction30,00486bf0,Sexy::ResourceManager::BaseRes::vfunction2
Sexy::HighScoreScreen,vftable_for_Widget,005a0b84,30,0x78,vfunction31,00486bf0,Sexy::ResourceManager::BaseRes::vfunction2
Sexy::HighScoreScreen,vftable_for_Widget,005a0b84,31,0x7c,vfunction32,0046de80,Sexy::Widget::vfunction32
Sexy::HighScoreScreen,vftable_for_Widget,005a0b84,32,0x80,vfunction33,0046df70,Sexy::Widget::vfunction33
Sexy::HighScoreScreen,vftable_for_Widget,005a0b84,33,0x84,vfunction34,0046ded0,Sexy::Widget::vfunction34
Sexy::HighScoreScreen,vftable_for_Widget,005a0b84,34,0x88,vfunction35,0046e010,Sexy::Widget::vfunction35
Sexy::HighScoreScreen,vftable_for_Widget,005a0b84,35,0x8c,vfunction36,0046e130,Sexy::Widget::vfunction36
Sexy::HighScoreScreen,vftable_for_Widget,005a0b84,36,0x90,vfunction37,0046e0c0,Sexy::Widget::vfunction37
Sexy::HighScoreScreen,vftable_for_Widget,005a0b84,37,0x94,vfunction38,0046e270,Sexy::Widget::vfunction38
Sexy::HighScoreScreen,vftable_for_Widget,005a0b84,38,0x98,vfunction39,0046e370,Sexy::Widget::vfunction39
Sexy::HighScoreScreen,vftable_for_Widget,005a0b84,39,0x9c,vfunction40,0046e210,Sexy::Widget::vfunction40
Sexy::HighScoreScreen,vftable_for_Widget,005a0b84,40,0xa0,vfunction41,0046e1b0,Sexy::Widget::vfunction41
Sexy::HighScoreScreen,vftable_for_Widget,005a0b84,41,0xa4,vfunction42,0046e240,Sexy::Widget::vfunction42
Sexy::HighScoreScreen,vftable_for_Widget,005a0b84,42,0xa8,vfunction43,0046e260,Sexy::Widget::vfunction43
Sexy::HighScoreScreen,vftable_for_Widget,005a0b84,43,0xac,vfunction44,0046deb0,Sexy::Widget::vfunction44
Sexy::HighScoreScreen,vftable_for_Widget,005a0b84,44,0xb0,vfunction45,0046c690,Sexy::ResourceManager::vfunction14
Sexy::HighScoreScreen,vftable_for_Widget,005a0b84,45,0xb4,vfunction46,0046e2f0,Sexy::Widget::vfunction46
Sexy::HighScoreScreen,vftable_for_Widget,005a0b84,46,0xb8,vfunction47,0046e300,Sexy::Widget::vfunction47
Sexy::HighScoreScreen,vftable_for_Widget,005a0b84,47,0xbc,vfunction48,0046c690,Sexy::ResourceManager::vfunction14
Sexy::HighScoreScreen,vftable_for_Widget,005a0b84,48,0xc0,vfunction49,0046e320,Sexy::Widget::vfunction49
Sexy::HighScoreScreen,vftable_for_Widget,005a0b84,49,0xc4,vfunction50,0046c690,Sexy::ResourceManager::vfunction14
Sexy::HighScoreScreen,vftable_for_Widget,005a0b84,50,0xc8,vfunction51,00486bf0,Sexy::ResourceManager::BaseRes::vfunction2
Sexy::HighScoreScreen,vftable_for_Widget,005a0b84,51,0xcc,vfunction52,00486bf0,Sexy::ResourceManager::BaseRes::vfunction2
Sexy::HighScoreScreen,vftable_for_Widget,005a0b84,52,0xd0,vfunction53,0046eb50,Sexy::DialogListener::vfunction1
Sexy::HighScoreScreen,vftable_for_Widget,005a0b84,53,0xd4,vfunction54,0046e400,Sexy::MusicInterface::vfunction13
Sexy::HighScoreScreen,vftable_for_Widget,005a0b84,54,0xd8,vfunction55,0046e3a0,Sexy::Widget::vfunction55
Sexy::HighScoreScreen,vftable_for_Widget,005a0b84,55,0xdc,vfunction56,0046e400,Sexy::MusicInterface::vfunction13
Sexy::HighScoreScreen,vftable_for_Widget,005a0b84,56,0xe0,vfunction57,0046e410,Sexy::Widget::vfunction57
Sexy::HighScoreScreen,vftable_for_Widget,005a0b84,57,0xe4,vfunction58,0046eb50,Sexy::DialogListener::vfunction1
Sexy::HighScoreScreen,vftable_for_Widget,005a0b84,58,0xe8,vfunction59,0046eb50,Sexy::DialogListener::vfunction1
Sexy::HighScoreScreen,vftable_for_Widget,005a0b84,59,0xec,vfunction60,0046c690,Sexy::ResourceManager::vfunction14
Sexy::HighScoreScreen,vftable_for_Widget,005a0b84,60,0xf0,vfunction61,0046de70,Sexy::Widget::vfunction61
Sexy::HighScoreScreen,vftable_for_Widget,005a0b84,61,0xf4,vfunction62,0046e500,Sexy::Widget::vfunction62
Sexy::HighScoreScreen,vftable_for_Widget,005a0b84,62,0xf8,vfunction63,0046e480,Sexy::Widget::vfunction63
Sexy::HighScoreScreen,vftable_for_Widget,005a0b84,63,0xfc,vfunction64,0046e620,Sexy::Widget::vfunction64
Sexy::HighScoreScreen,vftable_for_Widget,005a0b84,64,0x100,vfunction65,0046e670,Sexy::Widget::vfunction65
Sexy::HighScoreScreen,vftable_for_Widget,005a0b84,65,0x104,vfunction66,0046e6b0,Sexy::Widget::vfunction66
Sexy::HighScoreScreen,vftable_for_Widget,005a0b84,66,0x108,vfunction67,0046e6d0,Sexy::Widget::vfunction67
Sexy::HighScoreScreen,vftable_for_Widget,005a0b84,67,0x10c,vfunction68,0046e700,Sexy::Widget::vfunction68
Sexy::HighScoreScreen,vftable_for_Widget,005a0b84,68,0x110,vfunction69,0046e800,Sexy::Widget::vfunction69
Sexy::HighScoreScreen,vftable_for_Widget,005a0b84,69,0x114,vfunction70,0046e840,Sexy::Widget::vfunction70
InterludeScreenOverlay,vftable,005a0ca4,0,0x0,vfunction1,0051ad70,BoardOverlay::deleting_destructor
InterludeScreenOverlay,vftable,005a0ca4,1,0x4,vfunction2,0046b5b0,Sexy::WidgetContainer::vfunction2
InterludeScreenOverlay,vftable,005a0ca4,2,0x8,vfunction3,0046b5d0,Sexy::WidgetContainer::vfunction3
InterludeScreenOverlay,vftable,005a0ca4,3,0xc,vfunction4,0046b640,Sexy::WidgetContainer::vfunction4
InterludeScreenOverlay,vftable,005a0ca4,4,0x10,vfunction5,0046b760,Sexy::WidgetContainer::vfunction5
InterludeScreenOverlay,vftable,005a0ca4,5,0x14,vfunction6,0046b700,Sexy::WidgetContainer::vfunction6
InterludeScreenOverlay,vftable,005a0ca4,6,0x18,vfunction7,0046c690,Sexy::ResourceManager::vfunction14
InterludeScreenOverlay,vftable,005a0ca4,7,0x1c,vfunction8,0046b550,Sexy::WidgetContainer::vfunction8
InterludeScreenOverlay,vftable,005a0ca4,8,0x20,vfunction9,0046c690,Sexy::ResourceManager::vfunction14
InterludeScreenOverlay,vftable,005a0ca4,9,0x24,vfunction10,0046ba90,Sexy::WidgetContainer::vfunction10
InterludeScreenOverlay,vftable,005a0ca4,10,0x28,vfunction11,0046bab0,Sexy::WidgetContainer::vfunction11
InterludeScreenOverlay,vftable,005a0ca4,11,0x2c,vfunction12,0046bc50,Sexy::WidgetContainer::vfunction12
InterludeScreenOverlay,vftable,005a0ca4,12,0x30,vfunction13,0046bd20,Sexy::WidgetContainer::vfunction13
InterludeScreenOverlay,vftable,005a0ca4,13,0x34,vfunction14,0046bdf0,Sexy::WidgetContainer::vfunction14
InterludeScreenOverlay,vftable,005a0ca4,14,0x38,vfunction15,0046bf00,Sexy::WidgetContainer::vfunction15
InterludeScreenOverlay,vftable,005a0ca4,15,0x3c,vfunction16,0046c030,Sexy::WidgetContainer::vfunction16
InterludeScreenOverlay,vftable,005a0ca4,16,0x40,vfunction17,0046c430,Sexy::WidgetContainer::vfunction17
InterludeScreenOverlay,vftable,005a0ca4,17,0x44,vfunction18,0046c180,Sexy::WidgetContainer::vfunction18
InterludeScreenOverlay,vftable,005a0ca4,18,0x48,vfunction19,0046c1c0,Sexy::WidgetContainer::vfunction19
InterludeScreenOverlay,vftable,005a0ca4,19,0x4c,vfunction20,0046c1a0,Sexy::WidgetContainer::vfunction20
InterludeScreenOverlay,vftable,005a0ca4,20,0x50,vfunction21,0046c090,Sexy::WidgetContainer::vfunction21
InterludeScreenOverlay,vftable,005a0ca4,21,0x54,vfunction22,0046c100,Sexy::WidgetContainer::vfunction22
InterludeScreenOverlay,vftable,005a0ca4,22,0x58,vfunction23,0046c4f0,thunk 0046e310 -> Sexy::WidgetContainer::vfunction23
InterludeScreenOverlay,vftable,005a0ca4,23,0x5c,vfunction24,0046c500,Sexy::WidgetContainer::vfunction24
InterludeScreenOverlay,vftable,005a0ca4,24,0x60,vfunction25,0046c690,Sexy::ResourceManager::vfunction14
InterludeScreenOverlay,vftable,005a0ca4,25,0x64,vfunction26,0046c6a0,Sexy::WidgetContainer::vfunction26
InterludeScreenOverlay,vftable,005a0ca4,26,0x68,vfunction27,00518910,BonusScreenOverlay::vfunction27
InterludeScreenOverlay,vftable,005a0ca4,27,0x6c,vfunction28,0046c7f0,Sexy::WidgetContainer::vfunction28
InterludeScreenOverlay,vftable,005a0ca4,28,0x70,vfunction29,0046c9c0,Sexy::WidgetContainer::vfunction29
InterludeScreenOverlay,vftable,005a0ca4,29,0x74,vfunction30,00486bf0,Sexy::ResourceManager::BaseRes::vfunction2
InterludeScreenOverlay,vftable,005a0ca4,30,0x78,vfunction31,00486bf0,Sexy::ResourceManager::BaseRes::vfunction2
InterludeScreenOverlay,vftable,005a0ca4,31,0x7c,vfunction32,0046de80,Sexy::Widget::vfunction32
InterludeScreenOverlay,vftable,005a0ca4,32,0x80,vfunction33,0046df70,Sexy::Widget::vfunction33
InterludeScreenOverlay,vftable,005a0ca4,33,0x84,vfunction34,0046ded0,Sexy::Widget::vfunction34
InterludeScreenOverlay,vftable,005a0ca4,34,0x88,vfunction35,0046e010,Sexy::Widget::vfunction35
InterludeScreenOverlay,vftable,005a0ca4,35,0x8c,vfunction36,0046e130,Sexy::Widget::vfunction36
InterludeScreenOverlay,vftable,005a0ca4,36,0x90,vfunction37,0046e0c0,Sexy::Widget::vfunction37
InterludeScreenOverlay,vftable,005a0ca4,37,0x94,vfunction38,0046e270,Sexy::Widget::vfunction38
InterludeScreenOverlay,vftable,005a0ca4,38,0x98,vfunction39,0046e370,Sexy::Widget::vfunction39
InterludeScreenOverlay,vftable,005a0ca4,39,0x9c,vfunction40,0046e210,Sexy::Widget::vfunction40
InterludeScreenOverlay,vftable,005a0ca4,40,0xa0,vfunction41,0046e1b0,Sexy::Widget::vfunction41
InterludeScreenOverlay,vftable,005a0ca4,41,0xa4,vfunction42,0046e240,Sexy::Widget::vfunction42
InterludeScreenOverlay,vftable,005a0ca4,42,0xa8,vfunction43,0046e260,Sexy::Widget::vfunction43
InterludeScreenOverlay,vftable,005a0ca4,43,0xac,vfunction44,0046deb0,Sexy::Widget::vfunction44
InterludeScreenOverlay,vftable,005a0ca4,44,0xb0,vfunction45,0046c690,Sexy::ResourceManager::vfunction14
InterludeScreenOverlay,vftable,005a0ca4,45,0xb4,vfunction46,0046e2f0,Sexy::Widget::vfunction46
InterludeScreenOverlay,vftable,005a0ca4,46,0xb8,vfunction47,0046e300,Sexy::Widget::vfunction47
InterludeScreenOverlay,vftable,005a0ca4,47,0xbc,vfunction48,0046c690,Sexy::ResourceManager::vfunction14
InterludeScreenOverlay,vftable,005a0ca4,48,0xc0,vfunction49,0046e320,Sexy::Widget::vfunction49
InterludeScreenOverlay,vftable,005a0ca4,49,0xc4,vfunction50,0046c690,Sexy::ResourceManager::vfunction14
InterludeScreenOverlay,vftable,005a0ca4,50,0xc8,vfunction51,00486bf0,Sexy::ResourceManager::BaseRes::vfunction2
InterludeScreenOverlay,vftable,005a0ca4,51,0xcc,vfunction52,00486bf0,Sexy::ResourceManager::BaseRes::vfunction2
InterludeScreenOverlay,vftable,005a0ca4,52,0xd0,vfunction53,0046eb50,Sexy::DialogListener::vfunction1
InterludeScreenOverlay,vftable,005a0ca4,53,0xd4,vfunction54,0046e400,Sexy::MusicInterface::vfunction13
InterludeScreenOverlay,vftable,005a0ca4,54,0xd8,vfunction55,0046e3a0,Sexy::Widget::vfunction55
InterludeScreenOverlay,vftable,005a0ca4,55,0xdc,vfunction56,0046e400,Sexy::MusicInterface::vfunction13
InterludeScreenOverlay,vftable,005a0ca4,56,0xe0,vfunction57,0046e410,Sexy::Widget::vfunction57
InterludeScreenOverlay,vftable,005a0ca4,57,0xe4,vfunction58,0046eb50,Sexy::DialogListener::vfunction1
InterludeScreenOverlay,vftable,005a0ca4,58,0xe8,vfunction59,0046eb50,Sexy::DialogListener::vfunction1
InterludeScreenOverlay,vftable,005a0ca4,59,0xec,vfunction60,0046c690,Sexy::ResourceManager::vfunction14
InterludeScreenOverlay,vftable,005a0ca4,60,0xf0,vfunction61,0046de70,Sexy::Widget::vfunction61
InterludeScreenOverlay,vftable,005a0ca4,61,0xf4,vfunction62,0046e500,Sexy::Widget::vfunction62
InterludeScreenOverlay,vftable,005a0ca4,62,0xf8,vfunction63,0046e480,Sexy::Widget::vfunction63
InterludeScreenOverlay,vftable,005a0ca4,63,0xfc,vfunction64,0046e620,Sexy::Widget::vfunction64
InterludeScreenOverlay,vftable,005a0ca4,64,0x100,vfunction65,0046e670,Sexy::Widget::vfunction65
InterludeScreenOverlay,vftable,005a0ca4,65,0x104,vfunction66,0046e6b0,Sexy::Widget::vfunction66
InterludeScreenOverlay,vftable,005a0ca4,66,0x108,vfunction67,0046e6d0,Sexy::Widget::vfunction67
InterludeScreenOverlay,vftable,005a0ca4,67,0x10c,vfunction68,0046e700,Sexy::Widget::vfunction68
InterludeScreenOverlay,vftable,005a0ca4,68,0x110,vfunction69,0046e800,Sexy::Widget::vfunction69
InterludeScreenOverlay,vftable,005a0ca4,69,0x114,vfunction70,0046e840,Sexy::Widget::vfunction70
Sexy::InterludeScreen,vftable_1,005a0dc0,0,0x0,vfunction1,0046ca30,Sexy::ButtonListener::vfunction1
Sexy::InterludeScreen,vftable_1,005a0dc0,1,0x4,vfunction2,0051a6f0,Sexy::HatchScreen::vfunction2
Sexy::InterludeScreen,vftable_1,005a0dc0,2,0x8,vfunction3,005187d0,Sexy::InterludeScreen::vfunction3
Sexy::InterludeScreen,vftable_1,005a0dc0,3,0xc,vfunction4,0046c690,Sexy::ResourceManager::vfunction14
Sexy::InterludeScreen,vftable_1,005a0dc0,4,0x10,vfunction5,0046c690,Sexy::ResourceManager::vfunction14
Sexy::InterludeScreen,vftable_1,005a0dc0,5,0x14,vfunction6,0046c690,Sexy::ResourceManager::vfunction14
Sexy::InterludeScreen,vftable_1,005a0dc0,6,0x18,vfunction7,0049b300,Sexy::Image::vfunction3
Sexy::InterludeScreen,vftable,005a0de4,0,0x0,vfunction1,0051aee0,Sexy::InterludeScreen::deleting_destructor
Sexy::InterludeScreen,vftable,005a0de4,1,0x4,vfunction2,0046b5b0,Sexy::WidgetContainer::vfunction2
Sexy::InterludeScreen,vftable,005a0de4,2,0x8,vfunction3,0046b5d0,Sexy::WidgetContainer::vfunction3
Sexy::InterludeScreen,vftable,005a0de4,3,0xc,vfunction4,0046b640,Sexy::WidgetContainer::vfunction4
Sexy::InterludeScreen,vftable,005a0de4,4,0x10,vfunction5,0046b760,Sexy::WidgetContainer::vfunction5
Sexy::InterludeScreen,vftable,005a0de4,5,0x14,vfunction6,0046b700,Sexy::WidgetContainer::vfunction6
Sexy::InterludeScreen,vftable,005a0de4,6,0x18,vfunction7,0046c690,Sexy::ResourceManager::vfunction14
Sexy::InterludeScreen,vftable,005a0de4,7,0x1c,vfunction8,0046b550,Sexy::WidgetContainer::vfunction8
Sexy::InterludeScreen,vftable,005a0de4,8,0x20,vfunction9,0046c690,Sexy::ResourceManager::vfunction14
Sexy::InterludeScreen,vftable,005a0de4,9,0x24,vfunction10,0046ba90,Sexy::WidgetContainer::vfunction10
Sexy::InterludeScreen,vftable,005a0de4,10,0x28,vfunction11,0046bab0,Sexy::WidgetContainer::vfunction11
Sexy::InterludeScreen,vftable,005a0de4,11,0x2c,vfunction12,0046bc50,Sexy::WidgetContainer::vfunction12
Sexy::InterludeScreen,vftable,005a0de4,12,0x30,vfunction13,0046bd20,Sexy::WidgetContainer::vfunction13
Sexy::InterludeScreen,vftable,005a0de4,13,0x34,vfunction14,0046bdf0,Sexy::WidgetContainer::vfunction14
Sexy::InterludeScreen,vftable,005a0de4,14,0x38,vfunction15,0046bf00,Sexy::WidgetContainer::vfunction15
Sexy::InterludeScreen,vftable,005a0de4,15,0x3c,vfunction16,0046c030,Sexy::WidgetContainer::vfunction16
Sexy::InterludeScreen,vftable,005a0de4,16,0x40,vfunction17,0046c430,Sexy::WidgetContainer::vfunction17
Sexy::InterludeScreen,vftable,005a0de4,17,0x44,vfunction18,0046c180,Sexy::WidgetContainer::vfunction18
Sexy::InterludeScreen,vftable,005a0de4,18,0x48,vfunction19,0046c1c0,Sexy::WidgetContainer::vfunction19
Sexy::InterludeScreen,vftable,005a0de4,19,0x4c,vfunction20,0046c1a0,Sexy::WidgetContainer::vfunction20
Sexy::InterludeScreen,vftable,005a0de4,20,0x50,vfunction21,005186b0,Sexy::InterludeScreen::vfunction21
Sexy::InterludeScreen,vftable,005a0de4,21,0x54,vfunction22,005186f0,Sexy::InterludeScreen::vfunction22
Sexy::InterludeScreen,vftable,005a0de4,22,0x58,vfunction23,0051afd0,Sexy::InterludeScreen::vfunction23
Sexy::InterludeScreen,vftable,005a0de4,23,0x5c,vfunction24,0046c500,Sexy::WidgetContainer::vfunction24
Sexy::InterludeScreen,vftable,005a0de4,24,0x60,vfunction25,0046c690,Sexy::ResourceManager::vfunction14
Sexy::InterludeScreen,vftable,005a0de4,25,0x64,vfunction26,0046c6a0,Sexy::WidgetContainer::vfunction26
Sexy::InterludeScreen,vftable,005a0de4,26,0x68,vfunction27,00525a60,Sexy::InterludeScreen::vfunction27
Sexy::InterludeScreen,vftable,005a0de4,27,0x6c,vfunction28,0046c7f0,Sexy::WidgetContainer::vfunction28
Sexy::InterludeScreen,vftable,005a0de4,28,0x70,vfunction29,0046c9c0,Sexy::WidgetContainer::vfunction29
Sexy::InterludeScreen,vftable,005a0de4,29,0x74,vfunction30,00486bf0,Sexy::ResourceManager::BaseRes::vfunction2
Sexy::InterludeScreen,vftable,005a0de4,30,0x78,vfunction31,00486bf0,Sexy::ResourceManager::BaseRes::vfunction2
Sexy::InterludeScreen,vftable,005a0de4,31,0x7c,vfunction32,0046de80,Sexy::Widget::vfunction32
Sexy::InterludeScreen,vftable,005a0de4,32,0x80,vfunction33,0046df70,Sexy::Widget::vfunction33
Sexy::InterludeScreen,vftable,005a0de4,33,0x84,vfunction34,0046ded0,Sexy::Widget::vfunction34
Sexy::InterludeScreen,vftable,005a0de4,34,0x88,vfunction35,0046e010,Sexy::Widget::vfunction35
Sexy::InterludeScreen,vftable,005a0de4,35,0x8c,vfunction36,0046e130,Sexy::Widget::vfunction36
Sexy::InterludeScreen,vftable,005a0de4,36,0x90,vfunction37,0046e0c0,Sexy::Widget::vfunction37
Sexy::InterludeScreen,vftable,005a0de4,37,0x94,vfunction38,0046e270,Sexy::Widget::vfunction38
Sexy::InterludeScreen,vftable,005a0de4,38,0x98,vfunction39,0046e370,Sexy::Widget::vfunction39
Sexy::InterludeScreen,vftable,005a0de4,39,0x9c,vfunction40,0046e210,Sexy::Widget::vfunction40
Sexy::InterludeScreen,vftable,005a0de4,40,0xa0,vfunction41,0046e1b0,Sexy::Widget::vfunction41
Sexy::InterludeScreen,vftable,005a0de4,41,0xa4,vfunction42,0046e240,Sexy::Widget::vfunction42
Sexy::InterludeScreen,vftable,005a0de4,42,0xa8,vfunction43,0046e260,Sexy::Widget::vfunction43
Sexy::InterludeScreen,vftable,005a0de4,43,0xac,vfunction44,0046deb0,Sexy::Widget::vfunction44
Sexy::InterludeScreen,vftable,005a0de4,44,0xb0,vfunction45,00518730,Sexy::InterludeScreen::vfunction45
Sexy::InterludeScreen,vftable,005a0de4,45,0xb4,vfunction46,0046e2f0,Sexy::Widget::vfunction46
Sexy::InterludeScreen,vftable,005a0de4,46,0xb8,vfunction47,0046e300,Sexy::Widget::vfunction47
Sexy::InterludeScreen,vftable,005a0de4,47,0xbc,vfunction48,0051a440,Sexy::ListListener::vfunction2
Sexy::InterludeScreen,vftable,005a0de4,48,0xc0,vfunction49,0051a440,Sexy::ListListener::vfunction2
Sexy::InterludeScreen,vftable,005a0de4,49,0xc4,vfunction50,0046c690,Sexy::ResourceManager::vfunction14
Sexy::InterludeScreen,vftable,005a0de4,50,0xc8,vfunction51,00486bf0,Sexy::ResourceManager::BaseRes::vfunction2
Sexy::InterludeScreen,vftable,005a0de4,51,0xcc,vfunction52,00486bf0,Sexy::ResourceManager::BaseRes::vfunction2
Sexy::InterludeScreen,vftable,005a0de4,52,0xd0,vfunction53,0046eb50,Sexy::DialogListener::vfunction1
Sexy::InterludeScreen,vftable,005a0de4,53,0xd4,vfunction54,0046e400,Sexy::MusicInterface::vfunction13
Sexy::InterludeScreen,vftable,005a0de4,54,0xd8,vfunction55,00518790,Sexy::InterludeScreen::vfunction55
Sexy::InterludeScreen,vftable,005a0de4,55,0xdc,vfunction56,0046e400,Sexy::MusicInterface::vfunction13
Sexy::InterludeScreen,vftable,005a0de4,56,0xe0,vfunction57,0046e410,Sexy::Widget::vfunction57
Sexy::InterludeScreen,vftable,005a0de4,57,0xe4,vfunction58,0046eb50,Sexy::DialogListener::vfunction1
Sexy::InterludeScreen,vftable,005a0de4,58,0xe8,vfunction59,0046eb50,Sexy::DialogListener::vfunction1
Sexy::InterludeScreen,vftable,005a0de4,59,0xec,vfunction60,0046c690,Sexy::ResourceManager::vfunction14
Sexy::InterludeScreen,vftable,005a0de4,60,0xf0,vfunction61,0046de70,Sexy::Widget::vfunction61
Sexy::InterludeScreen,vftable,005a0de4,61,0xf4,vfunction62,0046e500,Sexy::Widget::vfunction62
Sexy::InterludeScreen,vftable,005a0de4,62,0xf8,vfunction63,0046e480,Sexy::Widget::vfunction63
Sexy::InterludeScreen,vftable,005a0de4,63,0xfc,vfunction64,0046e620,Sexy::Widget::vfunction64
Sexy::InterludeScreen,vftable,005a0de4,64,0x100,vfunction65,0046e670,Sexy::Widget::vfunction65
Sexy::InterludeScreen,vftable,005a0de4,65,0x104,vfunction66,0046e6b0,Sexy::Widget::vfunction66
Sexy::InterludeScreen,vftable,005a0de4,66,0x108,vfunction67,0046e6d0,Sexy::Widget::vfunction67
Sexy::InterludeScreen,vftable,005a0de4,67,0x10c,vfunction68,0046e700,Sexy::Widget::vfunction68
Sexy::InterludeScreen,vftable,005a0de4,68,0x110,vfunction69,0046e800,Sexy::Widget::vfunction69
Sexy::InterludeScreen,vftable,005a0de4,69,0x114,vfunction70,0046e840,Sexy::Widget::vfunction70
PetScreenOverlay,vftable,005a0f04,0,0x0,vfunction1,0051ad70,BoardOverlay::deleting_destructor
PetScreenOverlay,vftable,005a0f04,1,0x4,vfunction2,0046b5b0,Sexy::WidgetContainer::vfunction2
PetScreenOverlay,vftable,005a0f04,2,0x8,vfunction3,0046b5d0,Sexy::WidgetContainer::vfunction3
PetScreenOverlay,vftable,005a0f04,3,0xc,vfunction4,0046b640,Sexy::WidgetContainer::vfunction4
PetScreenOverlay,vftable,005a0f04,4,0x10,vfunction5,0046b760,Sexy::WidgetContainer::vfunction5
PetScreenOverlay,vftable,005a0f04,5,0x14,vfunction6,0046b700,Sexy::WidgetContainer::vfunction6
PetScreenOverlay,vftable,005a0f04,6,0x18,vfunction7,0046c690,Sexy::ResourceManager::vfunction14
PetScreenOverlay,vftable,005a0f04,7,0x1c,vfunction8,0046b550,Sexy::WidgetContainer::vfunction8
PetScreenOverlay,vftable,005a0f04,8,0x20,vfunction9,0046c690,Sexy::ResourceManager::vfunction14
PetScreenOverlay,vftable,005a0f04,9,0x24,vfunction10,0046ba90,Sexy::WidgetContainer::vfunction10
PetScreenOverlay,vftable,005a0f04,10,0x28,vfunction11,0046bab0,Sexy::WidgetContainer::vfunction11
PetScreenOverlay,vftable,005a0f04,11,0x2c,vfunction12,0046bc50,Sexy::WidgetContainer::vfunction12
PetScreenOverlay,vftable,005a0f04,12,0x30,vfunction13,0046bd20,Sexy::WidgetContainer::vfunction13
PetScreenOverlay,vftable,005a0f04,13,0x34,vfunction14,0046bdf0,Sexy::WidgetContainer::vfunction14
PetScreenOverlay,vftable,005a0f04,14,0x38,vfunction15,0046bf00,Sexy::WidgetContainer::vfunction15
PetScreenOverlay,vftable,005a0f04,15,0x3c,vfunction16,0046c030,Sexy::WidgetContainer::vfunction16
PetScreenOverlay,vftable,005a0f04,16,0x40,vfunction17,0046c430,Sexy::WidgetContainer::vfunction17
PetScreenOverlay,vftable,005a0f04,17,0x44,vfunction18,0046c180,Sexy::WidgetContainer::vfunction18
PetScreenOverlay,vftable,005a0f04,18,0x48,vfunction19,0046c1c0,Sexy::WidgetContainer::vfunction19
PetScreenOverlay,vftable,005a0f04,19,0x4c,vfunction20,0046c1a0,Sexy::WidgetContainer::vfunction20
PetScreenOverlay,vftable,005a0f04,20,0x50,vfunction21,0046c090,Sexy::WidgetContainer::vfunction21
PetScreenOverlay,vftable,005a0f04,21,0x54,vfunction22,0046c100,Sexy::WidgetContainer::vfunction22
PetScreenOverlay,vftable,005a0f04,22,0x58,vfunction23,0046c4f0,thunk 0046e310 -> Sexy::WidgetContainer::vfunction23
PetScreenOverlay,vftable,005a0f04,23,0x5c,vfunction24,0046c500,Sexy::WidgetContainer::vfunction24
PetScreenOverlay,vftable,005a0f04,24,0x60,vfunction25,0046c690,Sexy::ResourceManager::vfunction14
PetScreenOverlay,vftable,005a0f04,25,0x64,vfunction26,0046c6a0,Sexy::WidgetContainer::vfunction26
PetScreenOverlay,vftable,005a0f04,26,0x68,vfunction27,00518910,BonusScreenOverlay::vfunction27
PetScreenOverlay,vftable,005a0f04,27,0x6c,vfunction28,0046c7f0,Sexy::WidgetContainer::vfunction28
PetScreenOverlay,vftable,005a0f04,28,0x70,vfunction29,0046c9c0,Sexy::WidgetContainer::vfunction29
PetScreenOverlay,vftable,005a0f04,29,0x74,vfunction30,00486bf0,Sexy::ResourceManager::BaseRes::vfunction2
PetScreenOverlay,vftable,005a0f04,30,0x78,vfunction31,00486bf0,Sexy::ResourceManager::BaseRes::vfunction2
PetScreenOverlay,vftable,005a0f04,31,0x7c,vfunction32,0046de80,Sexy::Widget::vfunction32
PetScreenOverlay,vftable,005a0f04,32,0x80,vfunction33,0046df70,Sexy::Widget::vfunction33
PetScreenOverlay,vftable,005a0f04,33,0x84,vfunction34,0046ded0,Sexy::Widget::vfunction34
PetScreenOverlay,vftable,005a0f04,34,0x88,vfunction35,0046e010,Sexy::Widget::vfunction35
PetScreenOverlay,vftable,005a0f04,35,0x8c,vfunction36,0046e130,Sexy::Widget::vfunction36
PetScreenOverlay,vftable,005a0f04,36,0x90,vfunction37,0046e0c0,Sexy::Widget::vfunction37
PetScreenOverlay,vftable,005a0f04,37,0x94,vfunction38,0046e270,Sexy::Widget::vfunction38
PetScreenOverlay,vftable,005a0f04,38,0x98,vfunction39,0046e370,Sexy::Widget::vfunction39
PetScreenOverlay,vftable,005a0f04,39,0x9c,vfunction40,0046e210,Sexy::Widget::vfunction40
PetScreenOverlay,vftable,005a0f04,40,0xa0,vfunction41,0046e1b0,Sexy::Widget::vfunction41
PetScreenOverlay,vftable,005a0f04,41,0xa4,vfunction42,0046e240,Sexy::Widget::vfunction42
PetScreenOverlay,vftable,005a0f04,42,0xa8,vfunction43,0046e260,Sexy::Widget::vfunction43
PetScreenOverlay,vftable,005a0f04,43,0xac,vfunction44,0046deb0,Sexy::Widget::vfunction44
PetScreenOverlay,vftable,005a0f04,44,0xb0,vfunction45,0046c690,Sexy::ResourceManager::vfunction14
PetScreenOverlay,vftable,005a0f04,45,0xb4,vfunction46,0046e2f0,Sexy::Widget::vfunction46
PetScreenOverlay,vftable,005a0f04,46,0xb8,vfunction47,0046e300,Sexy::Widget::vfunction47
PetScreenOverlay,vftable,005a0f04,47,0xbc,vfunction48,0046c690,Sexy::ResourceManager::vfunction14
PetScreenOverlay,vftable,005a0f04,48,0xc0,vfunction49,0046e320,Sexy::Widget::vfunction49
PetScreenOverlay,vftable,005a0f04,49,0xc4,vfunction50,0046c690,Sexy::ResourceManager::vfunction14
PetScreenOverlay,vftable,005a0f04,50,0xc8,vfunction51,00486bf0,Sexy::ResourceManager::BaseRes::vfunction2
PetScreenOverlay,vftable,005a0f04,51,0xcc,vfunction52,00486bf0,Sexy::ResourceManager::BaseRes::vfunction2
PetScreenOverlay,vftable,005a0f04,52,0xd0,vfunction53,0046eb50,Sexy::DialogListener::vfunction1
PetScreenOverlay,vftable,005a0f04,53,0xd4,vfunction54,0046e400,Sexy::MusicInterface::vfunction13
PetScreenOverlay,vftable,005a0f04,54,0xd8,vfunction55,0046e3a0,Sexy::Widget::vfunction55
PetScreenOverlay,vftable,005a0f04,55,0xdc,vfunction56,0046e400,Sexy::MusicInterface::vfunction13
PetScreenOverlay,vftable,005a0f04,56,0xe0,vfunction57,0046e410,Sexy::Widget::vfunction57
PetScreenOverlay,vftable,005a0f04,57,0xe4,vfunction58,0046eb50,Sexy::DialogListener::vfunction1
PetScreenOverlay,vftable,005a0f04,58,0xe8,vfunction59,0046eb50,Sexy::DialogListener::vfunction1
PetScreenOverlay,vftable,005a0f04,59,0xec,vfunction60,0046c690,Sexy::ResourceManager::vfunction14
PetScreenOverlay,vftable,005a0f04,60,0xf0,vfunction61,0046de70,Sexy::Widget::vfunction61
PetScreenOverlay,vftable,005a0f04,61,0xf4,vfunction62,0046e500,Sexy::Widget::vfunction62
PetScreenOverlay,vftable,005a0f04,62,0xf8,vfunction63,0046e480,Sexy::Widget::vfunction63
PetScreenOverlay,vftable,005a0f04,63,0xfc,vfunction64,0046e620,Sexy::Widget::vfunction64
PetScreenOverlay,vftable,005a0f04,64,0x100,vfunction65,0046e670,Sexy::Widget::vfunction65
PetScreenOverlay,vftable,005a0f04,65,0x104,vfunction66,0046e6b0,Sexy::Widget::vfunction66
PetScreenOverlay,vftable,005a0f04,66,0x108,vfunction67,0046e6d0,Sexy::Widget::vfunction67
PetScreenOverlay,vftable,005a0f04,67,0x10c,vfunction68,0046e700,Sexy::Widget::vfunction68
PetScreenOverlay,vftable,005a0f04,68,0x110,vfunction69,0046e800,Sexy::Widget::vfunction69
PetScreenOverlay,vftable,005a0f04,69,0x114,vfunction70,0046e840,Sexy::Widget::vfunction70
Sexy::PetsScreen,vftable_1,005a1020,0,0x0,vfunction1,0046ca30,Sexy::ButtonListener::vfunction1
Sexy::PetsScreen,vftable_1,005a1020,1,0x4,vfunction2,0051a6f0,Sexy::HatchScreen::vfunction2
Sexy::PetsScreen,vftable_1,005a1020,2,0x8,vfunction3,005289f0,Sexy::PetsScreen::vfunction3
Sexy::PetsScreen,vftable_1,005a1020,3,0xc,vfunction4,0051a440,Sexy::ListListener::vfunction2
Sexy::PetsScreen,vftable_1,005a1020,4,0x10,vfunction5,00518b30,Sexy::PetsScreen::vfunction5
Sexy::PetsScreen,vftable_1,005a1020,5,0x14,vfunction6,00518b50,Sexy::PetsScreen::vfunction6
Sexy::PetsScreen,vftable_1,005a1020,6,0x18,vfunction7,0049b300,Sexy::Image::vfunction3
Sexy::PetsScreen,vftable,005a1044,0,0x0,vfunction1,0051b1a0,Sexy::PetsScreen::deleting_destructor
Sexy::PetsScreen,vftable,005a1044,1,0x4,vfunction2,0046b5b0,Sexy::WidgetContainer::vfunction2
Sexy::PetsScreen,vftable,005a1044,2,0x8,vfunction3,0046b5d0,Sexy::WidgetContainer::vfunction3
Sexy::PetsScreen,vftable,005a1044,3,0xc,vfunction4,0046b640,Sexy::WidgetContainer::vfunction4
Sexy::PetsScreen,vftable,005a1044,4,0x10,vfunction5,0046b760,Sexy::WidgetContainer::vfunction5
Sexy::PetsScreen,vftable,005a1044,5,0x14,vfunction6,0046b700,Sexy::WidgetContainer::vfunction6
Sexy::PetsScreen,vftable,005a1044,6,0x18,vfunction7,0046c690,Sexy::ResourceManager::vfunction14
Sexy::PetsScreen,vftable,005a1044,7,0x1c,vfunction8,0046b550,Sexy::WidgetContainer::vfunction8
Sexy::PetsScreen,vftable,005a1044,8,0x20,vfunction9,0046c690,Sexy::ResourceManager::vfunction14
Sexy::PetsScreen,vftable,005a1044,9,0x24,vfunction10,0046ba90,Sexy::WidgetContainer::vfunction10
Sexy::PetsScreen,vftable,005a1044,10,0x28,vfunction11,0046bab0,Sexy::WidgetContainer::vfunction11
Sexy::PetsScreen,vftable,005a1044,11,0x2c,vfunction12,0046bc50,Sexy::WidgetContainer::vfunction12
Sexy::PetsScreen,vftable,005a1044,12,0x30,vfunction13,0046bd20,Sexy::WidgetContainer::vfunction13
Sexy::PetsScreen,vftable,005a1044,13,0x34,vfunction14,0046bdf0,Sexy::WidgetContainer::vfunction14
Sexy::PetsScreen,vftable,005a1044,14,0x38,vfunction15,0046bf00,Sexy::WidgetContainer::vfunction15
Sexy::PetsScreen,vftable,005a1044,15,0x3c,vfunction16,0046c030,Sexy::WidgetContainer::vfunction16
Sexy::PetsScreen,vftable,005a1044,16,0x40,vfunction17,0046c430,Sexy::WidgetContainer::vfunction17
Sexy::PetsScreen,vftable,005a1044,17,0x44,vfunction18,0046c180,Sexy::WidgetContainer::vfunction18
Sexy::PetsScreen,vftable,005a1044,18,0x48,vfunction19,0046c1c0,Sexy::WidgetContainer::vfunction19
Sexy::PetsScreen,vftable,005a1044,19,0x4c,vfunction20,0046c1a0,Sexy::WidgetContainer::vfunction20
Sexy::PetsScreen,vftable,005a1044,20,0x50,vfunction21,00518a00,Sexy::PetsScreen::vfunction21
Sexy::PetsScreen,vftable,005a1044,21,0x54,vfunction22,00518a80,Sexy::PetsScreen::vfunction22
Sexy::PetsScreen,vftable,005a1044,22,0x58,vfunction23,00518b00,Sexy::PetsScreen::vfunction23
Sexy::PetsScreen,vftable,005a1044,23,0x5c,vfunction24,0046c500,Sexy::WidgetContainer::vfunction24
Sexy::PetsScreen,vftable,005a1044,24,0x60,vfunction25,0046c690,Sexy::ResourceManager::vfunction14
Sexy::PetsScreen,vftable,005a1044,25,0x64,vfunction26,0046c6a0,Sexy::WidgetContainer::vfunction26
Sexy::PetsScreen,vftable,005a1044,26,0x68,vfunction27,0051a440,Sexy::ListListener::vfunction2
Sexy::PetsScreen,vftable,005a1044,27,0x6c,vfunction28,0046c7f0,Sexy::WidgetContainer::vfunction28
Sexy::PetsScreen,vftable,005a1044,28,0x70,vfunction29,0046c9c0,Sexy::WidgetContainer::vfunction29
Sexy::PetsScreen,vftable,005a1044,29,0x74,vfunction30,00486bf0,Sexy::ResourceManager::BaseRes::vfunction2
Sexy::PetsScreen,vftable,005a1044,30,0x78,vfunction31,00486bf0,Sexy::ResourceManager::BaseRes::vfunction2
Sexy::PetsScreen,vftable,005a1044,31,0x7c,vfunction32,0046de80,Sexy::Widget::vfunction32
Sexy::PetsScreen,vftable,005a1044,32,0x80,vfunction33,0046df70,Sexy::Widget::vfunction33
Sexy::PetsScreen,vftable,005a1044,33,0x84,vfunction34,0046ded0,Sexy::Widget::vfunction34
Sexy::PetsScreen,vftable,005a1044,34,0x88,vfunction35,0046e010,Sexy::Widget::vfunction35
Sexy::PetsScreen,vftable,005a1044,35,0x8c,vfunction36,0046e130,Sexy::Widget::vfunction36
Sexy::PetsScreen,vftable,005a1044,36,0x90,vfunction37,0046e0c0,Sexy::Widget::vfunction37
Sexy::PetsScreen,vftable,005a1044,37,0x94,vfunction38,0046e270,Sexy::Widget::vfunction38
Sexy::PetsScreen,vftable,005a1044,38,0x98,vfunction39,0046e370,Sexy::Widget::vfunction39
Sexy::PetsScreen,vftable,005a1044,39,0x9c,vfunction40,0046e210,Sexy::Widget::vfunction40
Sexy::PetsScreen,vftable,005a1044,40,0xa0,vfunction41,0046e1b0,Sexy::Widget::vfunction41
Sexy::PetsScreen,vftable,005a1044,41,0xa4,vfunction42,0046e240,Sexy::Widget::vfunction42
Sexy::PetsScreen,vftable,005a1044,42,0xa8,vfunction43,0046e260,Sexy::Widget::vfunction43
Sexy::PetsScreen,vftable,005a1044,43,0xac,vfunction44,0046deb0,Sexy::Widget::vfunction44
Sexy::PetsScreen,vftable,005a1044,44,0xb0,vfunction45,00528690,Sexy::PetsScreen::vfunction45
Sexy::PetsScreen,vftable,005a1044,45,0xb4,vfunction46,0046e2f0,Sexy::Widget::vfunction46
Sexy::PetsScreen,vftable,005a1044,46,0xb8,vfunction47,0046e300,Sexy::Widget::vfunction47
Sexy::PetsScreen,vftable,005a1044,47,0xbc,vfunction48,0046c690,Sexy::ResourceManager::vfunction14
Sexy::PetsScreen,vftable,005a1044,48,0xc0,vfunction49,0046e320,Sexy::Widget::vfunction49
Sexy::PetsScreen,vftable,005a1044,49,0xc4,vfunction50,0046c690,Sexy::ResourceManager::vfunction14
Sexy::PetsScreen,vftable,005a1044,50,0xc8,vfunction51,00486bf0,Sexy::ResourceManager::BaseRes::vfunction2
Sexy::PetsScreen,vftable,005a1044,51,0xcc,vfunction52,00486bf0,Sexy::ResourceManager::BaseRes::vfunction2
Sexy::PetsScreen,vftable,005a1044,52,0xd0,vfunction53,0046eb50,Sexy::DialogListener::vfunction1
Sexy::PetsScreen,vftable,005a1044,53,0xd4,vfunction54,0046e400,Sexy::MusicInterface::vfunction13
Sexy::PetsScreen,vftable,005a1044,54,0xd8,vfunction55,0046e3a0,Sexy::Widget::vfunction55
Sexy::PetsScreen,vftable,005a1044,55,0xdc,vfunction56,0046e400,Sexy::MusicInterface::vfunction13
Sexy::PetsScreen,vftable,005a1044,56,0xe0,vfunction57,0046e410,Sexy::Widget::vfunction57
Sexy::PetsScreen,vftable,005a1044,57,0xe4,vfunction58,0046eb50,Sexy::DialogListener::vfunction1
Sexy::PetsScreen,vftable,005a1044,58,0xe8,vfunction59,0046eb50,Sexy::DialogListener::vfunction1
Sexy::PetsScreen,vftable,005a1044,59,0xec,vfunction60,0046c690,Sexy::ResourceManager::vfunction14
Sexy::PetsScreen,vftable,005a1044,60,0xf0,vfunction61,0046de70,Sexy::Widget::vfunction61
Sexy::PetsScreen,vftable,005a1044,61,0xf4,vfunction62,0046e500,Sexy::Widget::vfunction62
Sexy::PetsScreen,vftable,005a1044,62,0xf8,vfunction63,0046e480,Sexy::Widget::vfunction63
Sexy::PetsScreen,vftable,005a1044,63,0xfc,vfunction64,0046e620,Sexy::Widget::vfunction64
Sexy::PetsScreen,vftable,005a1044,64,0x100,vfunction65,0046e670,Sexy::Widget::vfunction65
Sexy::PetsScreen,vftable,005a1044,65,0x104,vfunction66,0046e6b0,Sexy::Widget::vfunction66
Sexy::PetsScreen,vftable,005a1044,66,0x108,vfunction67,0046e6d0,Sexy::Widget::vfunction67
Sexy::PetsScreen,vftable,005a1044,67,0x10c,vfunction68,0046e700,Sexy::Widget::vfunction68
Sexy::PetsScreen,vftable,005a1044,68,0x110,vfunction69,0046e800,Sexy::Widget::vfunction69
Sexy::PetsScreen,vftable,005a1044,69,0x114,vfunction70,0046e840,Sexy::Widget::vfunction70
SimFishScreenOverlay,vftable,005a1164,0,0x0,vfunction1,0051ad70,BoardOverlay::deleting_destructor
SimFishScreenOverlay,vftable,005a1164,1,0x4,vfunction2,0046b5b0,Sexy::WidgetContainer::vfunction2
SimFishScreenOverlay,vftable,005a1164,2,0x8,vfunction3,0046b5d0,Sexy::WidgetContainer::vfunction3
SimFishScreenOverlay,vftable,005a1164,3,0xc,vfunction4,0046b640,Sexy::WidgetContainer::vfunction4
SimFishScreenOverlay,vftable,005a1164,4,0x10,vfunction5,0046b760,Sexy::WidgetContainer::vfunction5
SimFishScreenOverlay,vftable,005a1164,5,0x14,vfunction6,0046b700,Sexy::WidgetContainer::vfunction6
SimFishScreenOverlay,vftable,005a1164,6,0x18,vfunction7,0046c690,Sexy::ResourceManager::vfunction14
SimFishScreenOverlay,vftable,005a1164,7,0x1c,vfunction8,0046b550,Sexy::WidgetContainer::vfunction8
SimFishScreenOverlay,vftable,005a1164,8,0x20,vfunction9,0046c690,Sexy::ResourceManager::vfunction14
SimFishScreenOverlay,vftable,005a1164,9,0x24,vfunction10,0046ba90,Sexy::WidgetContainer::vfunction10
SimFishScreenOverlay,vftable,005a1164,10,0x28,vfunction11,0046bab0,Sexy::WidgetContainer::vfunction11
SimFishScreenOverlay,vftable,005a1164,11,0x2c,vfunction12,0046bc50,Sexy::WidgetContainer::vfunction12
SimFishScreenOverlay,vftable,005a1164,12,0x30,vfunction13,0046bd20,Sexy::WidgetContainer::vfunction13
SimFishScreenOverlay,vftable,005a1164,13,0x34,vfunction14,0046bdf0,Sexy::WidgetContainer::vfunction14
SimFishScreenOverlay,vftable,005a1164,14,0x38,vfunction15,0046bf00,Sexy::WidgetContainer::vfunction15
SimFishScreenOverlay,vftable,005a1164,15,0x3c,vfunction16,0046c030,Sexy::WidgetContainer::vfunction16
SimFishScreenOverlay,vftable,005a1164,16,0x40,vfunction17,0046c430,Sexy::WidgetContainer::vfunction17
SimFishScreenOverlay,vftable,005a1164,17,0x44,vfunction18,0046c180,Sexy::WidgetContainer::vfunction18
SimFishScreenOverlay,vftable,005a1164,18,0x48,vfunction19,0046c1c0,Sexy::WidgetContainer::vfunction19
SimFishScreenOverlay,vftable,005a1164,19,0x4c,vfunction20,0046c1a0,Sexy::WidgetContainer::vfunction20
SimFishScreenOverlay,vftable,005a1164,20,0x50,vfunction21,0046c090,Sexy::WidgetContainer::vfunction21
SimFishScreenOverlay,vftable,005a1164,21,0x54,vfunction22,0046c100,Sexy::WidgetContainer::vfunction22
SimFishScreenOverlay,vftable,005a1164,22,0x58,vfunction23,0046c4f0,thunk 0046e310 -> Sexy::WidgetContainer::vfunction23
SimFishScreenOverlay,vftable,005a1164,23,0x5c,vfunction24,0046c500,Sexy::WidgetContainer::vfunction24
SimFishScreenOverlay,vftable,005a1164,24,0x60,vfunction25,0046c690,Sexy::ResourceManager::vfunction14
SimFishScreenOverlay,vftable,005a1164,25,0x64,vfunction26,0046c6a0,Sexy::WidgetContainer::vfunction26
SimFishScreenOverlay,vftable,005a1164,26,0x68,vfunction27,00518910,BonusScreenOverlay::vfunction27
SimFishScreenOverlay,vftable,005a1164,27,0x6c,vfunction28,0046c7f0,Sexy::WidgetContainer::vfunction28
SimFishScreenOverlay,vftable,005a1164,28,0x70,vfunction29,0046c9c0,Sexy::WidgetContainer::vfunction29
SimFishScreenOverlay,vftable,005a1164,29,0x74,vfunction30,00486bf0,Sexy::ResourceManager::BaseRes::vfunction2
SimFishScreenOverlay,vftable,005a1164,30,0x78,vfunction31,00486bf0,Sexy::ResourceManager::BaseRes::vfunction2
SimFishScreenOverlay,vftable,005a1164,31,0x7c,vfunction32,0046de80,Sexy::Widget::vfunction32
SimFishScreenOverlay,vftable,005a1164,32,0x80,vfunction33,0046df70,Sexy::Widget::vfunction33
SimFishScreenOverlay,vftable,005a1164,33,0x84,vfunction34,0046ded0,Sexy::Widget::vfunction34
SimFishScreenOverlay,vftable,005a1164,34,0x88,vfunction35,0046e010,Sexy::Widget::vfunction35
SimFishScreenOverlay,vftable,005a1164,35,0x8c,vfunction36,0046e130,Sexy::Widget::vfunction36
SimFishScreenOverlay,vftable,005a1164,36,0x90,vfunction37,0046e0c0,Sexy::Widget::vfunction37
SimFishScreenOverlay,vftable,005a1164,37,0x94,vfunction38,0046e270,Sexy::Widget::vfunction38
SimFishScreenOverlay,vftable,005a1164,38,0x98,vfunction39,0046e370,Sexy::Widget::vfunction39
SimFishScreenOverlay,vftable,005a1164,39,0x9c,vfunction40,0046e210,Sexy::Widget::vfunction40
SimFishScreenOverlay,vftable,005a1164,40,0xa0,vfunction41,0046e1b0,Sexy::Widget::vfunction41
SimFishScreenOverlay,vftable,005a1164,41,0xa4,vfunction42,0046e240,Sexy::Widget::vfunction42
SimFishScreenOverlay,vftable,005a1164,42,0xa8,vfunction43,0046e260,Sexy::Widget::vfunction43
SimFishScreenOverlay,vftable,005a1164,43,0xac,vfunction44,0046deb0,Sexy::Widget::vfunction44
SimFishScreenOverlay,vftable,005a1164,44,0xb0,vfunction45,0046c690,Sexy::ResourceManager::vfunction14
SimFishScreenOverlay,vftable,005a1164,45,0xb4,vfunction46,0046e2f0,Sexy::Widget::vfunction46
SimFishScreenOverlay,vftable,005a1164,46,0xb8,vfunction47,0046e300,Sexy::Widget::vfunction47
SimFishScreenOverlay,vftable,005a1164,47,0xbc,vfunction48,0046c690,Sexy::ResourceManager::vfunction14
SimFishScreenOverlay,vftable,005a1164,48,0xc0,vfunction49,0046e320,Sexy::Widget::vfunction49
SimFishScreenOverlay,vftable,005a1164,49,0xc4,vfunction50,0046c690,Sexy::ResourceManager::vfunction14
SimFishScreenOverlay,vftable,005a1164,50,0xc8,vfunction51,00486bf0,Sexy::ResourceManager::BaseRes::vfunction2
SimFishScreenOverlay,vftable,005a1164,51,0xcc,vfunction52,00486bf0,Sexy::ResourceManager::BaseRes::vfunction2
SimFishScreenOverlay,vftable,005a1164,52,0xd0,vfunction53,0046eb50,Sexy::DialogListener::vfunction1
SimFishScreenOverlay,vftable,005a1164,53,0xd4,vfunction54,0046e400,Sexy::MusicInterface::vfunction13
SimFishScreenOverlay,vftable,005a1164,54,0xd8,vfunction55,0046e3a0,Sexy::Widget::vfunction55
SimFishScreenOverlay,vftable,005a1164,55,0xdc,vfunction56,0046e400,Sexy::MusicInterface::vfunction13
SimFishScreenOverlay,vftable,005a1164,56,0xe0,vfunction57,0046e410,Sexy::Widget::vfunction57
SimFishScreenOverlay,vftable,005a1164,57,0xe4,vfunction58,0046eb50,Sexy::DialogListener::vfunction1
SimFishScreenOverlay,vftable,005a1164,58,0xe8,vfunction59,0046eb50,Sexy::DialogListener::vfunction1
SimFishScreenOverlay,vftable,005a1164,59,0xec,vfunction60,0046c690,Sexy::ResourceManager::vfunction14
SimFishScreenOverlay,vftable,005a1164,60,0xf0,vfunction61,0046de70,Sexy::Widget::vfunction61
SimFishScreenOverlay,vftable,005a1164,61,0xf4,vfunction62,0046e500,Sexy::Widget::vfunction62
SimFishScreenOverlay,vftable,005a1164,62,0xf8,vfunction63,0046e480,Sexy::Widget::vfunction63
SimFishScreenOverlay,vftable,005a1164,63,0xfc,vfunction64,0046e620,Sexy::Widget::vfunction64
SimFishScreenOverlay,vftable,005a1164,64,0x100,vfunction65,0046e670,Sexy::Widget::vfunction65
SimFishScreenOverlay,vftable,005a1164,65,0x104,vfunction66,0046e6b0,Sexy::Widget::vfunction66
SimFishScreenOverlay,vftable,005a1164,66,0x108,vfunction67,0046e6d0,Sexy::Widget::vfunction67
SimFishScreenOverlay,vftable,005a1164,67,0x10c,vfunction68,0046e700,Sexy::Widget::vfunction68
SimFishScreenOverlay,vftable,005a1164,68,0x110,vfunction69,0046e800,Sexy::Widget::vfunction69
SimFishScreenOverlay,vftable,005a1164,69,0x114,vfunction70,0046e840,Sexy::Widget::vfunction70
Sexy::SimFishScreen,vftable_1,005a1280,0,0x0,vfunction1,00519090,Sexy::SimFishScreen::vfunction1
Sexy::SimFishScreen,vftable_1,005a1280,1,0x4,vfunction2,0046c690,Sexy::ResourceManager::vfunction14
Sexy::SimFishScreen,vftable_1,005a1280,2,0x8,vfunction3,00529dd0,Sexy::SimFishScreen::vfunction3
Sexy::SimFishScreen,vftable_1,005a1280,3,0xc,vfunction4,0051a440,Sexy::ListListener::vfunction2
Sexy::SimFishScreen,vftable_1,005a1280,4,0x10,vfunction5,005190d0,Sexy::SimFishScreen::vfunction5
Sexy::SimFishScreen,vftable_1,005a1280,5,0x14,vfunction6,005190f0,Sexy::SimFishScreen::vfunction6
Sexy::SimFishScreen,vftable_1,005a1280,6,0x18,vfunction7,0049b300,Sexy::Image::vfunction3
Sexy::SimFishScreen,vftable,005a12a4,0,0x0,vfunction1,0051b1d0,Sexy::SimFishScreen::deleting_destructor
Sexy::SimFishScreen,vftable,005a12a4,1,0x4,vfunction2,0046b5b0,Sexy::WidgetContainer::vfunction2
Sexy::SimFishScreen,vftable,005a12a4,2,0x8,vfunction3,0046b5d0,Sexy::WidgetContainer::vfunction3
Sexy::SimFishScreen,vftable,005a12a4,3,0xc,vfunction4,0046b640,Sexy::WidgetContainer::vfunction4
Sexy::SimFishScreen,vftable,005a12a4,4,0x10,vfunction5,0046b760,Sexy::WidgetContainer::vfunction5
Sexy::SimFishScreen,vftable,005a12a4,5,0x14,vfunction6,0046b700,Sexy::WidgetContainer::vfunction6
Sexy::SimFishScreen,vftable,005a12a4,6,0x18,vfunction7,0046c690,Sexy::ResourceManager::vfunction14
Sexy::SimFishScreen,vftable,005a12a4,7,0x1c,vfunction8,0046b550,Sexy::WidgetContainer::vfunction8
Sexy::SimFishScreen,vftable,005a12a4,8,0x20,vfunction9,0046c690,Sexy::ResourceManager::vfunction14
Sexy::SimFishScreen,vftable,005a12a4,9,0x24,vfunction10,0046ba90,Sexy::WidgetContainer::vfunction10
Sexy::SimFishScreen,vftable,005a12a4,10,0x28,vfunction11,0046bab0,Sexy::WidgetContainer::vfunction11
Sexy::SimFishScreen,vftable,005a12a4,11,0x2c,vfunction12,0046bc50,Sexy::WidgetContainer::vfunction12
Sexy::SimFishScreen,vftable,005a12a4,12,0x30,vfunction13,0046bd20,Sexy::WidgetContainer::vfunction13
Sexy::SimFishScreen,vftable,005a12a4,13,0x34,vfunction14,0046bdf0,Sexy::WidgetContainer::vfunction14
Sexy::SimFishScreen,vftable,005a12a4,14,0x38,vfunction15,0046bf00,Sexy::WidgetContainer::vfunction15
Sexy::SimFishScreen,vftable,005a12a4,15,0x3c,vfunction16,0046c030,Sexy::WidgetContainer::vfunction16
Sexy::SimFishScreen,vftable,005a12a4,16,0x40,vfunction17,0046c430,Sexy::WidgetContainer::vfunction17
Sexy::SimFishScreen,vftable,005a12a4,17,0x44,vfunction18,0046c180,Sexy::WidgetContainer::vfunction18
Sexy::SimFishScreen,vftable,005a12a4,18,0x48,vfunction19,0046c1c0,Sexy::WidgetContainer::vfunction19
Sexy::SimFishScreen,vftable,005a12a4,19,0x4c,vfunction20,0046c1a0,Sexy::WidgetContainer::vfunction20
Sexy::SimFishScreen,vftable,005a12a4,20,0x50,vfunction21,00518e40,Sexy::SimFishScreen::vfunction21
Sexy::SimFishScreen,vftable,005a12a4,21,0x54,vfunction22,00518ef0,Sexy::SimFishScreen::vfunction22
Sexy::SimFishScreen,vftable,005a12a4,22,0x58,vfunction23,00519040,Sexy::SimFishScreen::vfunction23
Sexy::SimFishScreen,vftable,005a12a4,23,0x5c,vfunction24,0046c500,Sexy::WidgetContainer::vfunction24
Sexy::SimFishScreen,vftable,005a12a4,24,0x60,vfunction25,0046c690,Sexy::ResourceManager::vfunction14
Sexy::SimFishScreen,vftable,005a12a4,25,0x64,vfunction26,0046c6a0,Sexy::WidgetContainer::vfunction26
Sexy::SimFishScreen,vftable,005a12a4,26,0x68,vfunction27,0051a440,Sexy::ListListener::vfunction2
Sexy::SimFishScreen,vftable,005a12a4,27,0x6c,vfunction28,0046c7f0,Sexy::WidgetContainer::vfunction28
Sexy::SimFishScreen,vftable,005a12a4,28,0x70,vfunction29,0046c9c0,Sexy::WidgetContainer::vfunction29
Sexy::SimFishScreen,vftable,005a12a4,29,0x74,vfunction30,00486bf0,Sexy::ResourceManager::BaseRes::vfunction2
Sexy::SimFishScreen,vftable,005a12a4,30,0x78,vfunction31,00518fa0,Sexy::SimFishScreen::vfunction31
Sexy::SimFishScreen,vftable,005a12a4,31,0x7c,vfunction32,0046de80,Sexy::Widget::vfunction32
Sexy::SimFishScreen,vftable,005a12a4,32,0x80,vfunction33,0046df70,Sexy::Widget::vfunction33
Sexy::SimFishScreen,vftable,005a12a4,33,0x84,vfunction34,0046ded0,Sexy::Widget::vfunction34
Sexy::SimFishScreen,vftable,005a12a4,34,0x88,vfunction35,0046e010,Sexy::Widget::vfunction35
Sexy::SimFishScreen,vftable,005a12a4,35,0x8c,vfunction36,0046e130,Sexy::Widget::vfunction36
Sexy::SimFishScreen,vftable,005a12a4,36,0x90,vfunction37,0046e0c0,Sexy::Widget::vfunction37
Sexy::SimFishScreen,vftable,005a12a4,37,0x94,vfunction38,0046e270,Sexy::Widget::vfunction38
Sexy::SimFishScreen,vftable,005a12a4,38,0x98,vfunction39,0046e370,Sexy::Widget::vfunction39
Sexy::SimFishScreen,vftable,005a12a4,39,0x9c,vfunction40,0046e210,Sexy::Widget::vfunction40
Sexy::SimFishScreen,vftable,005a12a4,40,0xa0,vfunction41,0046e1b0,Sexy::Widget::vfunction41
Sexy::SimFishScreen,vftable,005a12a4,41,0xa4,vfunction42,0046e240,Sexy::Widget::vfunction42
Sexy::SimFishScreen,vftable,005a12a4,42,0xa8,vfunction43,0046e260,Sexy::Widget::vfunction43
Sexy::SimFishScreen,vftable,005a12a4,43,0xac,vfunction44,0046deb0,Sexy::Widget::vfunction44
Sexy::SimFishScreen,vftable,005a12a4,44,0xb0,vfunction45,00528dd0,Sexy::SimFishScreen::vfunction45
Sexy::SimFishScreen,vftable,005a12a4,45,0xb4,vfunction46,0046e2f0,Sexy::Widget::vfunction46
Sexy::SimFishScreen,vftable,005a12a4,46,0xb8,vfunction47,0046e300,Sexy::Widget::vfunction47
Sexy::SimFishScreen,vftable,005a12a4,47,0xbc,vfunction48,0051a440,Sexy::ListListener::vfunction2
Sexy::SimFishScreen,vftable,005a12a4,48,0xc0,vfunction49,0046e320,Sexy::Widget::vfunction49
Sexy::SimFishScreen,vftable,005a12a4,49,0xc4,vfunction50,0046c690,Sexy::ResourceManager::vfunction14
Sexy::SimFishScreen,vftable,005a12a4,50,0xc8,vfunction51,00486bf0,Sexy::ResourceManager::BaseRes::vfunction2
Sexy::SimFishScreen,vftable,005a12a4,51,0xcc,vfunction52,00486bf0,Sexy::ResourceManager::BaseRes::vfunction2
Sexy::SimFishScreen,vftable,005a12a4,52,0xd0,vfunction53,0046eb50,Sexy::DialogListener::vfunction1
Sexy::SimFishScreen,vftable,005a12a4,53,0xd4,vfunction54,0046e400,Sexy::MusicInterface::vfunction13
Sexy::SimFishScreen,vftable,005a12a4,54,0xd8,vfunction55,0046e3a0,Sexy::Widget::vfunction55
Sexy::SimFishScreen,vftable,005a12a4,55,0xdc,vfunction56,0046e400,Sexy::MusicInterface::vfunction13
Sexy::SimFishScreen,vftable,005a12a4,56,0xe0,vfunction57,0046e410,Sexy::Widget::vfunction57
Sexy::SimFishScreen,vftable,005a12a4,57,0xe4,vfunction58,0046eb50,Sexy::DialogListener::vfunction1
Sexy::SimFishScreen,vftable,005a12a4,58,0xe8,vfunction59,0046eb50,Sexy::DialogListener::vfunction1
Sexy::SimFishScreen,vftable,005a12a4,59,0xec,vfunction60,0046c690,Sexy::ResourceManager::vfunction14
Sexy::SimFishScreen,vftable,005a12a4,60,0xf0,vfunction61,0046de70,Sexy::Widget::vfunction61
Sexy::SimFishScreen,vftable,005a12a4,61,0xf4,vfunction62,0046e500,Sexy::Widget::vfunction62
Sexy::SimFishScreen,vftable,005a12a4,62,0xf8,vfunction63,0046e480,Sexy::Widget::vfunction63
Sexy::SimFishScreen,vftable,005a12a4,63,0xfc,vfunction64,0046e620,Sexy::Widget::vfunction64
Sexy::SimFishScreen,vftable,005a12a4,64,0x100,vfunction65,0046e670,Sexy::Widget::vfunction65
Sexy::SimFishScreen,vftable,005a12a4,65,0x104,vfunction66,0046e6b0,Sexy::Widget::vfunction66
Sexy::SimFishScreen,vftable,005a12a4,66,0x108,vfunction67,0046e6d0,Sexy::Widget::vfunction67
Sexy::SimFishScreen,vftable,005a12a4,67,0x10c,vfunction68,0046e700,Sexy::Widget::vfunction68
Sexy::SimFishScreen,vftable,005a12a4,68,0x110,vfunction69,0046e800,Sexy::Widget::vfunction69
Sexy::SimFishScreen,vftable,005a12a4,69,0x114,vfunction70,0046e840,Sexy::Widget::vfunction70
Sexy::CheckboxListener,vftable,005a13c0,0,0x0,vfunction1,00519120,Sexy::CheckboxListener::vfunction1
Sexy::SimSetupScreen,vftable_for_CheckboxListener,005a13c8,0,0x0,vfunction1,0052b110,Sexy::SimSetupScreen::vfunction1_for_CheckboxListener
Sexy::SimSetupScreen,vftable_for_ButtonListener,005a13d0,0,0x0,vfunction1,0046ca30,Sexy::ButtonListener::vfunction1
Sexy::SimSetupScreen,vftable_for_ButtonListener,005a13d0,1,0x4,vfunction2,00519450,Sexy::SimSetupScreen::vfunction2_for_ButtonListener
Sexy::SimSetupScreen,vftable_for_ButtonListener,005a13d0,2,0x8,vfunction3,0052ae40,Sexy::SimSetupScreen::vfunction3_for_ButtonListener
Sexy::SimSetupScreen,vftable_for_ButtonListener,005a13d0,3,0xc,vfunction4,0046c690,Sexy::ResourceManager::vfunction14
Sexy::SimSetupScreen,vftable_for_ButtonListener,005a13d0,4,0x10,vfunction5,0046c690,Sexy::ResourceManager::vfunction14
Sexy::SimSetupScreen,vftable_for_ButtonListener,005a13d0,5,0x14,vfunction6,0046c690,Sexy::ResourceManager::vfunction14
Sexy::SimSetupScreen,vftable_for_ButtonListener,005a13d0,6,0x18,vfunction7,0049b300,Sexy::Image::vfunction3
Sexy::SimSetupScreen,vftable_for_Widget,005a13f4,0,0x0,vfunction1,0051b200,Sexy::SimSetupScreen::deleting_destructor_for_Widget
Sexy::SimSetupScreen,vftable_for_Widget,005a13f4,1,0x4,vfunction2,0046b5b0,Sexy::WidgetContainer::vfunction2
Sexy::SimSetupScreen,vftable_for_Widget,005a13f4,2,0x8,vfunction3,0046b5d0,Sexy::WidgetContainer::vfunction3
Sexy::SimSetupScreen,vftable_for_Widget,005a13f4,3,0xc,vfunction4,0046b640,Sexy::WidgetContainer::vfunction4
Sexy::SimSetupScreen,vftable_for_Widget,005a13f4,4,0x10,vfunction5,0046b760,Sexy::WidgetContainer::vfunction5
Sexy::SimSetupScreen,vftable_for_Widget,005a13f4,5,0x14,vfunction6,0046b700,Sexy::WidgetContainer::vfunction6
Sexy::SimSetupScreen,vftable_for_Widget,005a13f4,6,0x18,vfunction7,0046c690,Sexy::ResourceManager::vfunction14
Sexy::SimSetupScreen,vftable_for_Widget,005a13f4,7,0x1c,vfunction8,0046b550,Sexy::WidgetContainer::vfunction8
Sexy::SimSetupScreen,vftable_for_Widget,005a13f4,8,0x20,vfunction9,0046c690,Sexy::ResourceManager::vfunction14
Sexy::SimSetupScreen,vftable_for_Widget,005a13f4,9,0x24,vfunction10,0046ba90,Sexy::WidgetContainer::vfunction10
Sexy::SimSetupScreen,vftable_for_Widget,005a13f4,10,0x28,vfunction11,0046bab0,Sexy::WidgetContainer::vfunction11
Sexy::SimSetupScreen,vftable_for_Widget,005a13f4,11,0x2c,vfunction12,0046bc50,Sexy::WidgetContainer::vfunction12
Sexy::SimSetupScreen,vftable_for_Widget,005a13f4,12,0x30,vfunction13,0046bd20,Sexy::WidgetContainer::vfunction13
Sexy::SimSetupScreen,vftable_for_Widget,005a13f4,13,0x34,vfunction14,0046bdf0,Sexy::WidgetContainer::vfunction14
Sexy::SimSetupScreen,vftable_for_Widget,005a13f4,14,0x38,vfunction15,0046bf00,Sexy::WidgetContainer::vfunction15
Sexy::SimSetupScreen,vftable_for_Widget,005a13f4,15,0x3c,vfunction16,0046c030,Sexy::WidgetContainer::vfunction16
Sexy::SimSetupScreen,vftable_for_Widget,005a13f4,16,0x40,vfunction17,0046c430,Sexy::WidgetContainer::vfunction17
Sexy::SimSetupScreen,vftable_for_Widget,005a13f4,17,0x44,vfunction18,0046c180,Sexy::WidgetContainer::vfunction18
Sexy::SimSetupScreen,vftable_for_Widget,005a13f4,18,0x48,vfunction19,0046c1c0,Sexy::WidgetContainer::vfunction19
Sexy::SimSetupScreen,vftable_for_Widget,005a13f4,19,0x4c,vfunction20,0046c1a0,Sexy::WidgetContainer::vfunction20
Sexy::SimSetupScreen,vftable_for_Widget,005a13f4,20,0x50,vfunction21,00519250,Sexy::SimSetupScreen::vfunction21_for_Widget
Sexy::SimSetupScreen,vftable_for_Widget,005a13f4,21,0x54,vfunction22,00519310,Sexy::SimSetupScreen::vfunction22_for_Widget
Sexy::SimSetupScreen,vftable_for_Widget,005a13f4,22,0x58,vfunction23,00519430,Sexy::SimSetupScreen::vfunction23_for_Widget
Sexy::SimSetupScreen,vftable_for_Widget,005a13f4,23,0x5c,vfunction24,0046c500,Sexy::WidgetContainer::vfunction24
Sexy::SimSetupScreen,vftable_for_Widget,005a13f4,24,0x60,vfunction25,0046c690,Sexy::ResourceManager::vfunction14
Sexy::SimSetupScreen,vftable_for_Widget,005a13f4,25,0x64,vfunction26,0046c6a0,Sexy::WidgetContainer::vfunction26
Sexy::SimSetupScreen,vftable_for_Widget,005a13f4,26,0x68,vfunction27,0052a6d0,Sexy::SimSetupScreen::vfunction27_for_Widget
Sexy::SimSetupScreen,vftable_for_Widget,005a13f4,27,0x6c,vfunction28,0046c7f0,Sexy::WidgetContainer::vfunction28
Sexy::SimSetupScreen,vftable_for_Widget,005a13f4,28,0x70,vfunction29,0046c9c0,Sexy::WidgetContainer::vfunction29
Sexy::SimSetupScreen,vftable_for_Widget,005a13f4,29,0x74,vfunction30,00486bf0,Sexy::ResourceManager::BaseRes::vfunction2
Sexy::SimSetupScreen,vftable_for_Widget,005a13f4,30,0x78,vfunction31,00486bf0,Sexy::ResourceManager::BaseRes::vfunction2
Sexy::SimSetupScreen,vftable_for_Widget,005a13f4,31,0x7c,vfunction32,0046de80,Sexy::Widget::vfunction32
Sexy::SimSetupScreen,vftable_for_Widget,005a13f4,32,0x80,vfunction33,0046df70,Sexy::Widget::vfunction33
Sexy::SimSetupScreen,vftable_for_Widget,005a13f4,33,0x84,vfunction34,0046ded0,Sexy::Widget::vfunction34
Sexy::SimSetupScreen,vftable_for_Widget,005a13f4,34,0x88,vfunction35,0046e010,Sexy::Widget::vfunction35
Sexy::SimSetupScreen,vftable_for_Widget,005a13f4,35,0x8c,vfunction36,0046e130,Sexy::Widget::vfunction36
Sexy::SimSetupScreen,vftable_for_Widget,005a13f4,36,0x90,vfunction37,0046e0c0,Sexy::Widget::vfunction37
Sexy::SimSetupScreen,vftable_for_Widget,005a13f4,37,0x94,vfunction38,0046e270,Sexy::Widget::vfunction38
Sexy::SimSetupScreen,vftable_for_Widget,005a13f4,38,0x98,vfunction39,0046e370,Sexy::Widget::vfunction39
Sexy::SimSetupScreen,vftable_for_Widget,005a13f4,39,0x9c,vfunction40,0046e210,Sexy::Widget::vfunction40
Sexy::SimSetupScreen,vftable_for_Widget,005a13f4,40,0xa0,vfunction41,0046e1b0,Sexy::Widget::vfunction41
Sexy::SimSetupScreen,vftable_for_Widget,005a13f4,41,0xa4,vfunction42,0046e240,Sexy::Widget::vfunction42
Sexy::SimSetupScreen,vftable_for_Widget,005a13f4,42,0xa8,vfunction43,0046e260,Sexy::Widget::vfunction43
Sexy::SimSetupScreen,vftable_for_Widget,005a13f4,43,0xac,vfunction44,0046deb0,Sexy::Widget::vfunction44
Sexy::SimSetupScreen,vftable_for_Widget,005a13f4,44,0xb0,vfunction45,0046c690,Sexy::ResourceManager::vfunction14
Sexy::SimSetupScreen,vftable_for_Widget,005a13f4,45,0xb4,vfunction46,0046e2f0,Sexy::Widget::vfunction46
Sexy::SimSetupScreen,vftable_for_Widget,005a13f4,46,0xb8,vfunction47,0046e300,Sexy::Widget::vfunction47
Sexy::SimSetupScreen,vftable_for_Widget,005a13f4,47,0xbc,vfunction48,0046c690,Sexy::ResourceManager::vfunction14
Sexy::SimSetupScreen,vftable_for_Widget,005a13f4,48,0xc0,vfunction49,0046e320,Sexy::Widget::vfunction49
Sexy::SimSetupScreen,vftable_for_Widget,005a13f4,49,0xc4,vfunction50,0046c690,Sexy::ResourceManager::vfunction14
Sexy::SimSetupScreen,vftable_for_Widget,005a13f4,50,0xc8,vfunction51,00486bf0,Sexy::ResourceManager::BaseRes::vfunction2
Sexy::SimSetupScreen,vftable_for_Widget,005a13f4,51,0xcc,vfunction52,00486bf0,Sexy::ResourceManager::BaseRes::vfunction2
Sexy::SimSetupScreen,vftable_for_Widget,005a13f4,52,0xd0,vfunction53,0046eb50,Sexy::DialogListener::vfunction1
Sexy::SimSetupScreen,vftable_for_Widget,005a13f4,53,0xd4,vfunction54,0046e400,Sexy::MusicInterface::vfunction13
Sexy::SimSetupScreen,vftable_for_Widget,005a13f4,54,0xd8,vfunction55,0046e3a0,Sexy::Widget::vfunction55
Sexy::SimSetupScreen,vftable_for_Widget,005a13f4,55,0xdc,vfunction56,0046e400,Sexy::MusicInterface::vfunction13
Sexy::SimSetupScreen,vftable_for_Widget,005a13f4,56,0xe0,vfunction57,0046e410,Sexy::Widget::vfunction57
Sexy::SimSetupScreen,vftable_for_Widget,005a13f4,57,0xe4,vfunction58,0046eb50,Sexy::DialogListener::vfunction1
Sexy::SimSetupScreen,vftable_for_Widget,005a13f4,58,0xe8,vfunction59,0046eb50,Sexy::DialogListener::vfunction1
Sexy::SimSetupScreen,vftable_for_Widget,005a13f4,59,0xec,vfunction60,0046c690,Sexy::ResourceManager::vfunction14
Sexy::SimSetupScreen,vftable_for_Widget,005a13f4,60,0xf0,vfunction61,0046de70,Sexy::Widget::vfunction61
Sexy::SimSetupScreen,vftable_for_Widget,005a13f4,61,0xf4,vfunction62,0046e500,Sexy::Widget::vfunction62
Sexy::SimSetupScreen,vftable_for_Widget,005a13f4,62,0xf8,vfunction63,0046e480,Sexy::Widget::vfunction63
Sexy::SimSetupScreen,vftable_for_Widget,005a13f4,63,0xfc,vfunction64,0046e620,Sexy::Widget::vfunction64
Sexy::SimSetupScreen,vftable_for_Widget,005a13f4,64,0x100,vfunction65,0046e670,Sexy::Widget::vfunction65
Sexy::SimSetupScreen,vftable_for_Widget,005a13f4,65,0x104,vfunction66,0046e6b0,Sexy::Widget::vfunction66
Sexy::SimSetupScreen,vftable_for_Widget,005a13f4,66,0x108,vfunction67,0046e6d0,Sexy::Widget::vfunction67
Sexy::SimSetupScreen,vftable_for_Widget,005a13f4,67,0x10c,vfunction68,0046e700,Sexy::Widget::vfunction68
Sexy::SimSetupScreen,vftable_for_Widget,005a13f4,68,0x110,vfunction69,0046e800,Sexy::Widget::vfunction69
Sexy::SimSetupScreen,vftable_for_Widget,005a13f4,69,0x114,vfunction70,0046e840,Sexy::Widget::vfunction70
StoreScreenOverlay,vftable,005a1514,0,0x0,vfunction1,0051ad70,BoardOverlay::deleting_destructor
StoreScreenOverlay,vftable,005a1514,1,0x4,vfunction2,0046b5b0,Sexy::WidgetContainer::vfunction2
StoreScreenOverlay,vftable,005a1514,2,0x8,vfunction3,0046b5d0,Sexy::WidgetContainer::vfunction3
StoreScreenOverlay,vftable,005a1514,3,0xc,vfunction4,0046b640,Sexy::WidgetContainer::vfunction4
StoreScreenOverlay,vftable,005a1514,4,0x10,vfunction5,0046b760,Sexy::WidgetContainer::vfunction5
StoreScreenOverlay,vftable,005a1514,5,0x14,vfunction6,0046b700,Sexy::WidgetContainer::vfunction6
StoreScreenOverlay,vftable,005a1514,6,0x18,vfunction7,0046c690,Sexy::ResourceManager::vfunction14
StoreScreenOverlay,vftable,005a1514,7,0x1c,vfunction8,0046b550,Sexy::WidgetContainer::vfunction8
StoreScreenOverlay,vftable,005a1514,8,0x20,vfunction9,0046c690,Sexy::ResourceManager::vfunction14
StoreScreenOverlay,vftable,005a1514,9,0x24,vfunction10,0046ba90,Sexy::WidgetContainer::vfunction10
StoreScreenOverlay,vftable,005a1514,10,0x28,vfunction11,0046bab0,Sexy::WidgetContainer::vfunction11
StoreScreenOverlay,vftable,005a1514,11,0x2c,vfunction12,0046bc50,Sexy::WidgetContainer::vfunction12
StoreScreenOverlay,vftable,005a1514,12,0x30,vfunction13,0046bd20,Sexy::WidgetContainer::vfunction13
StoreScreenOverlay,vftable,005a1514,13,0x34,vfunction14,0046bdf0,Sexy::WidgetContainer::vfunction14
StoreScreenOverlay,vftable,005a1514,14,0x38,vfunction15,0046bf00,Sexy::WidgetContainer::vfunction15
StoreScreenOverlay,vftable,005a1514,15,0x3c,vfunction16,0046c030,Sexy::WidgetContainer::vfunction16
StoreScreenOverlay,vftable,005a1514,16,0x40,vfunction17,0046c430,Sexy::WidgetContainer::vfunction17
StoreScreenOverlay,vftable,005a1514,17,0x44,vfunction18,0046c180,Sexy::WidgetContainer::vfunction18
StoreScreenOverlay,vftable,005a1514,18,0x48,vfunction19,0046c1c0,Sexy::WidgetContainer::vfunction19
StoreScreenOverlay,vftable,005a1514,19,0x4c,vfunction20,0046c1a0,Sexy::WidgetContainer::vfunction20
StoreScreenOverlay,vftable,005a1514,20,0x50,vfunction21,0046c090,Sexy::WidgetContainer::vfunction21
StoreScreenOverlay,vftable,005a1514,21,0x54,vfunction22,0046c100,Sexy::WidgetContainer::vfunction22
StoreScreenOverlay,vftable,005a1514,22,0x58,vfunction23,0046c4f0,thunk 0046e310 -> Sexy::WidgetContainer::vfunction23
StoreScreenOverlay,vftable,005a1514,23,0x5c,vfunction24,0046c500,Sexy::WidgetContainer::vfunction24
StoreScreenOverlay,vftable,005a1514,24,0x60,vfunction25,0046c690,Sexy::ResourceManager::vfunction14
StoreScreenOverlay,vftable,005a1514,25,0x64,vfunction26,0046c6a0,Sexy::WidgetContainer::vfunction26
StoreScreenOverlay,vftable,005a1514,26,0x68,vfunction27,00518910,BonusScreenOverlay::vfunction27
StoreScreenOverlay,vftable,005a1514,27,0x6c,vfunction28,0046c7f0,Sexy::WidgetContainer::vfunction28
StoreScreenOverlay,vftable,005a1514,28,0x70,vfunction29,0046c9c0,Sexy::WidgetContainer::vfunction29
StoreScreenOverlay,vftable,005a1514,29,0x74,vfunction30,00486bf0,Sexy::ResourceManager::BaseRes::vfunction2
StoreScreenOverlay,vftable,005a1514,30,0x78,vfunction31,00486bf0,Sexy::ResourceManager::BaseRes::vfunction2
StoreScreenOverlay,vftable,005a1514,31,0x7c,vfunction32,0046de80,Sexy::Widget::vfunction32
StoreScreenOverlay,vftable,005a1514,32,0x80,vfunction33,0046df70,Sexy::Widget::vfunction33
StoreScreenOverlay,vftable,005a1514,33,0x84,vfunction34,0046ded0,Sexy::Widget::vfunction34
StoreScreenOverlay,vftable,005a1514,34,0x88,vfunction35,0046e010,Sexy::Widget::vfunction35
StoreScreenOverlay,vftable,005a1514,35,0x8c,vfunction36,0046e130,Sexy::Widget::vfunction36
StoreScreenOverlay,vftable,005a1514,36,0x90,vfunction37,0046e0c0,Sexy::Widget::vfunction37
StoreScreenOverlay,vftable,005a1514,37,0x94,vfunction38,0046e270,Sexy::Widget::vfunction38
StoreScreenOverlay,vftable,005a1514,38,0x98,vfunction39,0046e370,Sexy::Widget::vfunction39
StoreScreenOverlay,vftable,005a1514,39,0x9c,vfunction40,0046e210,Sexy::Widget::vfunction40
StoreScreenOverlay,vftable,005a1514,40,0xa0,vfunction41,0046e1b0,Sexy::Widget::vfunction41
StoreScreenOverlay,vftable,005a1514,41,0xa4,vfunction42,0046e240,Sexy::Widget::vfunction42
StoreScreenOverlay,vftable,005a1514,42,0xa8,vfunction43,0046e260,Sexy::Widget::vfunction43
StoreScreenOverlay,vftable,005a1514,43,0xac,vfunction44,0046deb0,Sexy::Widget::vfunction44
StoreScreenOverlay,vftable,005a1514,44,0xb0,vfunction45,0046c690,Sexy::ResourceManager::vfunction14
StoreScreenOverlay,vftable,005a1514,45,0xb4,vfunction46,0046e2f0,Sexy::Widget::vfunction46
StoreScreenOverlay,vftable,005a1514,46,0xb8,vfunction47,0046e300,Sexy::Widget::vfunction47
StoreScreenOverlay,vftable,005a1514,47,0xbc,vfunction48,0046c690,Sexy::ResourceManager::vfunction14
StoreScreenOverlay,vftable,005a1514,48,0xc0,vfunction49,0046e320,Sexy::Widget::vfunction49
StoreScreenOverlay,vftable,005a1514,49,0xc4,vfunction50,0046c690,Sexy::ResourceManager::vfunction14
StoreScreenOverlay,vftable,005a1514,50,0xc8,vfunction51,00486bf0,Sexy::ResourceManager::BaseRes::vfunction2
StoreScreenOverlay,vftable,005a1514,51,0xcc,vfunction52,00486bf0,Sexy::ResourceManager::BaseRes::vfunction2
StoreScreenOverlay,vftable,005a1514,52,0xd0,vfunction53,0046eb50,Sexy::DialogListener::vfunction1
StoreScreenOverlay,vftable,005a1514,53,0xd4,vfunction54,0046e400,Sexy::MusicInterface::vfunction13
StoreScreenOverlay,vftable,005a1514,54,0xd8,vfunction55,0046e3a0,Sexy::Widget::vfunction55
StoreScreenOverlay,vftable,005a1514,55,0xdc,vfunction56,0046e400,Sexy::MusicInterface::vfunction13
StoreScreenOverlay,vftable,005a1514,56,0xe0,vfunction57,0046e410,Sexy::Widget::vfunction57
StoreScreenOverlay,vftable,005a1514,57,0xe4,vfunction58,0046eb50,Sexy::DialogListener::vfunction1
StoreScreenOverlay,vftable,005a1514,58,0xe8,vfunction59,0046eb50,Sexy::DialogListener::vfunction1
StoreScreenOverlay,vftable,005a1514,59,0xec,vfunction60,0046c690,Sexy::ResourceManager::vfunction14
StoreScreenOverlay,vftable,005a1514,60,0xf0,vfunction61,0046de70,Sexy::Widget::vfunction61
StoreScreenOverlay,vftable,005a1514,61,0xf4,vfunction62,0046e500,Sexy::Widget::vfunction62
StoreScreenOverlay,vftable,005a1514,62,0xf8,vfunction63,0046e480,Sexy::Widget::vfunction63
StoreScreenOverlay,vftable,005a1514,63,0xfc,vfunction64,0046e620,Sexy::Widget::vfunction64
StoreScreenOverlay,vftable,005a1514,64,0x100,vfunction65,0046e670,Sexy::Widget::vfunction65
StoreScreenOverlay,vftable,005a1514,65,0x104,vfunction66,0046e6b0,Sexy::Widget::vfunction66
StoreScreenOverlay,vftable,005a1514,66,0x108,vfunction67,0046e6d0,Sexy::Widget::vfunction67
StoreScreenOverlay,vftable,005a1514,67,0x10c,vfunction68,0046e700,Sexy::Widget::vfunction68
StoreScreenOverlay,vftable,005a1514,68,0x110,vfunction69,0046e800,Sexy::Widget::vfunction69
StoreScreenOverlay,vftable,005a1514,69,0x114,vfunction70,0046e840,Sexy::Widget::vfunction70
Sexy::StoreScreen,vftable_1,005a1630,0,0x0,vfunction1,0046ca30,Sexy::ButtonListener::vfunction1
Sexy::StoreScreen,vftable_1,005a1630,1,0x4,vfunction2,0051a6f0,Sexy::HatchScreen::vfunction2
Sexy::StoreScreen,vftable_1,005a1630,2,0x8,vfunction3,0052bf90,Sexy::StoreScreen::vfunction3
Sexy::StoreScreen,vftable_1,005a1630,3,0xc,vfunction4,0051a440,Sexy::ListListener::vfunction2
Sexy::StoreScreen,vftable_1,005a1630,4,0x10,vfunction5,0046c690,Sexy::ResourceManager::vfunction14
Sexy::StoreScreen,vftable_1,005a1630,5,0x14,vfunction6,0046c690,Sexy::ResourceManager::vfunction14
Sexy::StoreScreen,vftable_1,005a1630,6,0x18,vfunction7,0049b300,Sexy::Image::vfunction3
Sexy::StoreScreen,vftable,005a1654,0,0x0,vfunction1,0051b230,Sexy::StoreScreen::deleting_destructor
Sexy::StoreScreen,vftable,005a1654,1,0x4,vfunction2,0046b5b0,Sexy::WidgetContainer::vfunction2
Sexy::StoreScreen,vftable,005a1654,2,0x8,vfunction3,0046b5d0,Sexy::WidgetContainer::vfunction3
Sexy::StoreScreen,vftable,005a1654,3,0xc,vfunction4,0046b640,Sexy::WidgetContainer::vfunction4
Sexy::StoreScreen,vftable,005a1654,4,0x10,vfunction5,0046b760,Sexy::WidgetContainer::vfunction5
Sexy::StoreScreen,vftable,005a1654,5,0x14,vfunction6,0046b700,Sexy::WidgetContainer::vfunction6
Sexy::StoreScreen,vftable,005a1654,6,0x18,vfunction7,0046c690,Sexy::ResourceManager::vfunction14
Sexy::StoreScreen,vftable,005a1654,7,0x1c,vfunction8,0046b550,Sexy::WidgetContainer::vfunction8
Sexy::StoreScreen,vftable,005a1654,8,0x20,vfunction9,0046c690,Sexy::ResourceManager::vfunction14
Sexy::StoreScreen,vftable,005a1654,9,0x24,vfunction10,0046ba90,Sexy::WidgetContainer::vfunction10
Sexy::StoreScreen,vftable,005a1654,10,0x28,vfunction11,0046bab0,Sexy::WidgetContainer::vfunction11
Sexy::StoreScreen,vftable,005a1654,11,0x2c,vfunction12,0046bc50,Sexy::WidgetContainer::vfunction12
Sexy::StoreScreen,vftable,005a1654,12,0x30,vfunction13,0046bd20,Sexy::WidgetContainer::vfunction13
Sexy::StoreScreen,vftable,005a1654,13,0x34,vfunction14,0046bdf0,Sexy::WidgetContainer::vfunction14
Sexy::StoreScreen,vftable,005a1654,14,0x38,vfunction15,0046bf00,Sexy::WidgetContainer::vfunction15
Sexy::StoreScreen,vftable,005a1654,15,0x3c,vfunction16,0046c030,Sexy::WidgetContainer::vfunction16
Sexy::StoreScreen,vftable,005a1654,16,0x40,vfunction17,0046c430,Sexy::WidgetContainer::vfunction17
Sexy::StoreScreen,vftable,005a1654,17,0x44,vfunction18,0046c180,Sexy::WidgetContainer::vfunction18
Sexy::StoreScreen,vftable,005a1654,18,0x48,vfunction19,0046c1c0,Sexy::WidgetContainer::vfunction19
Sexy::StoreScreen,vftable,005a1654,19,0x4c,vfunction20,0046c1a0,Sexy::WidgetContainer::vfunction20
Sexy::StoreScreen,vftable,005a1654,20,0x50,vfunction21,0052ff90,Sexy::StoreScreen::vfunction21
Sexy::StoreScreen,vftable,005a1654,21,0x54,vfunction22,0051a050,Sexy::StoreScreen::vfunction22
Sexy::StoreScreen,vftable,005a1654,22,0x58,vfunction23,0051a1b0,Sexy::StoreScreen::vfunction23
Sexy::StoreScreen,vftable,005a1654,23,0x5c,vfunction24,0046c500,Sexy::WidgetContainer::vfunction24
Sexy::StoreScreen,vftable,005a1654,24,0x60,vfunction25,0046c690,Sexy::ResourceManager::vfunction14
Sexy::StoreScreen,vftable,005a1654,25,0x64,vfunction26,0046c6a0,Sexy::WidgetContainer::vfunction26
Sexy::StoreScreen,vftable,005a1654,26,0x68,vfunction27,0051a440,Sexy::ListListener::vfunction2
Sexy::StoreScreen,vftable,005a1654,27,0x6c,vfunction28,0046c7f0,Sexy::WidgetContainer::vfunction28
Sexy::StoreScreen,vftable,005a1654,28,0x70,vfunction29,0046c9c0,Sexy::WidgetContainer::vfunction29
Sexy::StoreScreen,vftable,005a1654,29,0x74,vfunction30,00486bf0,Sexy::ResourceManager::BaseRes::vfunction2
Sexy::StoreScreen,vftable,005a1654,30,0x78,vfunction31,0051a0c0,Sexy::StoreScreen::vfunction31
Sexy::StoreScreen,vftable,005a1654,31,0x7c,vfunction32,0046de80,Sexy::Widget::vfunction32
Sexy::StoreScreen,vftable,005a1654,32,0x80,vfunction33,0046df70,Sexy::Widget::vfunction33
Sexy::StoreScreen,vftable,005a1654,33,0x84,vfunction34,0046ded0,Sexy::Widget::vfunction34
Sexy::StoreScreen,vftable,005a1654,34,0x88,vfunction35,0046e010,Sexy::Widget::vfunction35
Sexy::StoreScreen,vftable,005a1654,35,0x8c,vfunction36,0046e130,Sexy::Widget::vfunction36
Sexy::StoreScreen,vftable,005a1654,36,0x90,vfunction37,0046e0c0,Sexy::Widget::vfunction37
Sexy::StoreScreen,vftable,005a1654,37,0x94,vfunction38,0046e270,Sexy::Widget::vfunction38
Sexy::StoreScreen,vftable,005a1654,38,0x98,vfunction39,0046e370,Sexy::Widget::vfunction39
Sexy::StoreScreen,vftable,005a1654,39,0x9c,vfunction40,0046e210,Sexy::Widget::vfunction40
Sexy::StoreScreen,vftable,005a1654,40,0xa0,vfunction41,0046e1b0,Sexy::Widget::vfunction41
Sexy::StoreScreen,vftable,005a1654,41,0xa4,vfunction42,0046e240,Sexy::Widget::vfunction42
Sexy::StoreScreen,vftable,005a1654,42,0xa8,vfunction43,0046e260,Sexy::Widget::vfunction43
Sexy::StoreScreen,vftable,005a1654,43,0xac,vfunction44,0046deb0,Sexy::Widget::vfunction44
Sexy::StoreScreen,vftable,005a1654,44,0xb0,vfunction45,0052bb50,Sexy::StoreScreen::vfunction45
Sexy::StoreScreen,vftable,005a1654,45,0xb4,vfunction46,0046e2f0,Sexy::Widget::vfunction46
Sexy::StoreScreen,vftable,005a1654,46,0xb8,vfunction47,0046e300,Sexy::Widget::vfunction47
Sexy::StoreScreen,vftable,005a1654,47,0xbc,vfunction48,0051a440,Sexy::ListListener::vfunction2
Sexy::StoreScreen,vftable,005a1654,48,0xc0,vfunction49,0051a440,Sexy::ListListener::vfunction2
Sexy::StoreScreen,vftable,005a1654,49,0xc4,vfunction50,0046c690,Sexy::ResourceManager::vfunction14
Sexy::StoreScreen,vftable,005a1654,50,0xc8,vfunction51,0051a260,Sexy::StoreScreen::vfunction51
Sexy::StoreScreen,vftable,005a1654,51,0xcc,vfunction52,00486bf0,Sexy::ResourceManager::BaseRes::vfunction2
Sexy::StoreScreen,vftable,005a1654,52,0xd0,vfunction53,0051a120,Sexy::StoreScreen::vfunction53
Sexy::StoreScreen,vftable,005a1654,53,0xd4,vfunction54,0046e400,Sexy::MusicInterface::vfunction13
Sexy::StoreScreen,vftable,005a1654,54,0xd8,vfunction55,0046e3a0,Sexy::Widget::vfunction55
Sexy::StoreScreen,vftable,005a1654,55,0xdc,vfunction56,0046e400,Sexy::MusicInterface::vfunction13
Sexy::StoreScreen,vftable,005a1654,56,0xe0,vfunction57,0046e410,Sexy::Widget::vfunction57
Sexy::StoreScreen,vftable,005a1654,57,0xe4,vfunction58,0046eb50,Sexy::DialogListener::vfunction1
Sexy::StoreScreen,vftable,005a1654,58,0xe8,vfunction59,0046eb50,Sexy::DialogListener::vfunction1
Sexy::StoreScreen,vftable,005a1654,59,0xec,vfunction60,0046c690,Sexy::ResourceManager::vfunction14
Sexy::StoreScreen,vftable,005a1654,60,0xf0,vfunction61,0046de70,Sexy::Widget::vfunction61
Sexy::StoreScreen,vftable,005a1654,61,0xf4,vfunction62,0046e500,Sexy::Widget::vfunction62
Sexy::StoreScreen,vftable,005a1654,62,0xf8,vfunction63,0046e480,Sexy::Widget::vfunction63
Sexy::StoreScreen,vftable,005a1654,63,0xfc,vfunction64,0046e620,Sexy::Widget::vfunction64
Sexy::StoreScreen,vftable,005a1654,64,0x100,vfunction65,0046e670,Sexy::Widget::vfunction65
Sexy::StoreScreen,vftable,005a1654,65,0x104,vfunction66,0046e6b0,Sexy::Widget::vfunction66
Sexy::StoreScreen,vftable,005a1654,66,0x108,vfunction67,0046e6d0,Sexy::Widget::vfunction67
Sexy::StoreScreen,vftable,005a1654,67,0x10c,vfunction68,0046e700,Sexy::Widget::vfunction68
Sexy::StoreScreen,vftable,005a1654,68,0x110,vfunction69,0046e800,Sexy::Widget::vfunction69
Sexy::StoreScreen,vftable,005a1654,69,0x114,vfunction70,0046e840,Sexy::Widget::vfunction70
Sexy::StoryScreen,vftable_for_ButtonListener,005a1770,0,0x0,vfunction1,0046ca30,Sexy::ButtonListener::vfunction1
Sexy::StoryScreen,vftable_for_ButtonListener,005a1770,1,0x4,vfunction2,0051a6f0,Sexy::HatchScreen::vfunction2
Sexy::StoryScreen,vftable_for_ButtonListener,005a1770,2,0x8,vfunction3,0052eaf0,Sexy::StoryScreen::vfunction3_for_ButtonListener
Sexy::StoryScreen,vftable_for_ButtonListener,005a1770,3,0xc,vfunction4,0046c690,Sexy::ResourceManager::vfunction14
Sexy::StoryScreen,vftable_for_ButtonListener,005a1770,4,0x10,vfunction5,0046c690,Sexy::ResourceManager::vfunction14
Sexy::StoryScreen,vftable_for_ButtonListener,005a1770,5,0x14,vfunction6,0046c690,Sexy::ResourceManager::vfunction14
Sexy::StoryScreen,vftable_for_ButtonListener,005a1770,6,0x18,vfunction7,0049b300,Sexy::Image::vfunction3
Sexy::StoryScreen,vftable_for_Widget,005a1794,0,0x0,vfunction1,0051b660,Sexy::StoryScreen::deleting_destructor_for_Widget
Sexy::StoryScreen,vftable_for_Widget,005a1794,1,0x4,vfunction2,0046b5b0,Sexy::WidgetContainer::vfunction2
Sexy::StoryScreen,vftable_for_Widget,005a1794,2,0x8,vfunction3,0046b5d0,Sexy::WidgetContainer::vfunction3
Sexy::StoryScreen,vftable_for_Widget,005a1794,3,0xc,vfunction4,0046b640,Sexy::WidgetContainer::vfunction4
Sexy::StoryScreen,vftable_for_Widget,005a1794,4,0x10,vfunction5,0046b760,Sexy::WidgetContainer::vfunction5
Sexy::StoryScreen,vftable_for_Widget,005a1794,5,0x14,vfunction6,0046b700,Sexy::WidgetContainer::vfunction6
Sexy::StoryScreen,vftable_for_Widget,005a1794,6,0x18,vfunction7,0046c690,Sexy::ResourceManager::vfunction14
Sexy::StoryScreen,vftable_for_Widget,005a1794,7,0x1c,vfunction8,0046b550,Sexy::WidgetContainer::vfunction8
Sexy::StoryScreen,vftable_for_Widget,005a1794,8,0x20,vfunction9,0046c690,Sexy::ResourceManager::vfunction14
Sexy::StoryScreen,vftable_for_Widget,005a1794,9,0x24,vfunction10,0046ba90,Sexy::WidgetContainer::vfunction10
Sexy::StoryScreen,vftable_for_Widget,005a1794,10,0x28,vfunction11,0046bab0,Sexy::WidgetContainer::vfunction11
Sexy::StoryScreen,vftable_for_Widget,005a1794,11,0x2c,vfunction12,0046bc50,Sexy::WidgetContainer::vfunction12
Sexy::StoryScreen,vftable_for_Widget,005a1794,12,0x30,vfunction13,0046bd20,Sexy::WidgetContainer::vfunction13
Sexy::StoryScreen,vftable_for_Widget,005a1794,13,0x34,vfunction14,0046bdf0,Sexy::WidgetContainer::vfunction14
Sexy::StoryScreen,vftable_for_Widget,005a1794,14,0x38,vfunction15,0046bf00,Sexy::WidgetContainer::vfunction15
Sexy::StoryScreen,vftable_for_Widget,005a1794,15,0x3c,vfunction16,0046c030,Sexy::WidgetContainer::vfunction16
Sexy::StoryScreen,vftable_for_Widget,005a1794,16,0x40,vfunction17,0046c430,Sexy::WidgetContainer::vfunction17
Sexy::StoryScreen,vftable_for_Widget,005a1794,17,0x44,vfunction18,0046c180,Sexy::WidgetContainer::vfunction18
Sexy::StoryScreen,vftable_for_Widget,005a1794,18,0x48,vfunction19,0046c1c0,Sexy::WidgetContainer::vfunction19
Sexy::StoryScreen,vftable_for_Widget,005a1794,19,0x4c,vfunction20,0046c1a0,Sexy::WidgetContainer::vfunction20
Sexy::StoryScreen,vftable_for_Widget,005a1794,20,0x50,vfunction21,0051a360,Sexy::StoryScreen::vfunction21_for_Widget
Sexy::StoryScreen,vftable_for_Widget,005a1794,21,0x54,vfunction22,0051a3b0,Sexy::StoryScreen::vfunction22_for_Widget
Sexy::StoryScreen,vftable_for_Widget,005a1794,22,0x58,vfunction23,0051a400,Sexy::StoryScreen::vfunction23_for_Widget
Sexy::StoryScreen,vftable_for_Widget,005a1794,23,0x5c,vfunction24,0046c500,Sexy::WidgetContainer::vfunction24
Sexy::StoryScreen,vftable_for_Widget,005a1794,24,0x60,vfunction25,0046c690,Sexy::ResourceManager::vfunction14
Sexy::StoryScreen,vftable_for_Widget,005a1794,25,0x64,vfunction26,0046c6a0,Sexy::WidgetContainer::vfunction26
Sexy::StoryScreen,vftable_for_Widget,005a1794,26,0x68,vfunction27,0052c530,Sexy::StoryScreen::vfunction27_for_Widget
Sexy::StoryScreen,vftable_for_Widget,005a1794,27,0x6c,vfunction28,0046c7f0,Sexy::WidgetContainer::vfunction28
Sexy::StoryScreen,vftable_for_Widget,005a1794,28,0x70,vfunction29,0046c9c0,Sexy::WidgetContainer::vfunction29
Sexy::StoryScreen,vftable_for_Widget,005a1794,29,0x74,vfunction30,00486bf0,Sexy::ResourceManager::BaseRes::vfunction2
Sexy::StoryScreen,vftable_for_Widget,005a1794,30,0x78,vfunction31,00486bf0,Sexy::ResourceManager::BaseRes::vfunction2
Sexy::StoryScreen,vftable_for_Widget,005a1794,31,0x7c,vfunction32,0046de80,Sexy::Widget::vfunction32
Sexy::StoryScreen,vftable_for_Widget,005a1794,32,0x80,vfunction33,0046df70,Sexy::Widget::vfunction33
Sexy::StoryScreen,vftable_for_Widget,005a1794,33,0x84,vfunction34,0046ded0,Sexy::Widget::vfunction34
Sexy::StoryScreen,vftable_for_Widget,005a1794,34,0x88,vfunction35,0046e010,Sexy::Widget::vfunction35
Sexy::StoryScreen,vftable_for_Widget,005a1794,35,0x8c,vfunction36,0046e130,Sexy::Widget::vfunction36
Sexy::StoryScreen,vftable_for_Widget,005a1794,36,0x90,vfunction37,0046e0c0,Sexy::Widget::vfunction37
Sexy::StoryScreen,vftable_for_Widget,005a1794,37,0x94,vfunction38,0046e270,Sexy::Widget::vfunction38
Sexy::StoryScreen,vftable_for_Widget,005a1794,38,0x98,vfunction39,0046e370,Sexy::Widget::vfunction39
Sexy::StoryScreen,vftable_for_Widget,005a1794,39,0x9c,vfunction40,0046e210,Sexy::Widget::vfunction40
Sexy::StoryScreen,vftable_for_Widget,005a1794,40,0xa0,vfunction41,0046e1b0,Sexy::Widget::vfunction41
Sexy::StoryScreen,vftable_for_Widget,005a1794,41,0xa4,vfunction42,0046e240,Sexy::Widget::vfunction42
Sexy::StoryScreen,vftable_for_Widget,005a1794,42,0xa8,vfunction43,0046e260,Sexy::Widget::vfunction43
Sexy::StoryScreen,vftable_for_Widget,005a1794,43,0xac,vfunction44,0046deb0,Sexy::Widget::vfunction44
Sexy::StoryScreen,vftable_for_Widget,005a1794,44,0xb0,vfunction45,0046c690,Sexy::ResourceManager::vfunction14
Sexy::StoryScreen,vftable_for_Widget,005a1794,45,0xb4,vfunction46,0046e2f0,Sexy::Widget::vfunction46
Sexy::StoryScreen,vftable_for_Widget,005a1794,46,0xb8,vfunction47,0046e300,Sexy::Widget::vfunction47
Sexy::StoryScreen,vftable_for_Widget,005a1794,47,0xbc,vfunction48,0051a440,Sexy::ListListener::vfunction2
Sexy::StoryScreen,vftable_for_Widget,005a1794,48,0xc0,vfunction49,0051a440,Sexy::ListListener::vfunction2
Sexy::StoryScreen,vftable_for_Widget,005a1794,49,0xc4,vfunction50,0046c690,Sexy::ResourceManager::vfunction14
Sexy::StoryScreen,vftable_for_Widget,005a1794,50,0xc8,vfunction51,00486bf0,Sexy::ResourceManager::BaseRes::vfunction2
Sexy::StoryScreen,vftable_for_Widget,005a1794,51,0xcc,vfunction52,00486bf0,Sexy::ResourceManager::BaseRes::vfunction2
Sexy::StoryScreen,vftable_for_Widget,005a1794,52,0xd0,vfunction53,0046eb50,Sexy::DialogListener::vfunction1
Sexy::StoryScreen,vftable_for_Widget,005a1794,53,0xd4,vfunction54,0046e400,Sexy::MusicInterface::vfunction13
Sexy::StoryScreen,vftable_for_Widget,005a1794,54,0xd8,vfunction55,0051a430,Sexy::StoryScreen::vfunction55_for_Widget
Sexy::StoryScreen,vftable_for_Widget,005a1794,55,0xdc,vfunction56,0046e400,Sexy::MusicInterface::vfunction13
Sexy::StoryScreen,vftable_for_Widget,005a1794,56,0xe0,vfunction57,0046e410,Sexy::Widget::vfunction57
Sexy::StoryScreen,vftable_for_Widget,005a1794,57,0xe4,vfunction58,0046eb50,Sexy::DialogListener::vfunction1
Sexy::StoryScreen,vftable_for_Widget,005a1794,58,0xe8,vfunction59,0046eb50,Sexy::DialogListener::vfunction1
Sexy::StoryScreen,vftable_for_Widget,005a1794,59,0xec,vfunction60,0046c690,Sexy::ResourceManager::vfunction14
Sexy::StoryScreen,vftable_for_Widget,005a1794,60,0xf0,vfunction61,0046de70,Sexy::Widget::vfunction61
Sexy::StoryScreen,vftable_for_Widget,005a1794,61,0xf4,vfunction62,0046e500,Sexy::Widget::vfunction62
Sexy::StoryScreen,vftable_for_Widget,005a1794,62,0xf8,vfunction63,0046e480,Sexy::Widget::vfunction63
Sexy::StoryScreen,vftable_for_Widget,005a1794,63,0xfc,vfunction64,0046e620,Sexy::Widget::vfunction64
Sexy::StoryScreen,vftable_for_Widget,005a1794,64,0x100,vfunction65,0046e670,Sexy::Widget::vfunction65
Sexy::StoryScreen,vftable_for_Widget,005a1794,65,0x104,vfunction66,0046e6b0,Sexy::Widget::vfunction66
Sexy::StoryScreen,vftable_for_Widget,005a1794,66,0x108,vfunction67,0046e6d0,Sexy::Widget::vfunction67
Sexy::StoryScreen,vftable_for_Widget,005a1794,67,0x10c,vfunction68,0046e700,Sexy::Widget::vfunction68
Sexy::StoryScreen,vftable_for_Widget,005a1794,68,0x110,vfunction69,0046e800,Sexy::Widget::vfunction69
Sexy::StoryScreen,vftable_for_Widget,005a1794,69,0x114,vfunction70,0046e840,Sexy::Widget::vfunction70
Sexy::TankScreen,vftable_for_ButtonListener,005a18b0,0,0x0,vfunction1,0046ca30,Sexy::ButtonListener::vfunction1
Sexy::TankScreen,vftable_for_ButtonListener,005a18b0,1,0x4,vfunction2,0051a6f0,Sexy::HatchScreen::vfunction2
Sexy::TankScreen,vftable_for_ButtonListener,005a18b0,2,0x8,vfunction3,0051b6c0,Sexy::TankScreen::vfunction3_for_ButtonListener
Sexy::TankScreen,vftable_for_ButtonListener,005a18b0,3,0xc,vfunction4,0051a440,Sexy::ListListener::vfunction2
Sexy::TankScreen,vftable_for_ButtonListener,005a18b0,4,0x10,vfunction5,0046c690,Sexy::ResourceManager::vfunction14
Sexy::TankScreen,vftable_for_ButtonListener,005a18b0,5,0x14,vfunction6,0046c690,Sexy::ResourceManager::vfunction14
Sexy::TankScreen,vftable_for_ButtonListener,005a18b0,6,0x18,vfunction7,0049b300,Sexy::Image::vfunction3
Sexy::TankScreen,vftable_for_Widget,005a18d4,0,0x0,vfunction1,0051b690,Sexy::TankScreen::deleting_destructor_for_Widget
Sexy::TankScreen,vftable_for_Widget,005a18d4,1,0x4,vfunction2,0046b5b0,Sexy::WidgetContainer::vfunction2
Sexy::TankScreen,vftable_for_Widget,005a18d4,2,0x8,vfunction3,0046b5d0,Sexy::WidgetContainer::vfunction3
Sexy::TankScreen,vftable_for_Widget,005a18d4,3,0xc,vfunction4,0046b640,Sexy::WidgetContainer::vfunction4
Sexy::TankScreen,vftable_for_Widget,005a18d4,4,0x10,vfunction5,0046b760,Sexy::WidgetContainer::vfunction5
Sexy::TankScreen,vftable_for_Widget,005a18d4,5,0x14,vfunction6,0046b700,Sexy::WidgetContainer::vfunction6
Sexy::TankScreen,vftable_for_Widget,005a18d4,6,0x18,vfunction7,0046c690,Sexy::ResourceManager::vfunction14
Sexy::TankScreen,vftable_for_Widget,005a18d4,7,0x1c,vfunction8,0046b550,Sexy::WidgetContainer::vfunction8
Sexy::TankScreen,vftable_for_Widget,005a18d4,8,0x20,vfunction9,0046c690,Sexy::ResourceManager::vfunction14
Sexy::TankScreen,vftable_for_Widget,005a18d4,9,0x24,vfunction10,0046ba90,Sexy::WidgetContainer::vfunction10
Sexy::TankScreen,vftable_for_Widget,005a18d4,10,0x28,vfunction11,0046bab0,Sexy::WidgetContainer::vfunction11
Sexy::TankScreen,vftable_for_Widget,005a18d4,11,0x2c,vfunction12,0046bc50,Sexy::WidgetContainer::vfunction12
Sexy::TankScreen,vftable_for_Widget,005a18d4,12,0x30,vfunction13,0046bd20,Sexy::WidgetContainer::vfunction13
Sexy::TankScreen,vftable_for_Widget,005a18d4,13,0x34,vfunction14,0046bdf0,Sexy::WidgetContainer::vfunction14
Sexy::TankScreen,vftable_for_Widget,005a18d4,14,0x38,vfunction15,0046bf00,Sexy::WidgetContainer::vfunction15
Sexy::TankScreen,vftable_for_Widget,005a18d4,15,0x3c,vfunction16,0046c030,Sexy::WidgetContainer::vfunction16
Sexy::TankScreen,vftable_for_Widget,005a18d4,16,0x40,vfunction17,0046c430,Sexy::WidgetContainer::vfunction17
Sexy::TankScreen,vftable_for_Widget,005a18d4,17,0x44,vfunction18,0046c180,Sexy::WidgetContainer::vfunction18
Sexy::TankScreen,vftable_for_Widget,005a18d4,18,0x48,vfunction19,0046c1c0,Sexy::WidgetContainer::vfunction19
Sexy::TankScreen,vftable_for_Widget,005a18d4,19,0x4c,vfunction20,0046c1a0,Sexy::WidgetContainer::vfunction20
Sexy::TankScreen,vftable_for_Widget,005a18d4,20,0x50,vfunction21,0051a500,Sexy::TankScreen::vfunction21_for_Widget
Sexy::TankScreen,vftable_for_Widget,005a18d4,21,0x54,vfunction22,0051a600,Sexy::TankScreen::vfunction22_for_Widget
Sexy::TankScreen,vftable_for_Widget,005a18d4,22,0x58,vfunction23,0051a6e0,Sexy::TankScreen::vfunction23_for_Widget
Sexy::TankScreen,vftable_for_Widget,005a18d4,23,0x5c,vfunction24,0046c500,Sexy::WidgetContainer::vfunction24
Sexy::TankScreen,vftable_for_Widget,005a18d4,24,0x60,vfunction25,0046c690,Sexy::ResourceManager::vfunction14
Sexy::TankScreen,vftable_for_Widget,005a18d4,25,0x64,vfunction26,0046c6a0,Sexy::WidgetContainer::vfunction26
Sexy::TankScreen,vftable_for_Widget,005a18d4,26,0x68,vfunction27,0052ce30,Sexy::TankScreen::vfunction27_for_Widget
Sexy::TankScreen,vftable_for_Widget,005a18d4,27,0x6c,vfunction28,0046c7f0,Sexy::WidgetContainer::vfunction28
Sexy::TankScreen,vftable_for_Widget,005a18d4,28,0x70,vfunction29,0046c9c0,Sexy::WidgetContainer::vfunction29
Sexy::TankScreen,vftable_for_Widget,005a18d4,29,0x74,vfunction30,00486bf0,Sexy::ResourceManager::BaseRes::vfunction2
Sexy::TankScreen,vftable_for_Widget,005a18d4,30,0x78,vfunction31,00486bf0,Sexy::ResourceManager::BaseRes::vfunction2
Sexy::TankScreen,vftable_for_Widget,005a18d4,31,0x7c,vfunction32,0046de80,Sexy::Widget::vfunction32
Sexy::TankScreen,vftable_for_Widget,005a18d4,32,0x80,vfunction33,0046df70,Sexy::Widget::vfunction33
Sexy::TankScreen,vftable_for_Widget,005a18d4,33,0x84,vfunction34,0046ded0,Sexy::Widget::vfunction34
Sexy::TankScreen,vftable_for_Widget,005a18d4,34,0x88,vfunction35,0046e010,Sexy::Widget::vfunction35
Sexy::TankScreen,vftable_for_Widget,005a18d4,35,0x8c,vfunction36,0046e130,Sexy::Widget::vfunction36
Sexy::TankScreen,vftable_for_Widget,005a18d4,36,0x90,vfunction37,0046e0c0,Sexy::Widget::vfunction37
Sexy::TankScreen,vftable_for_Widget,005a18d4,37,0x94,vfunction38,0046e270,Sexy::Widget::vfunction38
Sexy::TankScreen,vftable_for_Widget,005a18d4,38,0x98,vfunction39,0046e370,Sexy::Widget::vfunction39
Sexy::TankScreen,vftable_for_Widget,005a18d4,39,0x9c,vfunction40,0046e210,Sexy::Widget::vfunction40
Sexy::TankScreen,vftable_for_Widget,005a18d4,40,0xa0,vfunction41,0046e1b0,Sexy::Widget::vfunction41
Sexy::TankScreen,vftable_for_Widget,005a18d4,41,0xa4,vfunction42,0046e240,Sexy::Widget::vfunction42
Sexy::TankScreen,vftable_for_Widget,005a18d4,42,0xa8,vfunction43,0046e260,Sexy::Widget::vfunction43
Sexy::TankScreen,vftable_for_Widget,005a18d4,43,0xac,vfunction44,0046deb0,Sexy::Widget::vfunction44
Sexy::TankScreen,vftable_for_Widget,005a18d4,44,0xb0,vfunction45,0046c690,Sexy::ResourceManager::vfunction14
Sexy::TankScreen,vftable_for_Widget,005a18d4,45,0xb4,vfunction46,0046e2f0,Sexy::Widget::vfunction46
Sexy::TankScreen,vftable_for_Widget,005a18d4,46,0xb8,vfunction47,0046e300,Sexy::Widget::vfunction47
Sexy::TankScreen,vftable_for_Widget,005a18d4,47,0xbc,vfunction48,0046c690,Sexy::ResourceManager::vfunction14
Sexy::TankScreen,vftable_for_Widget,005a18d4,48,0xc0,vfunction49,0046e320,Sexy::Widget::vfunction49
Sexy::TankScreen,vftable_for_Widget,005a18d4,49,0xc4,vfunction50,0046c690,Sexy::ResourceManager::vfunction14
Sexy::TankScreen,vftable_for_Widget,005a18d4,50,0xc8,vfunction51,00486bf0,Sexy::ResourceManager::BaseRes::vfunction2
Sexy::TankScreen,vftable_for_Widget,005a18d4,51,0xcc,vfunction52,00486bf0,Sexy::ResourceManager::BaseRes::vfunction2
Sexy::TankScreen,vftable_for_Widget,005a18d4,52,0xd0,vfunction53,0046eb50,Sexy::DialogListener::vfunction1
Sexy::TankScreen,vftable_for_Widget,005a18d4,53,0xd4,vfunction54,0046e400,Sexy::MusicInterface::vfunction13
Sexy::TankScreen,vftable_for_Widget,005a18d4,54,0xd8,vfunction55,0046e3a0,Sexy::Widget::vfunction55
Sexy::TankScreen,vftable_for_Widget,005a18d4,55,0xdc,vfunction56,0046e400,Sexy::MusicInterface::vfunction13
Sexy::TankScreen,vftable_for_Widget,005a18d4,56,0xe0,vfunction57,0046e410,Sexy::Widget::vfunction57
Sexy::TankScreen,vftable_for_Widget,005a18d4,57,0xe4,vfunction58,0046eb50,Sexy::DialogListener::vfunction1
Sexy::TankScreen,vftable_for_Widget,005a18d4,58,0xe8,vfunction59,0046eb50,Sexy::DialogListener::vfunction1
Sexy::TankScreen,vftable_for_Widget,005a18d4,59,0xec,vfunction60,0046c690,Sexy::ResourceManager::vfunction14
Sexy::TankScreen,vftable_for_Widget,005a18d4,60,0xf0,vfunction61,0046de70,Sexy::Widget::vfunction61
Sexy::TankScreen,vftable_for_Widget,005a18d4,61,0xf4,vfunction62,0046e500,Sexy::Widget::vfunction62
Sexy::TankScreen,vftable_for_Widget,005a18d4,62,0xf8,vfunction63,0046e480,Sexy::Widget::vfunction63
Sexy::TankScreen,vftable_for_Widget,005a18d4,63,0xfc,vfunction64,0046e620,Sexy::Widget::vfunction64
Sexy::TankScreen,vftable_for_Widget,005a18d4,64,0x100,vfunction65,0046e670,Sexy::Widget::vfunction65
Sexy::TankScreen,vftable_for_Widget,005a18d4,65,0x104,vfunction66,0046e6b0,Sexy::Widget::vfunction66
Sexy::TankScreen,vftable_for_Widget,005a18d4,66,0x108,vfunction67,0046e6d0,Sexy::Widget::vfunction67
Sexy::TankScreen,vftable_for_Widget,005a18d4,67,0x10c,vfunction68,0046e700,Sexy::Widget::vfunction68
Sexy::TankScreen,vftable_for_Widget,005a18d4,68,0x110,vfunction69,0046e800,Sexy::Widget::vfunction69
Sexy::TankScreen,vftable_for_Widget,005a18d4,69,0x114,vfunction70,0046e840,Sexy::Widget::vfunction70
Sexy::BonusScreen,vftable_1,005a1fa4,0,0x0,vfunction1,0046ca30,Sexy::ButtonListener::vfunction1
Sexy::BonusScreen,vftable_1,005a1fa4,1,0x4,vfunction2,00517560,Sexy::BonusScreen::vfunction2
Sexy::BonusScreen,vftable_1,005a1fa4,2,0x8,vfunction3,0051e060,Sexy::BonusScreen::vfunction3
Sexy::BonusScreen,vftable_1,005a1fa4,3,0xc,vfunction4,0046c690,Sexy::ResourceManager::vfunction14
Sexy::BonusScreen,vftable_1,005a1fa4,4,0x10,vfunction5,0046c690,Sexy::ResourceManager::vfunction14
Sexy::BonusScreen,vftable_1,005a1fa4,5,0x14,vfunction6,0046c690,Sexy::ResourceManager::vfunction14
Sexy::BonusScreen,vftable_1,005a1fa4,6,0x18,vfunction7,0049b300,Sexy::Image::vfunction3
Sexy::BonusScreen,vftable,005a1fc4,0,0x0,vfunction1,0051c270,Sexy::BonusScreen::deleting_destructor
Sexy::BonusScreen,vftable,005a1fc4,1,0x4,vfunction2,0046b5b0,Sexy::WidgetContainer::vfunction2
Sexy::BonusScreen,vftable,005a1fc4,2,0x8,vfunction3,0046b5d0,Sexy::WidgetContainer::vfunction3
Sexy::BonusScreen,vftable,005a1fc4,3,0xc,vfunction4,0046b640,Sexy::WidgetContainer::vfunction4
Sexy::BonusScreen,vftable,005a1fc4,4,0x10,vfunction5,0046b760,Sexy::WidgetContainer::vfunction5
Sexy::BonusScreen,vftable,005a1fc4,5,0x14,vfunction6,0046b700,Sexy::WidgetContainer::vfunction6
Sexy::BonusScreen,vftable,005a1fc4,6,0x18,vfunction7,0046c690,Sexy::ResourceManager::vfunction14
Sexy::BonusScreen,vftable,005a1fc4,7,0x1c,vfunction8,0046b550,Sexy::WidgetContainer::vfunction8
Sexy::BonusScreen,vftable,005a1fc4,8,0x20,vfunction9,0046c690,Sexy::ResourceManager::vfunction14
Sexy::BonusScreen,vftable,005a1fc4,9,0x24,vfunction10,0046ba90,Sexy::WidgetContainer::vfunction10
Sexy::BonusScreen,vftable,005a1fc4,10,0x28,vfunction11,0046bab0,Sexy::WidgetContainer::vfunction11
Sexy::BonusScreen,vftable,005a1fc4,11,0x2c,vfunction12,0046bc50,Sexy::WidgetContainer::vfunction12
Sexy::BonusScreen,vftable,005a1fc4,12,0x30,vfunction13,0046bd20,Sexy::WidgetContainer::vfunction13
Sexy::BonusScreen,vftable,005a1fc4,13,0x34,vfunction14,0046bdf0,Sexy::WidgetContainer::vfunction14
Sexy::BonusScreen,vftable,005a1fc4,14,0x38,vfunction15,0046bf00,Sexy::WidgetContainer::vfunction15
Sexy::BonusScreen,vftable,005a1fc4,15,0x3c,vfunction16,0046c030,Sexy::WidgetContainer::vfunction16
Sexy::BonusScreen,vftable,005a1fc4,16,0x40,vfunction17,0046c430,Sexy::WidgetContainer::vfunction17
Sexy::BonusScreen,vftable,005a1fc4,17,0x44,vfunction18,0046c180,Sexy::WidgetContainer::vfunction18
Sexy::BonusScreen,vftable,005a1fc4,18,0x48,vfunction19,0046c1c0,Sexy::WidgetContainer::vfunction19
Sexy::BonusScreen,vftable,005a1fc4,19,0x4c,vfunction20,0046c1a0,Sexy::WidgetContainer::vfunction20
Sexy::BonusScreen,vftable,005a1fc4,20,0x50,vfunction21,00516fd0,Sexy::BonusScreen::vfunction21
Sexy::BonusScreen,vftable,005a1fc4,21,0x54,vfunction22,00517030,Sexy::BonusScreen::vfunction22
Sexy::BonusScreen,vftable,005a1fc4,22,0x58,vfunction23,00517090,Sexy::BonusScreen::vfunction23
Sexy::BonusScreen,vftable,005a1fc4,23,0x5c,vfunction24,0046c500,Sexy::WidgetContainer::vfunction24
Sexy::BonusScreen,vftable,005a1fc4,24,0x60,vfunction25,0046c690,Sexy::ResourceManager::vfunction14
Sexy::BonusScreen,vftable,005a1fc4,25,0x64,vfunction26,0046c6a0,Sexy::WidgetContainer::vfunction26
Sexy::BonusScreen,vftable,005a1fc4,26,0x68,vfunction27,0051daa0,Sexy::BonusScreen::vfunction27
Sexy::BonusScreen,vftable,005a1fc4,27,0x6c,vfunction28,0046c7f0,Sexy::WidgetContainer::vfunction28
Sexy::BonusScreen,vftable,005a1fc4,28,0x70,vfunction29,0046c9c0,Sexy::WidgetContainer::vfunction29
Sexy::BonusScreen,vftable,005a1fc4,29,0x74,vfunction30,00486bf0,Sexy::ResourceManager::BaseRes::vfunction2
Sexy::BonusScreen,vftable,005a1fc4,30,0x78,vfunction31,00486bf0,Sexy::ResourceManager::BaseRes::vfunction2
Sexy::BonusScreen,vftable,005a1fc4,31,0x7c,vfunction32,0046de80,Sexy::Widget::vfunction32
Sexy::BonusScreen,vftable,005a1fc4,32,0x80,vfunction33,0046df70,Sexy::Widget::vfunction33
Sexy::BonusScreen,vftable,005a1fc4,33,0x84,vfunction34,0046ded0,Sexy::Widget::vfunction34
Sexy::BonusScreen,vftable,005a1fc4,34,0x88,vfunction35,0046e010,Sexy::Widget::vfunction35
Sexy::BonusScreen,vftable,005a1fc4,35,0x8c,vfunction36,0046e130,Sexy::Widget::vfunction36
Sexy::BonusScreen,vftable,005a1fc4,36,0x90,vfunction37,0046e0c0,Sexy::Widget::vfunction37
Sexy::BonusScreen,vftable,005a1fc4,37,0x94,vfunction38,0046e270,Sexy::Widget::vfunction38
Sexy::BonusScreen,vftable,005a1fc4,38,0x98,vfunction39,0046e370,Sexy::Widget::vfunction39
Sexy::BonusScreen,vftable,005a1fc4,39,0x9c,vfunction40,0046e210,Sexy::Widget::vfunction40
Sexy::BonusScreen,vftable,005a1fc4,40,0xa0,vfunction41,0046e1b0,Sexy::Widget::vfunction41
Sexy::BonusScreen,vftable,005a1fc4,41,0xa4,vfunction42,0046e240,Sexy::Widget::vfunction42
Sexy::BonusScreen,vftable,005a1fc4,42,0xa8,vfunction43,0046e260,Sexy::Widget::vfunction43
Sexy::BonusScreen,vftable,005a1fc4,43,0xac,vfunction44,0046deb0,Sexy::Widget::vfunction44
Sexy::BonusScreen,vftable,005a1fc4,44,0xb0,vfunction45,0051dc70,Sexy::BonusScreen::vfunction45
Sexy::BonusScreen,vftable,005a1fc4,45,0xb4,vfunction46,0046e2f0,Sexy::Widget::vfunction46
Sexy::BonusScreen,vftable,005a1fc4,46,0xb8,vfunction47,0046e300,Sexy::Widget::vfunction47
Sexy::BonusScreen,vftable,005a1fc4,47,0xbc,vfunction48,0046c690,Sexy::ResourceManager::vfunction14
Sexy::BonusScreen,vftable,005a1fc4,48,0xc0,vfunction49,0046e320,Sexy::Widget::vfunction49
Sexy::BonusScreen,vftable,005a1fc4,49,0xc4,vfunction50,0046c690,Sexy::ResourceManager::vfunction14
Sexy::BonusScreen,vftable,005a1fc4,50,0xc8,vfunction51,00486bf0,Sexy::ResourceManager::BaseRes::vfunction2
Sexy::BonusScreen,vftable,005a1fc4,51,0xcc,vfunction52,00486bf0,Sexy::ResourceManager::BaseRes::vfunction2
Sexy::BonusScreen,vftable,005a1fc4,52,0xd0,vfunction53,0046eb50,Sexy::DialogListener::vfunction1
Sexy::BonusScreen,vftable,005a1fc4,53,0xd4,vfunction54,0046e400,Sexy::MusicInterface::vfunction13
Sexy::BonusScreen,vftable,005a1fc4,54,0xd8,vfunction55,0046e3a0,Sexy::Widget::vfunction55
Sexy::BonusScreen,vftable,005a1fc4,55,0xdc,vfunction56,0046e400,Sexy::MusicInterface::vfunction13
Sexy::BonusScreen,vftable,005a1fc4,56,0xe0,vfunction57,0046e410,Sexy::Widget::vfunction57
Sexy::BonusScreen,vftable,005a1fc4,57,0xe4,vfunction58,0046eb50,Sexy::DialogListener::vfunction1
Sexy::BonusScreen,vftable,005a1fc4,58,0xe8,vfunction59,0046eb50,Sexy::DialogListener::vfunction1
Sexy::BonusScreen,vftable,005a1fc4,59,0xec,vfunction60,0046c690,Sexy::ResourceManager::vfunction14
Sexy::BonusScreen,vftable,005a1fc4,60,0xf0,vfunction61,0046de70,Sexy::Widget::vfunction61
Sexy::BonusScreen,vftable,005a1fc4,61,0xf4,vfunction62,0046e500,Sexy::Widget::vfunction62
Sexy::BonusScreen,vftable,005a1fc4,62,0xf8,vfunction63,0046e480,Sexy::Widget::vfunction63
Sexy::BonusScreen,vftable,005a1fc4,63,0xfc,vfunction64,0046e620,Sexy::Widget::vfunction64
Sexy::BonusScreen,vftable,005a1fc4,64,0x100,vfunction65,0046e670,Sexy::Widget::vfunction65
Sexy::BonusScreen,vftable,005a1fc4,65,0x104,vfunction66,0046e6b0,Sexy::Widget::vfunction66
Sexy::BonusScreen,vftable,005a1fc4,66,0x108,vfunction67,0046e6d0,Sexy::Widget::vfunction67
Sexy::BonusScreen,vftable,005a1fc4,67,0x10c,vfunction68,0046e700,Sexy::Widget::vfunction68
Sexy::BonusScreen,vftable,005a1fc4,68,0x110,vfunction69,0046e800,Sexy::Widget::vfunction69
Sexy::BonusScreen,vftable,005a1fc4,69,0x114,vfunction70,0046e840,Sexy::Widget::vfunction70
Sexy::TitleScreen,vftable_for_ButtonListener,005a20e4,0,0x0,vfunction1,0046ca30,Sexy::ButtonListener::vfunction1
Sexy::TitleScreen,vftable_for_ButtonListener,005a20e4,1,0x4,vfunction2,0051aa30,Sexy::TitleScreen::vfunction2_for_ButtonListener
Sexy::TitleScreen,vftable_for_ButtonListener,005a20e4,2,0x8,vfunction3,0051aa50,Sexy::TitleScreen::vfunction3_for_ButtonListener
Sexy::TitleScreen,vftable_for_ButtonListener,005a20e4,3,0xc,vfunction4,0046c690,Sexy::ResourceManager::vfunction14
Sexy::TitleScreen,vftable_for_ButtonListener,005a20e4,4,0x10,vfunction5,0046c690,Sexy::ResourceManager::vfunction14
Sexy::TitleScreen,vftable_for_ButtonListener,005a20e4,5,0x14,vfunction6,0046c690,Sexy::ResourceManager::vfunction14
Sexy::TitleScreen,vftable_for_ButtonListener,005a20e4,6,0x18,vfunction7,0049b300,Sexy::Image::vfunction3
Sexy::TitleScreen,vftable_for_Widget,005a2104,0,0x0,vfunction1,0051c2a0,Sexy::TitleScreen::deleting_destructor_for_Widget
Sexy::TitleScreen,vftable_for_Widget,005a2104,1,0x4,vfunction2,0046b5b0,Sexy::WidgetContainer::vfunction2
Sexy::TitleScreen,vftable_for_Widget,005a2104,2,0x8,vfunction3,0046b5d0,Sexy::WidgetContainer::vfunction3
Sexy::TitleScreen,vftable_for_Widget,005a2104,3,0xc,vfunction4,0046b640,Sexy::WidgetContainer::vfunction4
Sexy::TitleScreen,vftable_for_Widget,005a2104,4,0x10,vfunction5,0046b760,Sexy::WidgetContainer::vfunction5
Sexy::TitleScreen,vftable_for_Widget,005a2104,5,0x14,vfunction6,0046b700,Sexy::WidgetContainer::vfunction6
Sexy::TitleScreen,vftable_for_Widget,005a2104,6,0x18,vfunction7,0046c690,Sexy::ResourceManager::vfunction14
Sexy::TitleScreen,vftable_for_Widget,005a2104,7,0x1c,vfunction8,0046b550,Sexy::WidgetContainer::vfunction8
Sexy::TitleScreen,vftable_for_Widget,005a2104,8,0x20,vfunction9,0046c690,Sexy::ResourceManager::vfunction14
Sexy::TitleScreen,vftable_for_Widget,005a2104,9,0x24,vfunction10,0046ba90,Sexy::WidgetContainer::vfunction10
Sexy::TitleScreen,vftable_for_Widget,005a2104,10,0x28,vfunction11,0046bab0,Sexy::WidgetContainer::vfunction11
Sexy::TitleScreen,vftable_for_Widget,005a2104,11,0x2c,vfunction12,0046bc50,Sexy::WidgetContainer::vfunction12
Sexy::TitleScreen,vftable_for_Widget,005a2104,12,0x30,vfunction13,0046bd20,Sexy::WidgetContainer::vfunction13
Sexy::TitleScreen,vftable_for_Widget,005a2104,13,0x34,vfunction14,0046bdf0,Sexy::WidgetContainer::vfunction14
Sexy::TitleScreen,vftable_for_Widget,005a2104,14,0x38,vfunction15,0046bf00,Sexy::WidgetContainer::vfunction15
Sexy::TitleScreen,vftable_for_Widget,005a2104,15,0x3c,vfunction16,0046c030,Sexy::WidgetContainer::vfunction16
Sexy::TitleScreen,vftable_for_Widget,005a2104,16,0x40,vfunction17,0046c430,Sexy::WidgetContainer::vfunction17
Sexy::TitleScreen,vftable_for_Widget,005a2104,17,0x44,vfunction18,0046c180,Sexy::WidgetContainer::vfunction18
Sexy::TitleScreen,vftable_for_Widget,005a2104,18,0x48,vfunction19,0046c1c0,Sexy::WidgetContainer::vfunction19
Sexy::TitleScreen,vftable_for_Widget,005a2104,19,0x4c,vfunction20,0046c1a0,Sexy::WidgetContainer::vfunction20
Sexy::TitleScreen,vftable_for_Widget,005a2104,20,0x50,vfunction21,0051a9b0,Sexy::TitleScreen::vfunction21_for_Widget
Sexy::TitleScreen,vftable_for_Widget,005a2104,21,0x54,vfunction22,0051a9f0,Sexy::TitleScreen::vfunction22_for_Widget
Sexy::TitleScreen,vftable_for_Widget,005a2104,22,0x58,vfunction23,0051a7f0,Sexy::TitleScreen::vfunction23_for_Widget
Sexy::TitleScreen,vftable_for_Widget,005a2104,23,0x5c,vfunction24,0046c500,Sexy::WidgetContainer::vfunction24
Sexy::TitleScreen,vftable_for_Widget,005a2104,24,0x60,vfunction25,0046c690,Sexy::ResourceManager::vfunction14
Sexy::TitleScreen,vftable_for_Widget,005a2104,25,0x64,vfunction26,0046c6a0,Sexy::WidgetContainer::vfunction26
Sexy::TitleScreen,vftable_for_Widget,005a2104,26,0x68,vfunction27,0052d490,Sexy::TitleScreen::vfunction27_for_Widget
Sexy::TitleScreen,vftable_for_Widget,005a2104,27,0x6c,vfunction28,0046c7f0,Sexy::WidgetContainer::vfunction28
Sexy::TitleScreen,vftable_for_Widget,005a2104,28,0x70,vfunction29,0046c9c0,Sexy::WidgetContainer::vfunction29
Sexy::TitleScreen,vftable_for_Widget,005a2104,29,0x74,vfunction30,00486bf0,Sexy::ResourceManager::BaseRes::vfunction2
Sexy::TitleScreen,vftable_for_Widget,005a2104,30,0x78,vfunction31,00486bf0,Sexy::ResourceManager::BaseRes::vfunction2
Sexy::TitleScreen,vftable_for_Widget,005a2104,31,0x7c,vfunction32,0046de80,Sexy::Widget::vfunction32
Sexy::TitleScreen,vftable_for_Widget,005a2104,32,0x80,vfunction33,0046df70,Sexy::Widget::vfunction33
Sexy::TitleScreen,vftable_for_Widget,005a2104,33,0x84,vfunction34,0046ded0,Sexy::Widget::vfunction34
Sexy::TitleScreen,vftable_for_Widget,005a2104,34,0x88,vfunction35,0046e010,Sexy::Widget::vfunction35
Sexy::TitleScreen,vftable_for_Widget,005a2104,35,0x8c,vfunction36,0046e130,Sexy::Widget::vfunction36
Sexy::TitleScreen,vftable_for_Widget,005a2104,36,0x90,vfunction37,0046e0c0,Sexy::Widget::vfunction37
Sexy::TitleScreen,vftable_for_Widget,005a2104,37,0x94,vfunction38,0046e270,Sexy::Widget::vfunction38
Sexy::TitleScreen,vftable_for_Widget,005a2104,38,0x98,vfunction39,0046e370,Sexy::Widget::vfunction39
Sexy::TitleScreen,vftable_for_Widget,005a2104,39,0x9c,vfunction40,0046e210,Sexy::Widget::vfunction40
Sexy::TitleScreen,vftable_for_Widget,005a2104,40,0xa0,vfunction41,0051a7a0,Sexy::TitleScreen::vfunction41_for_Widget
Sexy::TitleScreen,vftable_for_Widget,005a2104,41,0xa4,vfunction42,0046e240,Sexy::Widget::vfunction42
Sexy::TitleScreen,vftable_for_Widget,005a2104,42,0xa8,vfunction43,0046e260,Sexy::Widget::vfunction43
Sexy::TitleScreen,vftable_for_Widget,005a2104,43,0xac,vfunction44,0046deb0,Sexy::Widget::vfunction44
Sexy::TitleScreen,vftable_for_Widget,005a2104,44,0xb0,vfunction45,0046c690,Sexy::ResourceManager::vfunction14
Sexy::TitleScreen,vftable_for_Widget,005a2104,45,0xb4,vfunction46,0046e2f0,Sexy::Widget::vfunction46
Sexy::TitleScreen,vftable_for_Widget,005a2104,46,0xb8,vfunction47,0046e300,Sexy::Widget::vfunction47
Sexy::TitleScreen,vftable_for_Widget,005a2104,47,0xbc,vfunction48,0046c690,Sexy::ResourceManager::vfunction14
Sexy::TitleScreen,vftable_for_Widget,005a2104,48,0xc0,vfunction49,0046e320,Sexy::Widget::vfunction49
Sexy::TitleScreen,vftable_for_Widget,005a2104,49,0xc4,vfunction50,0046c690,Sexy::ResourceManager::vfunction14
Sexy::TitleScreen,vftable_for_Widget,005a2104,50,0xc8,vfunction51,00486bf0,Sexy::ResourceManager::BaseRes::vfunction2
Sexy::TitleScreen,vftable_for_Widget,005a2104,51,0xcc,vfunction52,00486bf0,Sexy::ResourceManager::BaseRes::vfunction2
Sexy::TitleScreen,vftable_for_Widget,005a2104,52,0xd0,vfunction53,0046eb50,Sexy::DialogListener::vfunction1
Sexy::TitleScreen,vftable_for_Widget,005a2104,53,0xd4,vfunction54,0046e400,Sexy::MusicInterface::vfunction13
Sexy::TitleScreen,vftable_for_Widget,005a2104,54,0xd8,vfunction55,0046e3a0,Sexy::Widget::vfunction55
Sexy::TitleScreen,vftable_for_Widget,005a2104,55,0xdc,vfunction56,0046e400,Sexy::MusicInterface::vfunction13
Sexy::TitleScreen,vftable_for_Widget,005a2104,56,0xe0,vfunction57,0046e410,Sexy::Widget::vfunction57
Sexy::TitleScreen,vftable_for_Widget,005a2104,57,0xe4,vfunction58,0046eb50,Sexy::DialogListener::vfunction1
Sexy::TitleScreen,vftable_for_Widget,005a2104,58,0xe8,vfunction59,0046eb50,Sexy::DialogListener::vfunction1
Sexy::TitleScreen,vftable_for_Widget,005a2104,59,0xec,vfunction60,0046c690,Sexy::ResourceManager::vfunction14
Sexy::TitleScreen,vftable_for_Widget,005a2104,60,0xf0,vfunction61,0046de70,Sexy::Widget::vfunction61
Sexy::TitleScreen,vftable_for_Widget,005a2104,61,0xf4,vfunction62,0046e500,Sexy::Widget::vfunction62
Sexy::TitleScreen,vftable_for_Widget,005a2104,62,0xf8,vfunction63,0046e480,Sexy::Widget::vfunction63
Sexy::TitleScreen,vftable_for_Widget,005a2104,63,0xfc,vfunction64,0046e620,Sexy::Widget::vfunction64
Sexy::TitleScreen,vftable_for_Widget,005a2104,64,0x100,vfunction65,0046e670,Sexy::Widget::vfunction65
Sexy::TitleScreen,vftable_for_Widget,005a2104,65,0x104,vfunction66,0046e6b0,Sexy::Widget::vfunction66
Sexy::TitleScreen,vftable_for_Widget,005a2104,66,0x108,vfunction67,0046e6d0,Sexy::Widget::vfunction67
Sexy::TitleScreen,vftable_for_Widget,005a2104,67,0x10c,vfunction68,0046e700,Sexy::Widget::vfunction68
Sexy::TitleScreen,vftable_for_Widget,005a2104,68,0x110,vfunction69,0046e800,Sexy::Widget::vfunction69
Sexy::TitleScreen,vftable_for_Widget,005a2104,69,0x114,vfunction70,0046e840,Sexy::Widget::vfunction70
Sexy::GameSelector,vftable_1,005a2220,0,0x0,vfunction1,00517910,Sexy::GameSelector::vfunction1
Sexy::GameSelector,vftable_1,005a2220,1,0x4,vfunction2,0046c690,Sexy::ResourceManager::vfunction14
Sexy::GameSelector,vftable_1,005a2220,2,0x8,vfunction3,0051f160,Sexy::GameSelector::vfunction3
Sexy::GameSelector,vftable_1,005a2220,3,0xc,vfunction4,0046c690,Sexy::ResourceManager::vfunction14
Sexy::GameSelector,vftable_1,005a2220,4,0x10,vfunction5,0046c690,Sexy::ResourceManager::vfunction14
Sexy::GameSelector,vftable_1,005a2220,5,0x14,vfunction6,0046c690,Sexy::ResourceManager::vfunction14
Sexy::GameSelector,vftable_1,005a2220,6,0x18,vfunction7,0049b300,Sexy::Image::vfunction3
Sexy::GameSelector,vftable,005a2244,0,0x0,vfunction1,0051e250,Sexy::GameSelector::deleting_destructor
Sexy::GameSelector,vftable,005a2244,1,0x4,vfunction2,0046b5b0,Sexy::WidgetContainer::vfunction2
Sexy::GameSelector,vftable,005a2244,2,0x8,vfunction3,0046b5d0,Sexy::WidgetContainer::vfunction3
Sexy::GameSelector,vftable,005a2244,3,0xc,vfunction4,0046b640,Sexy::WidgetContainer::vfunction4
Sexy::GameSelector,vftable,005a2244,4,0x10,vfunction5,0046b760,Sexy::WidgetContainer::vfunction5
Sexy::GameSelector,vftable,005a2244,5,0x14,vfunction6,0046b700,Sexy::WidgetContainer::vfunction6
Sexy::GameSelector,vftable,005a2244,6,0x18,vfunction7,0046c690,Sexy::ResourceManager::vfunction14
Sexy::GameSelector,vftable,005a2244,7,0x1c,vfunction8,0046b550,Sexy::WidgetContainer::vfunction8
Sexy::GameSelector,vftable,005a2244,8,0x20,vfunction9,0046c690,Sexy::ResourceManager::vfunction14
Sexy::GameSelector,vftable,005a2244,9,0x24,vfunction10,0046ba90,Sexy::WidgetContainer::vfunction10
Sexy::GameSelector,vftable,005a2244,10,0x28,vfunction11,0046bab0,Sexy::WidgetContainer::vfunction11
Sexy::GameSelector,vftable,005a2244,11,0x2c,vfunction12,0046bc50,Sexy::WidgetContainer::vfunction12
Sexy::GameSelector,vftable,005a2244,12,0x30,vfunction13,0046bd20,Sexy::WidgetContainer::vfunction13
Sexy::GameSelector,vftable,005a2244,13,0x34,vfunction14,0046bdf0,Sexy::WidgetContainer::vfunction14
Sexy::GameSelector,vftable,005a2244,14,0x38,vfunction15,0046bf00,Sexy::WidgetContainer::vfunction15
Sexy::GameSelector,vftable,005a2244,15,0x3c,vfunction16,0046c030,Sexy::WidgetContainer::vfunction16
Sexy::GameSelector,vftable,005a2244,16,0x40,vfunction17,0046c430,Sexy::WidgetContainer::vfunction17
Sexy::GameSelector,vftable,005a2244,17,0x44,vfunction18,0046c180,Sexy::WidgetContainer::vfunction18
Sexy::GameSelector,vftable,005a2244,18,0x48,vfunction19,0046c1c0,Sexy::WidgetContainer::vfunction19
Sexy::GameSelector,vftable,005a2244,19,0x4c,vfunction20,0046c1a0,Sexy::WidgetContainer::vfunction20
Sexy::GameSelector,vftable,005a2244,20,0x50,vfunction21,0051ef10,Sexy::GameSelector::vfunction21
Sexy::GameSelector,vftable,005a2244,21,0x54,vfunction22,00517660,Sexy::GameSelector::vfunction22
Sexy::GameSelector,vftable,005a2244,22,0x58,vfunction23,0051ebe0,Sexy::GameSelector::vfunction23
Sexy::GameSelector,vftable,005a2244,23,0x5c,vfunction24,0046c500,Sexy::WidgetContainer::vfunction24
Sexy::GameSelector,vftable,005a2244,24,0x60,vfunction25,0046c690,Sexy::ResourceManager::vfunction14
Sexy::GameSelector,vftable,005a2244,25,0x64,vfunction26,0046c6a0,Sexy::WidgetContainer::vfunction26
Sexy::GameSelector,vftable,005a2244,26,0x68,vfunction27,0051e690,Sexy::GameSelector::vfunction27
Sexy::GameSelector,vftable,005a2244,27,0x6c,vfunction28,0046c7f0,Sexy::WidgetContainer::vfunction28
Sexy::GameSelector,vftable,005a2244,28,0x70,vfunction29,0046c9c0,Sexy::WidgetContainer::vfunction29
Sexy::GameSelector,vftable,005a2244,29,0x74,vfunction30,00486bf0,Sexy::ResourceManager::BaseRes::vfunction2
Sexy::GameSelector,vftable,005a2244,30,0x78,vfunction31,00517720,Sexy::GameSelector::vfunction31
Sexy::GameSelector,vftable,005a2244,31,0x7c,vfunction32,0046de80,Sexy::Widget::vfunction32
Sexy::GameSelector,vftable,005a2244,32,0x80,vfunction33,0046df70,Sexy::Widget::vfunction33
Sexy::GameSelector,vftable,005a2244,33,0x84,vfunction34,0046ded0,Sexy::Widget::vfunction34
Sexy::GameSelector,vftable,005a2244,34,0x88,vfunction35,0046e010,Sexy::Widget::vfunction35
Sexy::GameSelector,vftable,005a2244,35,0x8c,vfunction36,0046e130,Sexy::Widget::vfunction36
Sexy::GameSelector,vftable,005a2244,36,0x90,vfunction37,0046e0c0,Sexy::Widget::vfunction37
Sexy::GameSelector,vftable,005a2244,37,0x94,vfunction38,0046e270,Sexy::Widget::vfunction38
Sexy::GameSelector,vftable,005a2244,38,0x98,vfunction39,0046e370,Sexy::Widget::vfunction39
Sexy::GameSelector,vftable,005a2244,39,0x9c,vfunction40,0046e210,Sexy::Widget::vfunction40
Sexy::GameSelector,vftable,005a2244,40,0xa0,vfunction41,0046e1b0,Sexy::Widget::vfunction41
Sexy::GameSelector,vftable,005a2244,41,0xa4,vfunction42,0046e240,Sexy::Widget::vfunction42
Sexy::GameSelector,vftable,005a2244,42,0xa8,vfunction43,0046e260,Sexy::Widget::vfunction43
Sexy::GameSelector,vftable,005a2244,43,0xac,vfunction44,0046deb0,Sexy::Widget::vfunction44
Sexy::GameSelector,vftable,005a2244,44,0xb0,vfunction45,0051e810,Sexy::GameSelector::vfunction45
Sexy::GameSelector,vftable,005a2244,45,0xb4,vfunction46,0046e2f0,Sexy::Widget::vfunction46
Sexy::GameSelector,vftable,005a2244,46,0xb8,vfunction47,0046e300,Sexy::Widget::vfunction47
Sexy::GameSelector,vftable,005a2244,47,0xbc,vfunction48,005178b0,Sexy::GameSelector::vfunction48
Sexy::GameSelector,vftable,005a2244,48,0xc0,vfunction49,00517850,Sexy::GameSelector::vfunction49
Sexy::GameSelector,vftable,005a2244,49,0xc4,vfunction50,0046c690,Sexy::ResourceManager::vfunction14
Sexy::GameSelector,vftable,005a2244,50,0xc8,vfunction51,00486bf0,Sexy::ResourceManager::BaseRes::vfunction2
Sexy::GameSelector,vftable,005a2244,51,0xcc,vfunction52,00486bf0,Sexy::ResourceManager::BaseRes::vfunction2
Sexy::GameSelector,vftable,005a2244,52,0xd0,vfunction53,0046eb50,Sexy::DialogListener::vfunction1
Sexy::GameSelector,vftable,005a2244,53,0xd4,vfunction54,0046e400,Sexy::MusicInterface::vfunction13
Sexy::GameSelector,vftable,005a2244,54,0xd8,vfunction55,0051ada0,Sexy::GameSelector::vfunction55
Sexy::GameSelector,vftable,005a2244,55,0xdc,vfunction56,0046e400,Sexy::MusicInterface::vfunction13
Sexy::GameSelector,vftable,005a2244,56,0xe0,vfunction57,0046e410,Sexy::Widget::vfunction57
Sexy::GameSelector,vftable,005a2244,57,0xe4,vfunction58,0046eb50,Sexy::DialogListener::vfunction1
Sexy::GameSelector,vftable,005a2244,58,0xe8,vfunction59,0046eb50,Sexy::DialogListener::vfunction1
Sexy::GameSelector,vftable,005a2244,59,0xec,vfunction60,0046c690,Sexy::ResourceManager::vfunction14
Sexy::GameSelector,vftable,005a2244,60,0xf0,vfunction61,0046de70,Sexy::Widget::vfunction61
Sexy::GameSelector,vftable,005a2244,61,0xf4,vfunction62,0046e500,Sexy::Widget::vfunction62
Sexy::GameSelector,vftable,005a2244,62,0xf8,vfunction63,0046e480,Sexy::Widget::vfunction63
Sexy::GameSelector,vftable,005a2244,63,0xfc,vfunction64,0046e620,Sexy::Widget::vfunction64
Sexy::GameSelector,vftable,005a2244,64,0x100,vfunction65,0046e670,Sexy::Widget::vfunction65
Sexy::GameSelector,vftable,005a2244,65,0x104,vfunction66,0046e6b0,Sexy::Widget::vfunction66
Sexy::GameSelector,vftable,005a2244,66,0x108,vfunction67,0046e6d0,Sexy::Widget::vfunction67
Sexy::GameSelector,vftable,005a2244,67,0x10c,vfunction68,0046e700,Sexy::Widget::vfunction68
Sexy::GameSelector,vftable,005a2244,68,0x110,vfunction69,0046e800,Sexy::Widget::vfunction69
Sexy::GameSelector,vftable,005a2244,69,0x114,vfunction70,0046e840,Sexy::Widget::vfunction70
Sexy::FishButtonWidget,vftable,005a5c2c,0,0x0,vfunction1,00532550,Sexy::FishButtonWidget::deleting_destructor
Sexy::FishButtonWidget,vftable,005a5c2c,1,0x4,vfunction2,0046b5b0,Sexy::WidgetContainer::vfunction2
Sexy::FishButtonWidget,vftable,005a5c2c,2,0x8,vfunction3,0046b5d0,Sexy::WidgetContainer::vfunction3
Sexy::FishButtonWidget,vftable,005a5c2c,3,0xc,vfunction4,0046b640,Sexy::WidgetContainer::vfunction4
Sexy::FishButtonWidget,vftable,005a5c2c,4,0x10,vfunction5,0046b760,Sexy::WidgetContainer::vfunction5
Sexy::FishButtonWidget,vftable,005a5c2c,5,0x14,vfunction6,0046b700,Sexy::WidgetContainer::vfunction6
Sexy::FishButtonWidget,vftable,005a5c2c,6,0x18,vfunction7,0046c690,Sexy::ResourceManager::vfunction14
Sexy::FishButtonWidget,vftable,005a5c2c,7,0x1c,vfunction8,0046b550,Sexy::WidgetContainer::vfunction8
Sexy::FishButtonWidget,vftable,005a5c2c,8,0x20,vfunction9,0046c690,Sexy::ResourceManager::vfunction14
Sexy::FishButtonWidget,vftable,005a5c2c,9,0x24,vfunction10,0046ba90,Sexy::WidgetContainer::vfunction10
Sexy::FishButtonWidget,vftable,005a5c2c,10,0x28,vfunction11,0046bab0,Sexy::WidgetContainer::vfunction11
Sexy::FishButtonWidget,vftable,005a5c2c,11,0x2c,vfunction12,0046bc50,Sexy::WidgetContainer::vfunction12
Sexy::FishButtonWidget,vftable,005a5c2c,12,0x30,vfunction13,0046bd20,Sexy::WidgetContainer::vfunction13
Sexy::FishButtonWidget,vftable,005a5c2c,13,0x34,vfunction14,0046bdf0,Sexy::WidgetContainer::vfunction14
Sexy::FishButtonWidget,vftable,005a5c2c,14,0x38,vfunction15,0046bf00,Sexy::WidgetContainer::vfunction15
Sexy::FishButtonWidget,vftable,005a5c2c,15,0x3c,vfunction16,0046c030,Sexy::WidgetContainer::vfunction16
Sexy::FishButtonWidget,vftable,005a5c2c,16,0x40,vfunction17,0046c430,Sexy::WidgetContainer::vfunction17
Sexy::FishButtonWidget,vftable,005a5c2c,17,0x44,vfunction18,0046c180,Sexy::WidgetContainer::vfunction18
Sexy::FishButtonWidget,vftable,005a5c2c,18,0x48,vfunction19,0046c1c0,Sexy::WidgetContainer::vfunction19
Sexy::FishButtonWidget,vftable,005a5c2c,19,0x4c,vfunction20,0046c1a0,Sexy::WidgetContainer::vfunction20
Sexy::FishButtonWidget,vftable,005a5c2c,20,0x50,vfunction21,0046c090,Sexy::WidgetContainer::vfunction21
Sexy::FishButtonWidget,vftable,005a5c2c,21,0x54,vfunction22,0046c100,Sexy::WidgetContainer::vfunction22
Sexy::FishButtonWidget,vftable,005a5c2c,22,0x58,vfunction23,00530190,Sexy::FishButtonWidget::vfunction23
Sexy::FishButtonWidget,vftable,005a5c2c,23,0x5c,vfunction24,0046c500,Sexy::WidgetContainer::vfunction24
Sexy::FishButtonWidget,vftable,005a5c2c,24,0x60,vfunction25,0046c690,Sexy::ResourceManager::vfunction14
Sexy::FishButtonWidget,vftable,005a5c2c,25,0x64,vfunction26,0046c6a0,Sexy::WidgetContainer::vfunction26
Sexy::FishButtonWidget,vftable,005a5c2c,26,0x68,vfunction27,005301b0,Sexy::FishButtonWidget::vfunction27
Sexy::FishButtonWidget,vftable,005a5c2c,27,0x6c,vfunction28,0046c7f0,Sexy::WidgetContainer::vfunction28
Sexy::FishButtonWidget,vftable,005a5c2c,28,0x70,vfunction29,0046c9c0,Sexy::WidgetContainer::vfunction29
Sexy::FishButtonWidget,vftable,005a5c2c,29,0x74,vfunction30,00486bf0,Sexy::ResourceManager::BaseRes::vfunction2
Sexy::FishButtonWidget,vftable,005a5c2c,30,0x78,vfunction31,00486bf0,Sexy::ResourceManager::BaseRes::vfunction2
Sexy::FishButtonWidget,vftable,005a5c2c,31,0x7c,vfunction32,0046de80,Sexy::Widget::vfunction32
Sexy::FishButtonWidget,vftable,005a5c2c,32,0x80,vfunction33,0046df70,Sexy::Widget::vfunction33
Sexy::FishButtonWidget,vftable,005a5c2c,33,0x84,vfunction34,0046ded0,Sexy::Widget::vfunction34
Sexy::FishButtonWidget,vftable,005a5c2c,34,0x88,vfunction35,0046e010,Sexy::Widget::vfunction35
Sexy::FishButtonWidget,vftable,005a5c2c,35,0x8c,vfunction36,0046e130,Sexy::Widget::vfunction36
Sexy::FishButtonWidget,vftable,005a5c2c,36,0x90,vfunction37,0046e0c0,Sexy::Widget::vfunction37
Sexy::FishButtonWidget,vftable,005a5c2c,37,0x94,vfunction38,00475900,Sexy::ButtonWidget::vfunction38
Sexy::FishButtonWidget,vftable,005a5c2c,38,0x98,vfunction39,0046e370,Sexy::Widget::vfunction39
Sexy::FishButtonWidget,vftable,005a5c2c,39,0x9c,vfunction40,0046e210,Sexy::Widget::vfunction40
Sexy::FishButtonWidget,vftable,005a5c2c,40,0xa0,vfunction41,0046e1b0,Sexy::Widget::vfunction41
Sexy::FishButtonWidget,vftable,005a5c2c,41,0xa4,vfunction42,0046e240,Sexy::Widget::vfunction42
Sexy::FishButtonWidget,vftable,005a5c2c,42,0xa8,vfunction43,0046e260,Sexy::Widget::vfunction43
Sexy::FishButtonWidget,vftable,005a5c2c,43,0xac,vfunction44,0046deb0,Sexy::Widget::vfunction44
Sexy::FishButtonWidget,vftable,005a5c2c,44,0xb0,vfunction45,0046c690,Sexy::ResourceManager::vfunction14
Sexy::FishButtonWidget,vftable,005a5c2c,45,0xb4,vfunction46,0046e2f0,Sexy::Widget::vfunction46
Sexy::FishButtonWidget,vftable,005a5c2c,46,0xb8,vfunction47,0046e300,Sexy::Widget::vfunction47
Sexy::FishButtonWidget,vftable,005a5c2c,47,0xbc,vfunction48,0046c690,Sexy::ResourceManager::vfunction14
Sexy::FishButtonWidget,vftable,005a5c2c,48,0xc0,vfunction49,0046e320,Sexy::Widget::vfunction49
Sexy::FishButtonWidget,vftable,005a5c2c,49,0xc4,vfunction50,0046c690,Sexy::ResourceManager::vfunction14
Sexy::FishButtonWidget,vftable,005a5c2c,50,0xc8,vfunction51,00475930,Sexy::ButtonWidget::vfunction51
Sexy::FishButtonWidget,vftable,005a5c2c,51,0xcc,vfunction52,004759e0,Sexy::ButtonWidget::vfunction52
Sexy::FishButtonWidget,vftable,005a5c2c,52,0xd0,vfunction53,00475ac0,Sexy::ButtonWidget::vfunction53
Sexy::FishButtonWidget,vftable,005a5c2c,53,0xd4,vfunction54,00475af0,Sexy::ButtonWidget::vfunction54
Sexy::FishButtonWidget,vftable,005a5c2c,54,0xd8,vfunction55,0046e3a0,thunk 00470b50 -> Sexy::Widget::vfunction55
Sexy::FishButtonWidget,vftable,005a5c2c,55,0xdc,vfunction56,00475b20,Sexy::ButtonWidget::vfunction56
Sexy::FishButtonWidget,vftable,005a5c2c,56,0xe0,vfunction57,0046e410,thunk 0046eb40 -> Sexy::Widget::vfunction57
Sexy::FishButtonWidget,vftable,005a5c2c,57,0xe4,vfunction58,0046eb50,Sexy::DialogListener::vfunction1
Sexy::FishButtonWidget,vftable,005a5c2c,58,0xe8,vfunction59,0046eb50,Sexy::DialogListener::vfunction1
Sexy::FishButtonWidget,vftable,005a5c2c,59,0xec,vfunction60,0046c690,Sexy::ResourceManager::vfunction14
Sexy::FishButtonWidget,vftable,005a5c2c,60,0xf0,vfunction61,0046de70,Sexy::Widget::vfunction61
Sexy::FishButtonWidget,vftable,005a5c2c,61,0xf4,vfunction62,0046e500,Sexy::Widget::vfunction62
Sexy::FishButtonWidget,vftable,005a5c2c,62,0xf8,vfunction63,0046e480,Sexy::Widget::vfunction63
Sexy::FishButtonWidget,vftable,005a5c2c,63,0xfc,vfunction64,0046e620,Sexy::Widget::vfunction64
Sexy::FishButtonWidget,vftable,005a5c2c,64,0x100,vfunction65,0046e670,Sexy::Widget::vfunction65
Sexy::FishButtonWidget,vftable,005a5c2c,65,0x104,vfunction66,0046e6b0,Sexy::Widget::vfunction66
Sexy::FishButtonWidget,vftable,005a5c2c,66,0x108,vfunction67,0046e6d0,Sexy::Widget::vfunction67
Sexy::FishButtonWidget,vftable,005a5c2c,67,0x10c,vfunction68,0046e700,Sexy::Widget::vfunction68
Sexy::FishButtonWidget,vftable,005a5c2c,68,0x110,vfunction69,0046e800,Sexy::Widget::vfunction69
Sexy::FishButtonWidget,vftable,005a5c2c,69,0x114,vfunction70,0046e840,Sexy::Widget::vfunction70
Sexy::FishButtonWidget,vftable,005a5c2c,70,0x118,vfunction71,004752e0,Sexy::ButtonWidget::vfunction71
Sexy::FishButtonWidget,vftable,005a5c2c,71,0x11c,vfunction72,00475270,Sexy::ButtonWidget::vfunction72
Sexy::FishButtonWidget,vftable,005a5c2c,72,0x120,vfunction73,004752a0,Sexy::ButtonWidget::vfunction73
Sexy::EditListener,vftable,005a5d54,0,0x0,vfunction1,00519120,Sexy::CheckboxListener::vfunction1
Sexy::EditListener,vftable,005a5d54,1,0x4,vfunction2,004d5350,Sexy::EditListener::vfunction2
Sexy::EditListener,vftable,005a5d54,2,0x8,vfunction3,004d5350,Sexy::EditListener::vfunction2
Sexy::EditListener,vftable,005a5d54,3,0xc,vfunction4,004d5350,Sexy::EditListener::vfunction2
Sexy::MoneyDialog,vftable_for_ButtonListener,005a5d68,0,0x0,vfunction1,0046ca30,Sexy::ButtonListener::vfunction1
Sexy::MoneyDialog,vftable_for_ButtonListener,005a5d68,1,0x4,vfunction2,00530ac0,Sexy::MoneyDialog::vfunction2_for_ButtonListener
Sexy::MoneyDialog,vftable_for_ButtonListener,005a5d68,2,0x8,vfunction3,00530ae0,Sexy::MoneyDialog::vfunction3_for_ButtonListener
Sexy::MoneyDialog,vftable_for_ButtonListener,005a5d68,3,0xc,vfunction4,0046c690,Sexy::ResourceManager::vfunction14
Sexy::MoneyDialog,vftable_for_ButtonListener,005a5d68,4,0x10,vfunction5,0046c690,Sexy::ResourceManager::vfunction14
Sexy::MoneyDialog,vftable_for_ButtonListener,005a5d68,5,0x14,vfunction6,0046c690,Sexy::ResourceManager::vfunction14
Sexy::MoneyDialog,vftable_for_ButtonListener,005a5d68,6,0x18,vfunction7,0049b300,Sexy::Image::vfunction3
Sexy::MoneyDialog,vftable_for_Widget,005a5d8c,0,0x0,vfunction1,005327c0,Sexy::MoneyDialog::deleting_destructor_for_Widget
Sexy::MoneyDialog,vftable_for_Widget,005a5d8c,1,0x4,vfunction2,0046b5b0,Sexy::WidgetContainer::vfunction2
Sexy::MoneyDialog,vftable_for_Widget,005a5d8c,2,0x8,vfunction3,0046b5d0,Sexy::WidgetContainer::vfunction3
Sexy::MoneyDialog,vftable_for_Widget,005a5d8c,3,0xc,vfunction4,0046b640,Sexy::WidgetContainer::vfunction4
Sexy::MoneyDialog,vftable_for_Widget,005a5d8c,4,0x10,vfunction5,0046b760,Sexy::WidgetContainer::vfunction5
Sexy::MoneyDialog,vftable_for_Widget,005a5d8c,5,0x14,vfunction6,0046b700,Sexy::WidgetContainer::vfunction6
Sexy::MoneyDialog,vftable_for_Widget,005a5d8c,6,0x18,vfunction7,0046c690,Sexy::ResourceManager::vfunction14
Sexy::MoneyDialog,vftable_for_Widget,005a5d8c,7,0x1c,vfunction8,0046b550,Sexy::WidgetContainer::vfunction8
Sexy::MoneyDialog,vftable_for_Widget,005a5d8c,8,0x20,vfunction9,0046c690,Sexy::ResourceManager::vfunction14
Sexy::MoneyDialog,vftable_for_Widget,005a5d8c,9,0x24,vfunction10,0046ba90,Sexy::WidgetContainer::vfunction10
Sexy::MoneyDialog,vftable_for_Widget,005a5d8c,10,0x28,vfunction11,0046bab0,Sexy::WidgetContainer::vfunction11
Sexy::MoneyDialog,vftable_for_Widget,005a5d8c,11,0x2c,vfunction12,0046bc50,Sexy::WidgetContainer::vfunction12
Sexy::MoneyDialog,vftable_for_Widget,005a5d8c,12,0x30,vfunction13,0046bd20,Sexy::WidgetContainer::vfunction13
Sexy::MoneyDialog,vftable_for_Widget,005a5d8c,13,0x34,vfunction14,0046bdf0,Sexy::WidgetContainer::vfunction14
Sexy::MoneyDialog,vftable_for_Widget,005a5d8c,14,0x38,vfunction15,0046bf00,Sexy::WidgetContainer::vfunction15
Sexy::MoneyDialog,vftable_for_Widget,005a5d8c,15,0x3c,vfunction16,0046c030,Sexy::WidgetContainer::vfunction16
Sexy::MoneyDialog,vftable_for_Widget,005a5d8c,16,0x40,vfunction17,0046c430,Sexy::WidgetContainer::vfunction17
Sexy::MoneyDialog,vftable_for_Widget,005a5d8c,17,0x44,vfunction18,0046c180,Sexy::WidgetContainer::vfunction18
Sexy::MoneyDialog,vftable_for_Widget,005a5d8c,18,0x48,vfunction19,0046c1c0,Sexy::WidgetContainer::vfunction19
Sexy::MoneyDialog,vftable_for_Widget,005a5d8c,19,0x4c,vfunction20,0046c1a0,Sexy::WidgetContainer::vfunction20
Sexy::MoneyDialog,vftable_for_Widget,005a5d8c,20,0x50,vfunction21,00476a30,Sexy::Dialog::vfunction21_for_Widget
Sexy::MoneyDialog,vftable_for_Widget,005a5d8c,21,0x54,vfunction22,00476a70,Sexy::Dialog::vfunction22_for_Widget
Sexy::MoneyDialog,vftable_for_Widget,005a5d8c,22,0x58,vfunction23,00530a70,Sexy::MoneyDialog::vfunction23_for_Widget
Sexy::MoneyDialog,vftable_for_Widget,005a5d8c,23,0x5c,vfunction24,0046c500,Sexy::WidgetContainer::vfunction24
Sexy::MoneyDialog,vftable_for_Widget,005a5d8c,24,0x60,vfunction25,0046c690,Sexy::ResourceManager::vfunction14
Sexy::MoneyDialog,vftable_for_Widget,005a5d8c,25,0x64,vfunction26,0046c6a0,Sexy::WidgetContainer::vfunction26
Sexy::MoneyDialog,vftable_for_Widget,005a5d8c,26,0x68,vfunction27,00476710,Sexy::Dialog::vfunction27_for_Widget
Sexy::MoneyDialog,vftable_for_Widget,005a5d8c,27,0x6c,vfunction28,0046c7f0,Sexy::WidgetContainer::vfunction28
Sexy::MoneyDialog,vftable_for_Widget,005a5d8c,28,0x70,vfunction29,0046c9c0,Sexy::WidgetContainer::vfunction29
Sexy::MoneyDialog,vftable_for_Widget,005a5d8c,29,0x74,vfunction30,00486bf0,Sexy::ResourceManager::BaseRes::vfunction2
Sexy::MoneyDialog,vftable_for_Widget,005a5d8c,30,0x78,vfunction31,00476ab0,Sexy::Dialog::vfunction31_for_Widget
Sexy::MoneyDialog,vftable_for_Widget,005a5d8c,31,0x7c,vfunction32,0046de80,Sexy::Widget::vfunction32
Sexy::MoneyDialog,vftable_for_Widget,005a5d8c,32,0x80,vfunction33,0046df70,Sexy::Widget::vfunction33
Sexy::MoneyDialog,vftable_for_Widget,005a5d8c,33,0x84,vfunction34,0046ded0,Sexy::Widget::vfunction34
Sexy::MoneyDialog,vftable_for_Widget,005a5d8c,34,0x88,vfunction35,004762d0,Sexy::Dialog::vfunction35_for_Widget
Sexy::MoneyDialog,vftable_for_Widget,005a5d8c,35,0x8c,vfunction36,0046e130,Sexy::Widget::vfunction36
Sexy::MoneyDialog,vftable_for_Widget,005a5d8c,36,0x90,vfunction37,0046e0c0,Sexy::Widget::vfunction37
Sexy::MoneyDialog,vftable_for_Widget,005a5d8c,37,0x94,vfunction38,0046e270,Sexy::Widget::vfunction38
Sexy::MoneyDialog,vftable_for_Widget,005a5d8c,38,0x98,vfunction39,0046e370,Sexy::Widget::vfunction39
Sexy::MoneyDialog,vftable_for_Widget,005a5d8c,39,0x9c,vfunction40,0046e210,Sexy::Widget::vfunction40
Sexy::MoneyDialog,vftable_for_Widget,005a5d8c,40,0xa0,vfunction41,00476af0,Sexy::Dialog::vfunction41_for_Widget
Sexy::MoneyDialog,vftable_for_Widget,005a5d8c,41,0xa4,vfunction42,0046e240,Sexy::Widget::vfunction42
Sexy::MoneyDialog,vftable_for_Widget,005a5d8c,42,0xa8,vfunction43,0046e260,Sexy::Widget::vfunction43
Sexy::MoneyDialog,vftable_for_Widget,005a5d8c,43,0xac,vfunction44,0046deb0,Sexy::Widget::vfunction44
Sexy::MoneyDialog,vftable_for_Widget,005a5d8c,44,0xb0,vfunction45,0046c690,Sexy::ResourceManager::vfunction14
Sexy::MoneyDialog,vftable_for_Widget,005a5d8c,45,0xb4,vfunction46,0046e2f0,Sexy::Widget::vfunction46
Sexy::MoneyDialog,vftable_for_Widget,005a5d8c,46,0xb8,vfunction47,0046e300,Sexy::Widget::vfunction47
Sexy::MoneyDialog,vftable_for_Widget,005a5d8c,47,0xbc,vfunction48,0046c690,Sexy::ResourceManager::vfunction14
Sexy::MoneyDialog,vftable_for_Widget,005a5d8c,48,0xc0,vfunction49,0046e320,Sexy::Widget::vfunction49
Sexy::MoneyDialog,vftable_for_Widget,005a5d8c,49,0xc4,vfunction50,0046c690,Sexy::ResourceManager::vfunction14
Sexy::MoneyDialog,vftable_for_Widget,005a5d8c,50,0xc8,vfunction51,00486bf0,Sexy::ResourceManager::BaseRes::vfunction2
Sexy::MoneyDialog,vftable_for_Widget,005a5d8c,51,0xcc,vfunction52,00486bf0,Sexy::ResourceManager::BaseRes::vfunction2
Sexy::MoneyDialog,vftable_for_Widget,005a5d8c,52,0xd0,vfunction53,0046eb50,Sexy::DialogListener::vfunction1
Sexy::MoneyDialog,vftable_for_Widget,005a5d8c,53,0xd4,vfunction54,00476c40,Sexy::Dialog::vfunction54_for_Widget
Sexy::MoneyDialog,vftable_for_Widget,005a5d8c,54,0xd8,vfunction55,0046e3a0,thunk 00470b50 -> Sexy::Widget::vfunction55
Sexy::MoneyDialog,vftable_for_Widget,005a5d8c,55,0xdc,vfunction56,00476d90,Sexy::Dialog::vfunction56_for_Widget
Sexy::MoneyDialog,vftable_for_Widget,005a5d8c,56,0xe0,vfunction57,0046e410,thunk 0046eb40 -> Sexy::Widget::vfunction57
Sexy::MoneyDialog,vftable_for_Widget,005a5d8c,57,0xe4,vfunction58,0046eb50,Sexy::DialogListener::vfunction1
Sexy::MoneyDialog,vftable_for_Widget,005a5d8c,58,0xe8,vfunction59,00476c80,Sexy::Dialog::vfunction59_for_Widget
Sexy::MoneyDialog,vftable_for_Widget,005a5d8c,59,0xec,vfunction60,0046c690,Sexy::ResourceManager::vfunction14
Sexy::MoneyDialog,vftable_for_Widget,005a5d8c,60,0xf0,vfunction61,0046de70,Sexy::Widget::vfunction61
Sexy::MoneyDialog,vftable_for_Widget,005a5d8c,61,0xf4,vfunction62,0046e500,Sexy::Widget::vfunction62
Sexy::MoneyDialog,vftable_for_Widget,005a5d8c,62,0xf8,vfunction63,0046e480,Sexy::Widget::vfunction63
Sexy::MoneyDialog,vftable_for_Widget,005a5d8c,63,0xfc,vfunction64,0046e620,Sexy::Widget::vfunction64
Sexy::MoneyDialog,vftable_for_Widget,005a5d8c,64,0x100,vfunction65,0046e670,Sexy::Widget::vfunction65
Sexy::MoneyDialog,vftable_for_Widget,005a5d8c,65,0x104,vfunction66,0046e6b0,Sexy::Widget::vfunction66
Sexy::MoneyDialog,vftable_for_Widget,005a5d8c,66,0x108,vfunction67,0046e6d0,Sexy::Widget::vfunction67
Sexy::MoneyDialog,vftable_for_Widget,005a5d8c,67,0x10c,vfunction68,0046e700,Sexy::Widget::vfunction68
Sexy::MoneyDialog,vftable_for_Widget,005a5d8c,68,0x110,vfunction69,0046e800,Sexy::Widget::vfunction69
Sexy::MoneyDialog,vftable_for_Widget,005a5d8c,69,0x114,vfunction70,0046e840,Sexy::Widget::vfunction70
Sexy::MoneyDialog,vftable_for_Widget,005a5d8c,70,0x118,vfunction71,00476360,Sexy::Dialog::vfunction71_for_Widget
Sexy::MoneyDialog,vftable_for_Widget,005a5d8c,71,0x11c,vfunction72,004763b0,Sexy::Dialog::vfunction72_for_Widget
Sexy::MoneyDialog,vftable_for_Widget,005a5d8c,72,0x120,vfunction73,004763e0,Sexy::Dialog::vfunction73_for_Widget
Sexy::MoneyDialog,vftable_for_Widget,005a5d8c,73,0x124,vfunction74,00476570,Sexy::Dialog::vfunction74_for_Widget
Sexy::MoneyDialog,vftable_for_Widget,005a5d8c,74,0x128,vfunction75,00476dd0,Sexy::Dialog::vfunction75_for_Widget
Sexy::MoneyDialog,vftable_for_Widget,005a5d8c,75,0x12c,vfunction76,00476de0,Sexy::Dialog::vfunction76_for_Widget
Sexy::MoneyDialog,vftable_for_Widget,005a5d8c,76,0x130,vfunction77,00530a30,Sexy::MoneyDialog::vfunction77_for_Widget
Sexy::MoneyDialog,vftable_for_Widget,005a5d8c,77,0x134,vfunction78,00530b00,Sexy::MoneyDialog::vfunction78_for_Widget
Sexy::NewUserDialog,vftable_2,005a5ec8,0,0x0,vfunction1,00530ce0,Sexy::NewUserDialog::vfunction1
Sexy::NewUserDialog,vftable_2,005a5ec8,1,0x4,vfunction2,004d5350,Sexy::EditListener::vfunction2
Sexy::NewUserDialog,vftable_2,005a5ec8,2,0x8,vfunction3,00530d00,Sexy::NewUserDialog::vfunction3
Sexy::NewUserDialog,vftable_2,005a5ec8,3,0xc,vfunction4,004d5350,Sexy::EditListener::vfunction2
Sexy::NewUserDialog,vftable_1,005a5edc,0,0x0,vfunction1,0046ca30,Sexy::ButtonListener::vfunction1
Sexy::NewUserDialog,vftable_1,005a5edc,1,0x4,vfunction2,00530ac0,Sexy::MoneyDialog::vfunction2_for_ButtonListener
Sexy::NewUserDialog,vftable_1,005a5edc,2,0x8,vfunction3,00530ae0,Sexy::MoneyDialog::vfunction3_for_ButtonListener
Sexy::NewUserDialog,vftable_1,005a5edc,3,0xc,vfunction4,0046c690,Sexy::ResourceManager::vfunction14
Sexy::NewUserDialog,vftable_1,005a5edc,4,0x10,vfunction5,0046c690,Sexy::ResourceManager::vfunction14
Sexy::NewUserDialog,vftable_1,005a5edc,5,0x14,vfunction6,0046c690,Sexy::ResourceManager::vfunction14
Sexy::NewUserDialog,vftable_1,005a5edc,6,0x18,vfunction7,0049b300,Sexy::Image::vfunction3
Sexy::NewUserDialog,vftable,005a5efc,0,0x0,vfunction1,005327f0,Sexy::NewUserDialog::deleting_destructor
Sexy::NewUserDialog,vftable,005a5efc,1,0x4,vfunction2,0046b5b0,Sexy::WidgetContainer::vfunction2
Sexy::NewUserDialog,vftable,005a5efc,2,0x8,vfunction3,0046b5d0,Sexy::WidgetContainer::vfunction3
Sexy::NewUserDialog,vftable,005a5efc,3,0xc,vfunction4,0046b640,Sexy::WidgetContainer::vfunction4
Sexy::NewUserDialog,vftable,005a5efc,4,0x10,vfunction5,0046b760,Sexy::WidgetContainer::vfunction5
Sexy::NewUserDialog,vftable,005a5efc,5,0x14,vfunction6,0046b700,Sexy::WidgetContainer::vfunction6
Sexy::NewUserDialog,vftable,005a5efc,6,0x18,vfunction7,0046c690,Sexy::ResourceManager::vfunction14
Sexy::NewUserDialog,vftable,005a5efc,7,0x1c,vfunction8,0046b550,Sexy::WidgetContainer::vfunction8
Sexy::NewUserDialog,vftable,005a5efc,8,0x20,vfunction9,0046c690,Sexy::ResourceManager::vfunction14
Sexy::NewUserDialog,vftable,005a5efc,9,0x24,vfunction10,0046ba90,Sexy::WidgetContainer::vfunction10
Sexy::NewUserDialog,vftable,005a5efc,10,0x28,vfunction11,0046bab0,Sexy::WidgetContainer::vfunction11
Sexy::NewUserDialog,vftable,005a5efc,11,0x2c,vfunction12,0046bc50,Sexy::WidgetContainer::vfunction12
Sexy::NewUserDialog,vftable,005a5efc,12,0x30,vfunction13,0046bd20,Sexy::WidgetContainer::vfunction13
Sexy::NewUserDialog,vftable,005a5efc,13,0x34,vfunction14,0046bdf0,Sexy::WidgetContainer::vfunction14
Sexy::NewUserDialog,vftable,005a5efc,14,0x38,vfunction15,0046bf00,Sexy::WidgetContainer::vfunction15
Sexy::NewUserDialog,vftable,005a5efc,15,0x3c,vfunction16,0046c030,Sexy::WidgetContainer::vfunction16
Sexy::NewUserDialog,vftable,005a5efc,16,0x40,vfunction17,0046c430,Sexy::WidgetContainer::vfunction17
Sexy::NewUserDialog,vftable,005a5efc,17,0x44,vfunction18,0046c180,Sexy::WidgetContainer::vfunction18
Sexy::NewUserDialog,vftable,005a5efc,18,0x48,vfunction19,0046c1c0,Sexy::WidgetContainer::vfunction19
Sexy::NewUserDialog,vftable,005a5efc,19,0x4c,vfunction20,0046c1a0,Sexy::WidgetContainer::vfunction20
Sexy::NewUserDialog,vftable,005a5efc,20,0x50,vfunction21,00530220,Sexy::NewUserDialog::vfunction21
Sexy::NewUserDialog,vftable,005a5efc,21,0x54,vfunction22,00530260,Sexy::NewUserDialog::vfunction22
Sexy::NewUserDialog,vftable,005a5efc,22,0x58,vfunction23,00530a70,Sexy::MoneyDialog::vfunction23_for_Widget
Sexy::NewUserDialog,vftable,005a5efc,23,0x5c,vfunction24,0046c500,Sexy::WidgetContainer::vfunction24
Sexy::NewUserDialog,vftable,005a5efc,24,0x60,vfunction25,0046c690,Sexy::ResourceManager::vfunction14
Sexy::NewUserDialog,vftable,005a5efc,25,0x64,vfunction26,0046c6a0,Sexy::WidgetContainer::vfunction26
Sexy::NewUserDialog,vftable,005a5efc,26,0x68,vfunction27,00530cb0,Sexy::NewUserDialog::vfunction27
Sexy::NewUserDialog,vftable,005a5efc,27,0x6c,vfunction28,0046c7f0,Sexy::WidgetContainer::vfunction28
Sexy::NewUserDialog,vftable,005a5efc,28,0x70,vfunction29,0046c9c0,Sexy::WidgetContainer::vfunction29
Sexy::NewUserDialog,vftable,005a5efc,29,0x74,vfunction30,00486bf0,Sexy::ResourceManager::BaseRes::vfunction2
Sexy::NewUserDialog,vftable,005a5efc,30,0x78,vfunction31,00476ab0,Sexy::Dialog::vfunction31_for_Widget
Sexy::NewUserDialog,vftable,005a5efc,31,0x7c,vfunction32,0046de80,Sexy::Widget::vfunction32
Sexy::NewUserDialog,vftable,005a5efc,32,0x80,vfunction33,0046df70,Sexy::Widget::vfunction33
Sexy::NewUserDialog,vftable,005a5efc,33,0x84,vfunction34,0046ded0,Sexy::Widget::vfunction34
Sexy::NewUserDialog,vftable,005a5efc,34,0x88,vfunction35,004762d0,Sexy::Dialog::vfunction35_for_Widget
Sexy::NewUserDialog,vftable,005a5efc,35,0x8c,vfunction36,0046e130,Sexy::Widget::vfunction36
Sexy::NewUserDialog,vftable,005a5efc,36,0x90,vfunction37,0046e0c0,Sexy::Widget::vfunction37
Sexy::NewUserDialog,vftable,005a5efc,37,0x94,vfunction38,0046e270,Sexy::Widget::vfunction38
Sexy::NewUserDialog,vftable,005a5efc,38,0x98,vfunction39,0046e370,Sexy::Widget::vfunction39
Sexy::NewUserDialog,vftable,005a5efc,39,0x9c,vfunction40,0046e210,Sexy::Widget::vfunction40
Sexy::NewUserDialog,vftable,005a5efc,40,0xa0,vfunction41,00530c60,Sexy::NewUserDialog::vfunction41
Sexy::NewUserDialog,vftable,005a5efc,41,0xa4,vfunction42,0046e240,Sexy::Widget::vfunction42
Sexy::NewUserDialog,vftable,005a5efc,42,0xa8,vfunction43,0046e260,Sexy::Widget::vfunction43
Sexy::NewUserDialog,vftable,005a5efc,43,0xac,vfunction44,0046deb0,Sexy::Widget::vfunction44
Sexy::NewUserDialog,vftable,005a5efc,44,0xb0,vfunction45,0046c690,Sexy::ResourceManager::vfunction14
Sexy::NewUserDialog,vftable,005a5efc,45,0xb4,vfunction46,0046e2f0,Sexy::Widget::vfunction46
Sexy::NewUserDialog,vftable,005a5efc,46,0xb8,vfunction47,0046e300,Sexy::Widget::vfunction47
Sexy::NewUserDialog,vftable,005a5efc,47,0xbc,vfunction48,0046c690,Sexy::ResourceManager::vfunction14
Sexy::NewUserDialog,vftable,005a5efc,48,0xc0,vfunction49,0046e320,Sexy::Widget::vfunction49
Sexy::NewUserDialog,vftable,005a5efc,49,0xc4,vfunction50,0046c690,Sexy::ResourceManager::vfunction14
Sexy::NewUserDialog,vftable,005a5efc,50,0xc8,vfunction51,00486bf0,Sexy::ResourceManager::BaseRes::vfunction2
Sexy::NewUserDialog,vftable,005a5efc,51,0xcc,vfunction52,00486bf0,Sexy::ResourceManager::BaseRes::vfunction2
Sexy::NewUserDialog,vftable,005a5efc,52,0xd0,vfunction53,0046eb50,Sexy::DialogListener::vfunction1
Sexy::NewUserDialog,vftable,005a5efc,53,0xd4,vfunction54,00476c40,Sexy::Dialog::vfunction54_for_Widget
Sexy::NewUserDialog,vftable,005a5efc,54,0xd8,vfunction55,0046e3a0,thunk 00470b50 -> Sexy::Widget::vfunction55
Sexy::NewUserDialog,vftable,005a5efc,55,0xdc,vfunction56,00476d90,Sexy::Dialog::vfunction56_for_Widget
Sexy::NewUserDialog,vftable,005a5efc,56,0xe0,vfunction57,0046e410,thunk 0046eb40 -> Sexy::Widget::vfunction57
Sexy::NewUserDialog,vftable,005a5efc,57,0xe4,vfunction58,0046eb50,Sexy::DialogListener::vfunction1
Sexy::NewUserDialog,vftable,005a5efc,58,0xe8,vfunction59,00476c80,Sexy::Dialog::vfunction59_for_Widget
Sexy::NewUserDialog,vftable,005a5efc,59,0xec,vfunction60,0046c690,Sexy::ResourceManager::vfunction14
Sexy::NewUserDialog,vftable,005a5efc,60,0xf0,vfunction61,0046de70,Sexy::Widget::vfunction61
Sexy::NewUserDialog,vftable,005a5efc,61,0xf4,vfunction62,0046e500,Sexy::Widget::vfunction62
Sexy::NewUserDialog,vftable,005a5efc,62,0xf8,vfunction63,0046e480,Sexy::Widget::vfunction63
Sexy::NewUserDialog,vftable,005a5efc,63,0xfc,vfunction64,0046e620,Sexy::Widget::vfunction64
Sexy::NewUserDialog,vftable,005a5efc,64,0x100,vfunction65,0046e670,Sexy::Widget::vfunction65
Sexy::NewUserDialog,vftable,005a5efc,65,0x104,vfunction66,0046e6b0,Sexy::Widget::vfunction66
Sexy::NewUserDialog,vftable,005a5efc,66,0x108,vfunction67,0046e6d0,Sexy::Widget::vfunction67
Sexy::NewUserDialog,vftable,005a5efc,67,0x10c,vfunction68,0046e700,Sexy::Widget::vfunction68
Sexy::NewUserDialog,vftable,005a5efc,68,0x110,vfunction69,0046e800,Sexy::Widget::vfunction69
Sexy::NewUserDialog,vftable,005a5efc,69,0x114,vfunction70,0046e840,Sexy::Widget::vfunction70
Sexy::NewUserDialog,vftable,005a5efc,70,0x118,vfunction71,00476360,Sexy::Dialog::vfunction71_for_Widget
Sexy::NewUserDialog,vftable,005a5efc,71,0x11c,vfunction72,004763b0,Sexy::Dialog::vfunction72_for_Widget
Sexy::NewUserDialog,vftable,005a5efc,72,0x120,vfunction73,004763e0,Sexy::Dialog::vfunction73_for_Widget
Sexy::NewUserDialog,vftable,005a5efc,73,0x124,vfunction74,00530010,Sexy::NewUserDialog::vfunction74
Sexy::NewUserDialog,vftable,005a5efc,74,0x128,vfunction75,00476dd0,Sexy::Dialog::vfunction75_for_Widget
Sexy::NewUserDialog,vftable,005a5efc,75,0x12c,vfunction76,00476de0,Sexy::Dialog::vfunction76_for_Widget
Sexy::NewUserDialog,vftable,005a5efc,76,0x130,vfunction77,00530a30,Sexy::MoneyDialog::vfunction77_for_Widget
Sexy::NewUserDialog,vftable,005a5efc,77,0x134,vfunction78,00530b00,Sexy::MoneyDialog::vfunction78_for_Widget
Sexy::SliderListener,vftable,005a6038,0,0x0,vfunction1,00531e70,Sexy::SliderListener::vfunction1
Sexy::OptionsDialog,vftable_3,005a6040,0,0x0,vfunction1,00537220,Sexy::OptionsDialog::vfunction1
Sexy::OptionsDialog,vftable_2,005a6048,0,0x0,vfunction1,00531270,Sexy::OptionsDialog::vfunction1
Sexy::OptionsDialog,vftable_1,005a6050,0,0x0,vfunction1,0046ca30,Sexy::ButtonListener::vfunction1
Sexy::OptionsDialog,vftable_1,005a6050,1,0x4,vfunction2,00530ac0,Sexy::MoneyDialog::vfunction2_for_ButtonListener
Sexy::OptionsDialog,vftable_1,005a6050,2,0x8,vfunction3,00535430,Sexy::OptionsDialog::vfunction3
Sexy::OptionsDialog,vftable_1,005a6050,3,0xc,vfunction4,0046c690,Sexy::ResourceManager::vfunction14
Sexy::OptionsDialog,vftable_1,005a6050,4,0x10,vfunction5,0046c690,Sexy::ResourceManager::vfunction14
Sexy::OptionsDialog,vftable_1,005a6050,5,0x14,vfunction6,0046c690,Sexy::ResourceManager::vfunction14
Sexy::OptionsDialog,vftable_1,005a6050,6,0x18,vfunction7,0049b300,Sexy::Image::vfunction3
Sexy::OptionsDialog,vftable,005a6074,0,0x0,vfunction1,00532870,Sexy::OptionsDialog::deleting_destructor
Sexy::OptionsDialog,vftable,005a6074,1,0x4,vfunction2,0046b5b0,Sexy::WidgetContainer::vfunction2
Sexy::OptionsDialog,vftable,005a6074,2,0x8,vfunction3,0046b5d0,Sexy::WidgetContainer::vfunction3
Sexy::OptionsDialog,vftable,005a6074,3,0xc,vfunction4,0046b640,Sexy::WidgetContainer::vfunction4
Sexy::OptionsDialog,vftable,005a6074,4,0x10,vfunction5,0046b760,Sexy::WidgetContainer::vfunction5
Sexy::OptionsDialog,vftable,005a6074,5,0x14,vfunction6,0046b700,Sexy::WidgetContainer::vfunction6
Sexy::OptionsDialog,vftable,005a6074,6,0x18,vfunction7,0046c690,Sexy::ResourceManager::vfunction14
Sexy::OptionsDialog,vftable,005a6074,7,0x1c,vfunction8,0046b550,Sexy::WidgetContainer::vfunction8
Sexy::OptionsDialog,vftable,005a6074,8,0x20,vfunction9,0046c690,Sexy::ResourceManager::vfunction14
Sexy::OptionsDialog,vftable,005a6074,9,0x24,vfunction10,0046ba90,Sexy::WidgetContainer::vfunction10
Sexy::OptionsDialog,vftable,005a6074,10,0x28,vfunction11,0046bab0,Sexy::WidgetContainer::vfunction11
Sexy::OptionsDialog,vftable,005a6074,11,0x2c,vfunction12,0046bc50,Sexy::WidgetContainer::vfunction12
Sexy::OptionsDialog,vftable,005a6074,12,0x30,vfunction13,0046bd20,Sexy::WidgetContainer::vfunction13
Sexy::OptionsDialog,vftable,005a6074,13,0x34,vfunction14,0046bdf0,Sexy::WidgetContainer::vfunction14
Sexy::OptionsDialog,vftable,005a6074,14,0x38,vfunction15,0046bf00,Sexy::WidgetContainer::vfunction15
Sexy::OptionsDialog,vftable,005a6074,15,0x3c,vfunction16,0046c030,Sexy::WidgetContainer::vfunction16
Sexy::OptionsDialog,vftable,005a6074,16,0x40,vfunction17,0046c430,Sexy::WidgetContainer::vfunction17
Sexy::OptionsDialog,vftable,005a6074,17,0x44,vfunction18,0046c180,Sexy::WidgetContainer::vfunction18
Sexy::OptionsDialog,vftable,005a6074,18,0x48,vfunction19,0046c1c0,Sexy::WidgetContainer::vfunction19
Sexy::OptionsDialog,vftable,005a6074,19,0x4c,vfunction20,0046c1a0,Sexy::WidgetContainer::vfunction20
Sexy::OptionsDialog,vftable,005a6074,20,0x50,vfunction21,00530eb0,Sexy::OptionsDialog::vfunction21
Sexy::OptionsDialog,vftable,005a6074,21,0x54,vfunction22,00530f70,Sexy::OptionsDialog::vfunction22
Sexy::OptionsDialog,vftable,005a6074,22,0x58,vfunction23,00530a70,Sexy::MoneyDialog::vfunction23_for_Widget
Sexy::OptionsDialog,vftable,005a6074,23,0x5c,vfunction24,0046c500,Sexy::WidgetContainer::vfunction24
Sexy::OptionsDialog,vftable,005a6074,24,0x60,vfunction25,0046c690,Sexy::ResourceManager::vfunction14
Sexy::OptionsDialog,vftable,005a6074,25,0x64,vfunction26,0046c6a0,Sexy::WidgetContainer::vfunction26
Sexy::OptionsDialog,vftable,005a6074,26,0x68,vfunction27,00534f60,Sexy::OptionsDialog::vfunction27
Sexy::OptionsDialog,vftable,005a6074,27,0x6c,vfunction28,0046c7f0,Sexy::WidgetContainer::vfunction28
Sexy::OptionsDialog,vftable,005a6074,28,0x70,vfunction29,0046c9c0,Sexy::WidgetContainer::vfunction29
Sexy::OptionsDialog,vftable,005a6074,29,0x74,vfunction30,00486bf0,Sexy::ResourceManager::BaseRes::vfunction2
Sexy::OptionsDialog,vftable,005a6074,30,0x78,vfunction31,00476ab0,Sexy::Dialog::vfunction31_for_Widget
Sexy::OptionsDialog,vftable,005a6074,31,0x7c,vfunction32,0046de80,Sexy::Widget::vfunction32
Sexy::OptionsDialog,vftable,005a6074,32,0x80,vfunction33,0046df70,Sexy::Widget::vfunction33
Sexy::OptionsDialog,vftable,005a6074,33,0x84,vfunction34,0046ded0,Sexy::Widget::vfunction34
Sexy::OptionsDialog,vftable,005a6074,34,0x88,vfunction35,004762d0,Sexy::Dialog::vfunction35_for_Widget
Sexy::OptionsDialog,vftable,005a6074,35,0x8c,vfunction36,0046e130,Sexy::Widget::vfunction36
Sexy::OptionsDialog,vftable,005a6074,36,0x90,vfunction37,0046e0c0,Sexy::Widget::vfunction37
Sexy::OptionsDialog,vftable,005a6074,37,0x94,vfunction38,0046e270,Sexy::Widget::vfunction38
Sexy::OptionsDialog,vftable,005a6074,38,0x98,vfunction39,0046e370,Sexy::Widget::vfunction39
Sexy::OptionsDialog,vftable,005a6074,39,0x9c,vfunction40,0046e210,Sexy::Widget::vfunction40
Sexy::OptionsDialog,vftable,005a6074,40,0xa0,vfunction41,00531030,Sexy::OptionsDialog::vfunction41
Sexy::OptionsDialog,vftable,005a6074,41,0xa4,vfunction42,0046e240,Sexy::Widget::vfunction42
Sexy::OptionsDialog,vftable,005a6074,42,0xa8,vfunction43,0046e260,Sexy::Widget::vfunction43
Sexy::OptionsDialog,vftable,005a6074,43,0xac,vfunction44,0046deb0,Sexy::Widget::vfunction44
Sexy::OptionsDialog,vftable,005a6074,44,0xb0,vfunction45,0046c690,Sexy::ResourceManager::vfunction14
Sexy::OptionsDialog,vftable,005a6074,45,0xb4,vfunction46,0046e2f0,Sexy::Widget::vfunction46
Sexy::OptionsDialog,vftable,005a6074,46,0xb8,vfunction47,0046e300,Sexy::Widget::vfunction47
Sexy::OptionsDialog,vftable,005a6074,47,0xbc,vfunction48,0046c690,Sexy::ResourceManager::vfunction14
Sexy::OptionsDialog,vftable,005a6074,48,0xc0,vfunction49,0046e320,Sexy::Widget::vfunction49
Sexy::OptionsDialog,vftable,005a6074,49,0xc4,vfunction50,0046c690,Sexy::ResourceManager::vfunction14
Sexy::OptionsDialog,vftable,005a6074,50,0xc8,vfunction51,00486bf0,Sexy::ResourceManager::BaseRes::vfunction2
Sexy::OptionsDialog,vftable,005a6074,51,0xcc,vfunction52,00486bf0,Sexy::ResourceManager::BaseRes::vfunction2
Sexy::OptionsDialog,vftable,005a6074,52,0xd0,vfunction53,0046eb50,Sexy::DialogListener::vfunction1
Sexy::OptionsDialog,vftable,005a6074,53,0xd4,vfunction54,00476c40,Sexy::Dialog::vfunction54_for_Widget
Sexy::OptionsDialog,vftable,005a6074,54,0xd8,vfunction55,0046e3a0,thunk 00470b50 -> Sexy::Widget::vfunction55
Sexy::OptionsDialog,vftable,005a6074,55,0xdc,vfunction56,00476d90,Sexy::Dialog::vfunction56_for_Widget
Sexy::OptionsDialog,vftable,005a6074,56,0xe0,vfunction57,0046e410,thunk 0046eb40 -> Sexy::Widget::vfunction57
Sexy::OptionsDialog,vftable,005a6074,57,0xe4,vfunction58,0046eb50,Sexy::DialogListener::vfunction1
Sexy::OptionsDialog,vftable,005a6074,58,0xe8,vfunction59,00476c80,Sexy::Dialog::vfunction59_for_Widget
Sexy::OptionsDialog,vftable,005a6074,59,0xec,vfunction60,0046c690,Sexy::ResourceManager::vfunction14
Sexy::OptionsDialog,vftable,005a6074,60,0xf0,vfunction61,0046de70,Sexy::Widget::vfunction61
Sexy::OptionsDialog,vftable,005a6074,61,0xf4,vfunction62,0046e500,Sexy::Widget::vfunction62
Sexy::OptionsDialog,vftable,005a6074,62,0xf8,vfunction63,0046e480,Sexy::Widget::vfunction63
Sexy::OptionsDialog,vftable,005a6074,63,0xfc,vfunction64,0046e620,Sexy::Widget::vfunction64
Sexy::OptionsDialog,vftable,005a6074,64,0x100,vfunction65,0046e670,Sexy::Widget::vfunction65
Sexy::OptionsDialog,vftable,005a6074,65,0x104,vfunction66,0046e6b0,Sexy::Widget::vfunction66
Sexy::OptionsDialog,vftable,005a6074,66,0x108,vfunction67,0046e6d0,Sexy::Widget::vfunction67
Sexy::OptionsDialog,vftable,005a6074,67,0x10c,vfunction68,0046e700,Sexy::Widget::vfunction68
Sexy::OptionsDialog,vftable,005a6074,68,0x110,vfunction69,0046e800,Sexy::Widget::vfunction69
Sexy::OptionsDialog,vftable,005a6074,69,0x114,vfunction70,0046e840,Sexy::Widget::vfunction70
Sexy::OptionsDialog,vftable,005a6074,70,0x118,vfunction71,00476360,Sexy::Dialog::vfunction71_for_Widget
Sexy::OptionsDialog,vftable,005a6074,71,0x11c,vfunction72,004763b0,Sexy::Dialog::vfunction72_for_Widget
Sexy::OptionsDialog,vftable,005a6074,72,0x120,vfunction73,004763e0,Sexy::Dialog::vfunction73_for_Widget
Sexy::OptionsDialog,vftable,005a6074,73,0x124,vfunction74,00530e60,Sexy::OptionsDialog::vfunction74
Sexy::OptionsDialog,vftable,005a6074,74,0x128,vfunction75,00476dd0,Sexy::Dialog::vfunction75_for_Widget
Sexy::OptionsDialog,vftable,005a6074,75,0x12c,vfunction76,00476de0,Sexy::Dialog::vfunction76_for_Widget
Sexy::OptionsDialog,vftable,005a6074,76,0x130,vfunction77,00530a30,Sexy::MoneyDialog::vfunction77_for_Widget
Sexy::OptionsDialog,vftable,005a6074,77,0x134,vfunction78,005351b0,Sexy::OptionsDialog::vfunction78
Sexy::PetButtonWidget,vftable,005a61b4,0,0x0,vfunction1,00532990,Sexy::PetButtonWidget::deleting_destructor
Sexy::PetButtonWidget,vftable,005a61b4,1,0x4,vfunction2,0046b5b0,Sexy::WidgetContainer::vfunction2
Sexy::PetButtonWidget,vftable,005a61b4,2,0x8,vfunction3,0046b5d0,Sexy::WidgetContainer::vfunction3
Sexy::PetButtonWidget,vftable,005a61b4,3,0xc,vfunction4,0046b640,Sexy::WidgetContainer::vfunction4
Sexy::PetButtonWidget,vftable,005a61b4,4,0x10,vfunction5,0046b760,Sexy::WidgetContainer::vfunction5
Sexy::PetButtonWidget,vftable,005a61b4,5,0x14,vfunction6,0046b700,Sexy::WidgetContainer::vfunction6
Sexy::PetButtonWidget,vftable,005a61b4,6,0x18,vfunction7,0046c690,Sexy::ResourceManager::vfunction14
Sexy::PetButtonWidget,vftable,005a61b4,7,0x1c,vfunction8,0046b550,Sexy::WidgetContainer::vfunction8
Sexy::PetButtonWidget,vftable,005a61b4,8,0x20,vfunction9,0046c690,Sexy::ResourceManager::vfunction14
Sexy::PetButtonWidget,vftable,005a61b4,9,0x24,vfunction10,0046ba90,Sexy::WidgetContainer::vfunction10
Sexy::PetButtonWidget,vftable,005a61b4,10,0x28,vfunction11,0046bab0,Sexy::WidgetContainer::vfunction11
Sexy::PetButtonWidget,vftable,005a61b4,11,0x2c,vfunction12,0046bc50,Sexy::WidgetContainer::vfunction12
Sexy::PetButtonWidget,vftable,005a61b4,12,0x30,vfunction13,0046bd20,Sexy::WidgetContainer::vfunction13
Sexy::PetButtonWidget,vftable,005a61b4,13,0x34,vfunction14,0046bdf0,Sexy::WidgetContainer::vfunction14
Sexy::PetButtonWidget,vftable,005a61b4,14,0x38,vfunction15,0046bf00,Sexy::WidgetContainer::vfunction15
Sexy::PetButtonWidget,vftable,005a61b4,15,0x3c,vfunction16,0046c030,Sexy::WidgetContainer::vfunction16
Sexy::PetButtonWidget,vftable,005a61b4,16,0x40,vfunction17,0046c430,Sexy::WidgetContainer::vfunction17
Sexy::PetButtonWidget,vftable,005a61b4,17,0x44,vfunction18,0046c180,Sexy::WidgetContainer::vfunction18
Sexy::PetButtonWidget,vftable,005a61b4,18,0x48,vfunction19,0046c1c0,Sexy::WidgetContainer::vfunction19
Sexy::PetButtonWidget,vftable,005a61b4,19,0x4c,vfunction20,0046c1a0,Sexy::WidgetContainer::vfunction20
Sexy::PetButtonWidget,vftable,005a61b4,20,0x50,vfunction21,0046c090,Sexy::WidgetContainer::vfunction21
Sexy::PetButtonWidget,vftable,005a61b4,21,0x54,vfunction22,0046c100,Sexy::WidgetContainer::vfunction22
Sexy::PetButtonWidget,vftable,005a61b4,22,0x58,vfunction23,00475b60,Sexy::ButtonWidget::vfunction23
Sexy::PetButtonWidget,vftable,005a61b4,23,0x5c,vfunction24,0046c500,Sexy::WidgetContainer::vfunction24
Sexy::PetButtonWidget,vftable,005a61b4,24,0x60,vfunction25,0046c690,Sexy::ResourceManager::vfunction14
Sexy::PetButtonWidget,vftable,005a61b4,25,0x64,vfunction26,0046c6a0,Sexy::WidgetContainer::vfunction26
Sexy::PetButtonWidget,vftable,005a61b4,26,0x68,vfunction27,00531300,Sexy::PetButtonWidget::vfunction27
Sexy::PetButtonWidget,vftable,005a61b4,27,0x6c,vfunction28,0046c7f0,Sexy::WidgetContainer::vfunction28
Sexy::PetButtonWidget,vftable,005a61b4,28,0x70,vfunction29,0046c9c0,Sexy::WidgetContainer::vfunction29
Sexy::PetButtonWidget,vftable,005a61b4,29,0x74,vfunction30,00486bf0,Sexy::ResourceManager::BaseRes::vfunction2
Sexy::PetButtonWidget,vftable,005a61b4,30,0x78,vfunction31,00486bf0,Sexy::ResourceManager::BaseRes::vfunction2
Sexy::PetButtonWidget,vftable,005a61b4,31,0x7c,vfunction32,0046de80,Sexy::Widget::vfunction32
Sexy::PetButtonWidget,vftable,005a61b4,32,0x80,vfunction33,0046df70,Sexy::Widget::vfunction33
Sexy::PetButtonWidget,vftable,005a61b4,33,0x84,vfunction34,0046ded0,Sexy::Widget::vfunction34
Sexy::PetButtonWidget,vftable,005a61b4,34,0x88,vfunction35,0046e010,Sexy::Widget::vfunction35
Sexy::PetButtonWidget,vftable,005a61b4,35,0x8c,vfunction36,0046e130,Sexy::Widget::vfunction36
Sexy::PetButtonWidget,vftable,005a61b4,36,0x90,vfunction37,0046e0c0,Sexy::Widget::vfunction37
Sexy::PetButtonWidget,vftable,005a61b4,37,0x94,vfunction38,00475900,Sexy::ButtonWidget::vfunction38
Sexy::PetButtonWidget,vftable,005a61b4,38,0x98,vfunction39,0046e370,Sexy::Widget::vfunction39
Sexy::PetButtonWidget,vftable,005a61b4,39,0x9c,vfunction40,0046e210,Sexy::Widget::vfunction40
Sexy::PetButtonWidget,vftable,005a61b4,40,0xa0,vfunction41,0046e1b0,Sexy::Widget::vfunction41
Sexy::PetButtonWidget,vftable,005a61b4,41,0xa4,vfunction42,0046e240,Sexy::Widget::vfunction42
Sexy::PetButtonWidget,vftable,005a61b4,42,0xa8,vfunction43,0046e260,Sexy::Widget::vfunction43
Sexy::PetButtonWidget,vftable,005a61b4,43,0xac,vfunction44,0046deb0,Sexy::Widget::vfunction44
Sexy::PetButtonWidget,vftable,005a61b4,44,0xb0,vfunction45,0046c690,Sexy::ResourceManager::vfunction14
Sexy::PetButtonWidget,vftable,005a61b4,45,0xb4,vfunction46,0046e2f0,Sexy::Widget::vfunction46
Sexy::PetButtonWidget,vftable,005a61b4,46,0xb8,vfunction47,0046e300,Sexy::Widget::vfunction47
Sexy::PetButtonWidget,vftable,005a61b4,47,0xbc,vfunction48,0046c690,Sexy::ResourceManager::vfunction14
Sexy::PetButtonWidget,vftable,005a61b4,48,0xc0,vfunction49,0046e320,Sexy::Widget::vfunction49
Sexy::PetButtonWidget,vftable,005a61b4,49,0xc4,vfunction50,0046c690,Sexy::ResourceManager::vfunction14
Sexy::PetButtonWidget,vftable,005a61b4,50,0xc8,vfunction51,00475930,thunk 005312f0 -> Sexy::ButtonWidget::vfunction51
Sexy::PetButtonWidget,vftable,005a61b4,51,0xcc,vfunction52,004759e0,Sexy::ButtonWidget::vfunction52
Sexy::PetButtonWidget,vftable,005a61b4,52,0xd0,vfunction53,00475ac0,Sexy::ButtonWidget::vfunction53
Sexy::PetButtonWidget,vftable,005a61b4,53,0xd4,vfunction54,00475af0,Sexy::ButtonWidget::vfunction54
Sexy::PetButtonWidget,vftable,005a61b4,54,0xd8,vfunction55,0051a430,Sexy::StoryScreen::vfunction55_for_Widget
Sexy::PetButtonWidget,vftable,005a61b4,55,0xdc,vfunction56,00475b20,Sexy::ButtonWidget::vfunction56
Sexy::PetButtonWidget,vftable,005a61b4,56,0xe0,vfunction57,00532f70,Sexy::PetButtonWidget::vfunction57
Sexy::PetButtonWidget,vftable,005a61b4,57,0xe4,vfunction58,0046eb50,Sexy::DialogListener::vfunction1
Sexy::PetButtonWidget,vftable,005a61b4,58,0xe8,vfunction59,0046eb50,Sexy::DialogListener::vfunction1
Sexy::PetButtonWidget,vftable,005a61b4,59,0xec,vfunction60,0046c690,Sexy::ResourceManager::vfunction14
Sexy::PetButtonWidget,vftable,005a61b4,60,0xf0,vfunction61,0046de70,Sexy::Widget::vfunction61
Sexy::PetButtonWidget,vftable,005a61b4,61,0xf4,vfunction62,0046e500,Sexy::Widget::vfunction62
Sexy::PetButtonWidget,vftable,005a61b4,62,0xf8,vfunction63,0046e480,Sexy::Widget::vfunction63
Sexy::PetButtonWidget,vftable,005a61b4,63,0xfc,vfunction64,0046e620,Sexy::Widget::vfunction64
Sexy::PetButtonWidget,vftable,005a61b4,64,0x100,vfunction65,0046e670,Sexy::Widget::vfunction65
Sexy::PetButtonWidget,vftable,005a61b4,65,0x104,vfunction66,0046e6b0,Sexy::Widget::vfunction66
Sexy::PetButtonWidget,vftable,005a61b4,66,0x108,vfunction67,0046e6d0,Sexy::Widget::vfunction67
Sexy::PetButtonWidget,vftable,005a61b4,67,0x10c,vfunction68,0046e700,Sexy::Widget::vfunction68
Sexy::PetButtonWidget,vftable,005a61b4,68,0x110,vfunction69,0046e800,Sexy::Widget::vfunction69
Sexy::PetButtonWidget,vftable,005a61b4,69,0x114,vfunction70,0046e840,Sexy::Widget::vfunction70
Sexy::PetButtonWidget,vftable,005a61b4,70,0x118,vfunction71,004752e0,Sexy::ButtonWidget::vfunction71
Sexy::PetButtonWidget,vftable,005a61b4,71,0x11c,vfunction72,00475270,Sexy::ButtonWidget::vfunction72
Sexy::PetButtonWidget,vftable,005a61b4,72,0x120,vfunction73,004752a0,Sexy::ButtonWidget::vfunction73
Sexy::PetDialog,vftable_1,005a62dc,0,0x0,vfunction1,0046ca30,Sexy::ButtonListener::vfunction1
Sexy::PetDialog,vftable_1,005a62dc,1,0x4,vfunction2,00530ac0,Sexy::MoneyDialog::vfunction2_for_ButtonListener
Sexy::PetDialog,vftable_1,005a62dc,2,0x8,vfunction3,00530ae0,Sexy::MoneyDialog::vfunction3_for_ButtonListener
Sexy::PetDialog,vftable_1,005a62dc,3,0xc,vfunction4,0046c690,Sexy::ResourceManager::vfunction14
Sexy::PetDialog,vftable_1,005a62dc,4,0x10,vfunction5,0046c690,Sexy::ResourceManager::vfunction14
Sexy::PetDialog,vftable_1,005a62dc,5,0x14,vfunction6,0046c690,Sexy::ResourceManager::vfunction14
Sexy::PetDialog,vftable_1,005a62dc,6,0x18,vfunction7,0049b300,Sexy::Image::vfunction3
Sexy::PetDialog,vftable,005a62fc,0,0x0,vfunction1,005329c0,Sexy::PetDialog::deleting_destructor
Sexy::PetDialog,vftable,005a62fc,1,0x4,vfunction2,0046b5b0,Sexy::WidgetContainer::vfunction2
Sexy::PetDialog,vftable,005a62fc,2,0x8,vfunction3,0046b5d0,Sexy::WidgetContainer::vfunction3
Sexy::PetDialog,vftable,005a62fc,3,0xc,vfunction4,0046b640,Sexy::WidgetContainer::vfunction4
Sexy::PetDialog,vftable,005a62fc,4,0x10,vfunction5,0046b760,Sexy::WidgetContainer::vfunction5
Sexy::PetDialog,vftable,005a62fc,5,0x14,vfunction6,0046b700,Sexy::WidgetContainer::vfunction6
Sexy::PetDialog,vftable,005a62fc,6,0x18,vfunction7,0046c690,Sexy::ResourceManager::vfunction14
Sexy::PetDialog,vftable,005a62fc,7,0x1c,vfunction8,0046b550,Sexy::WidgetContainer::vfunction8
Sexy::PetDialog,vftable,005a62fc,8,0x20,vfunction9,0046c690,Sexy::ResourceManager::vfunction14
Sexy::PetDialog,vftable,005a62fc,9,0x24,vfunction10,0046ba90,Sexy::WidgetContainer::vfunction10
Sexy::PetDialog,vftable,005a62fc,10,0x28,vfunction11,0046bab0,Sexy::WidgetContainer::vfunction11
Sexy::PetDialog,vftable,005a62fc,11,0x2c,vfunction12,0046bc50,Sexy::WidgetContainer::vfunction12
Sexy::PetDialog,vftable,005a62fc,12,0x30,vfunction13,0046bd20,Sexy::WidgetContainer::vfunction13
Sexy::PetDialog,vftable,005a62fc,13,0x34,vfunction14,0046bdf0,Sexy::WidgetContainer::vfunction14
Sexy::PetDialog,vftable,005a62fc,14,0x38,vfunction15,0046bf00,Sexy::WidgetContainer::vfunction15
Sexy::PetDialog,vftable,005a62fc,15,0x3c,vfunction16,0046c030,Sexy::WidgetContainer::vfunction16
Sexy::PetDialog,vftable,005a62fc,16,0x40,vfunction17,0046c430,Sexy::WidgetContainer::vfunction17
Sexy::PetDialog,vftable,005a62fc,17,0x44,vfunction18,0046c180,Sexy::WidgetContainer::vfunction18
Sexy::PetDialog,vftable,005a62fc,18,0x48,vfunction19,0046c1c0,Sexy::WidgetContainer::vfunction19
Sexy::PetDialog,vftable,005a62fc,19,0x4c,vfunction20,0046c1a0,Sexy::WidgetContainer::vfunction20
Sexy::PetDialog,vftable,005a62fc,20,0x50,vfunction21,00476a30,Sexy::Dialog::vfunction21_for_Widget
Sexy::PetDialog,vftable,005a62fc,21,0x54,vfunction22,00476a70,Sexy::Dialog::vfunction22_for_Widget
Sexy::PetDialog,vftable,005a62fc,22,0x58,vfunction23,00530a70,Sexy::MoneyDialog::vfunction23_for_Widget
Sexy::PetDialog,vftable,005a62fc,23,0x5c,vfunction24,0046c500,Sexy::WidgetContainer::vfunction24
Sexy::PetDialog,vftable,005a62fc,24,0x60,vfunction25,0046c690,Sexy::ResourceManager::vfunction14
Sexy::PetDialog,vftable,005a62fc,25,0x64,vfunction26,0046c6a0,Sexy::WidgetContainer::vfunction26
Sexy::PetDialog,vftable,005a62fc,26,0x68,vfunction27,00535800,Sexy::PetDialog::vfunction27
Sexy::PetDialog,vftable,005a62fc,27,0x6c,vfunction28,0046c7f0,Sexy::WidgetContainer::vfunction28
Sexy::PetDialog,vftable,005a62fc,28,0x70,vfunction29,0046c9c0,Sexy::WidgetContainer::vfunction29
Sexy::PetDialog,vftable,005a62fc,29,0x74,vfunction30,00486bf0,Sexy::ResourceManager::BaseRes::vfunction2
Sexy::PetDialog,vftable,005a62fc,30,0x78,vfunction31,00476ab0,Sexy::Dialog::vfunction31_for_Widget
Sexy::PetDialog,vftable,005a62fc,31,0x7c,vfunction32,0046de80,Sexy::Widget::vfunction32
Sexy::PetDialog,vftable,005a62fc,32,0x80,vfunction33,0046df70,Sexy::Widget::vfunction33
Sexy::PetDialog,vftable,005a62fc,33,0x84,vfunction34,0046ded0,Sexy::Widget::vfunction34
Sexy::PetDialog,vftable,005a62fc,34,0x88,vfunction35,004762d0,Sexy::Dialog::vfunction35_for_Widget
Sexy::PetDialog,vftable,005a62fc,35,0x8c,vfunction36,0046e130,Sexy::Widget::vfunction36
Sexy::PetDialog,vftable,005a62fc,36,0x90,vfunction37,0046e0c0,Sexy::Widget::vfunction37
Sexy::PetDialog,vftable,005a62fc,37,0x94,vfunction38,0046e270,Sexy::Widget::vfunction38
Sexy::PetDialog,vftable,005a62fc,38,0x98,vfunction39,0046e370,Sexy::Widget::vfunction39
Sexy::PetDialog,vftable,005a62fc,39,0x9c,vfunction40,0046e210,Sexy::Widget::vfunction40
Sexy::PetDialog,vftable,005a62fc,40,0xa0,vfunction41,005313d0,Sexy::PetDialog::vfunction41
Sexy::PetDialog,vftable,005a62fc,41,0xa4,vfunction42,0046e240,Sexy::Widget::vfunction42
Sexy::PetDialog,vftable,005a62fc,42,0xa8,vfunction43,0046e260,Sexy::Widget::vfunction43
Sexy::PetDialog,vftable,005a62fc,43,0xac,vfunction44,0046deb0,Sexy::Widget::vfunction44
Sexy::PetDialog,vftable,005a62fc,44,0xb0,vfunction45,0046c690,Sexy::ResourceManager::vfunction14
Sexy::PetDialog,vftable,005a62fc,45,0xb4,vfunction46,0046e2f0,Sexy::Widget::vfunction46
Sexy::PetDialog,vftable,005a62fc,46,0xb8,vfunction47,0046e300,Sexy::Widget::vfunction47
Sexy::PetDialog,vftable,005a62fc,47,0xbc,vfunction48,0046c690,Sexy::ResourceManager::vfunction14
Sexy::PetDialog,vftable,005a62fc,48,0xc0,vfunction49,0046e320,Sexy::Widget::vfunction49
Sexy::PetDialog,vftable,005a62fc,49,0xc4,vfunction50,0046c690,Sexy::ResourceManager::vfunction14
Sexy::PetDialog,vftable,005a62fc,50,0xc8,vfunction51,00486bf0,Sexy::ResourceManager::BaseRes::vfunction2
Sexy::PetDialog,vftable,005a62fc,51,0xcc,vfunction52,00530360,Sexy::PetDialog::vfunction52
Sexy::PetDialog,vftable,005a62fc,52,0xd0,vfunction53,00532af0,Sexy::PetDialog::vfunction53
Sexy::PetDialog,vftable,005a62fc,53,0xd4,vfunction54,00476c40,Sexy::Dialog::vfunction54_for_Widget
Sexy::PetDialog,vftable,005a62fc,54,0xd8,vfunction55,00532a60,Sexy::PetDialog::vfunction55
Sexy::PetDialog,vftable,005a62fc,55,0xdc,vfunction56,00476d90,Sexy::Dialog::vfunction56_for_Widget
Sexy::PetDialog,vftable,005a62fc,56,0xe0,vfunction57,00532a90,Sexy::PetDialog::vfunction57
Sexy::PetDialog,vftable,005a62fc,57,0xe4,vfunction58,0046eb50,Sexy::DialogListener::vfunction1
Sexy::PetDialog,vftable,005a62fc,58,0xe8,vfunction59,00476c80,Sexy::Dialog::vfunction59_for_Widget
Sexy::PetDialog,vftable,005a62fc,59,0xec,vfunction60,0046c690,Sexy::ResourceManager::vfunction14
Sexy::PetDialog,vftable,005a62fc,60,0xf0,vfunction61,00531390,Sexy::PetDialog::vfunction61
Sexy::PetDialog,vftable,005a62fc,61,0xf4,vfunction62,0046e500,Sexy::Widget::vfunction62
Sexy::PetDialog,vftable,005a62fc,62,0xf8,vfunction63,0046e480,Sexy::Widget::vfunction63
Sexy::PetDialog,vftable,005a62fc,63,0xfc,vfunction64,0046e620,Sexy::Widget::vfunction64
Sexy::PetDialog,vftable,005a62fc,64,0x100,vfunction65,0046e670,Sexy::Widget::vfunction65
Sexy::PetDialog,vftable,005a62fc,65,0x104,vfunction66,0046e6b0,Sexy::Widget::vfunction66
Sexy::PetDialog,vftable,005a62fc,66,0x108,vfunction67,0046e6d0,Sexy::Widget::vfunction67
Sexy::PetDialog,vftable,005a62fc,67,0x10c,vfunction68,0046e700,Sexy::Widget::vfunction68
Sexy::PetDialog,vftable,005a62fc,68,0x110,vfunction69,0046e800,Sexy::Widget::vfunction69
Sexy::PetDialog,vftable,005a62fc,69,0x114,vfunction70,0046e840,Sexy::Widget::vfunction70
Sexy::PetDialog,vftable,005a62fc,70,0x118,vfunction71,00476360,Sexy::Dialog::vfunction71_for_Widget
Sexy::PetDialog,vftable,005a62fc,71,0x11c,vfunction72,004763b0,Sexy::Dialog::vfunction72_for_Widget
Sexy::PetDialog,vftable,005a62fc,72,0x120,vfunction73,004763e0,Sexy::Dialog::vfunction73_for_Widget
Sexy::PetDialog,vftable,005a62fc,73,0x124,vfunction74,00476570,Sexy::Dialog::vfunction74_for_Widget
Sexy::PetDialog,vftable,005a62fc,74,0x128,vfunction75,00476dd0,Sexy::Dialog::vfunction75_for_Widget
Sexy::PetDialog,vftable,005a62fc,75,0x12c,vfunction76,00476de0,Sexy::Dialog::vfunction76_for_Widget
Sexy::PetDialog,vftable,005a62fc,76,0x130,vfunction77,00530a30,Sexy::MoneyDialog::vfunction77_for_Widget
Sexy::PetDialog,vftable,005a62fc,77,0x134,vfunction78,00530b00,Sexy::MoneyDialog::vfunction78_for_Widget
Sexy::RegisterDialog,vftable_2,005a6438,0,0x0,vfunction1,00531640,Sexy::RegisterDialog::vfunction1
Sexy::RegisterDialog,vftable_2,005a6438,1,0x4,vfunction2,004d5350,Sexy::EditListener::vfunction2
Sexy::RegisterDialog,vftable_2,005a6438,2,0x8,vfunction3,004d5350,Sexy::EditListener::vfunction2
Sexy::RegisterDialog,vftable_2,005a6438,3,0xc,vfunction4,004d5350,Sexy::EditListener::vfunction2
Sexy::RegisterDialog,vftable_1,005a644c,0,0x0,vfunction1,0046ca30,Sexy::ButtonListener::vfunction1
Sexy::RegisterDialog,vftable_1,005a644c,1,0x4,vfunction2,00530ac0,Sexy::MoneyDialog::vfunction2_for_ButtonListener
Sexy::RegisterDialog,vftable_1,005a644c,2,0x8,vfunction3,00531680,Sexy::RegisterDialog::vfunction3
Sexy::RegisterDialog,vftable_1,005a644c,3,0xc,vfunction4,0046c690,Sexy::ResourceManager::vfunction14
Sexy::RegisterDialog,vftable_1,005a644c,4,0x10,vfunction5,0046c690,Sexy::ResourceManager::vfunction14
Sexy::RegisterDialog,vftable_1,005a644c,5,0x14,vfunction6,0046c690,Sexy::ResourceManager::vfunction14
Sexy::RegisterDialog,vftable_1,005a644c,6,0x18,vfunction7,0049b300,Sexy::Image::vfunction3
Sexy::RegisterDialog,vftable,005a646c,0,0x0,vfunction1,00532b30,Sexy::RegisterDialog::deleting_destructor
Sexy::RegisterDialog,vftable,005a646c,1,0x4,vfunction2,0046b5b0,Sexy::WidgetContainer::vfunction2
Sexy::RegisterDialog,vftable,005a646c,2,0x8,vfunction3,0046b5d0,Sexy::WidgetContainer::vfunction3
Sexy::RegisterDialog,vftable,005a646c,3,0xc,vfunction4,0046b640,Sexy::WidgetContainer::vfunction4
Sexy::RegisterDialog,vftable,005a646c,4,0x10,vfunction5,0046b760,Sexy::WidgetContainer::vfunction5
Sexy::RegisterDialog,vftable,005a646c,5,0x14,vfunction6,0046b700,Sexy::WidgetContainer::vfunction6
Sexy::RegisterDialog,vftable,005a646c,6,0x18,vfunction7,0046c690,Sexy::ResourceManager::vfunction14
Sexy::RegisterDialog,vftable,005a646c,7,0x1c,vfunction8,0046b550,Sexy::WidgetContainer::vfunction8
Sexy::RegisterDialog,vftable,005a646c,8,0x20,vfunction9,0046c690,Sexy::ResourceManager::vfunction14
Sexy::RegisterDialog,vftable,005a646c,9,0x24,vfunction10,0046ba90,Sexy::WidgetContainer::vfunction10
Sexy::RegisterDialog,vftable,005a646c,10,0x28,vfunction11,0046bab0,Sexy::WidgetContainer::vfunction11
Sexy::RegisterDialog,vftable,005a646c,11,0x2c,vfunction12,0046bc50,Sexy::WidgetContainer::vfunction12
Sexy::RegisterDialog,vftable,005a646c,12,0x30,vfunction13,0046bd20,Sexy::WidgetContainer::vfunction13
Sexy::RegisterDialog,vftable,005a646c,13,0x34,vfunction14,0046bdf0,Sexy::WidgetContainer::vfunction14
Sexy::RegisterDialog,vftable,005a646c,14,0x38,vfunction15,0046bf00,Sexy::WidgetContainer::vfunction15
Sexy::RegisterDialog,vftable,005a646c,15,0x3c,vfunction16,0046c030,Sexy::WidgetContainer::vfunction16
Sexy::RegisterDialog,vftable,005a646c,16,0x40,vfunction17,0046c430,Sexy::WidgetContainer::vfunction17
Sexy::RegisterDialog,vftable,005a646c,17,0x44,vfunction18,0046c180,Sexy::WidgetContainer::vfunction18
Sexy::RegisterDialog,vftable,005a646c,18,0x48,vfunction19,0046c1c0,Sexy::WidgetContainer::vfunction19
Sexy::RegisterDialog,vftable,005a646c,19,0x4c,vfunction20,0046c1a0,Sexy::WidgetContainer::vfunction20
Sexy::RegisterDialog,vftable,005a646c,20,0x50,vfunction21,00531570,Sexy::RegisterDialog::vfunction21
Sexy::RegisterDialog,vftable,005a646c,21,0x54,vfunction22,005315d0,Sexy::RegisterDialog::vfunction22
Sexy::RegisterDialog,vftable,005a646c,22,0x58,vfunction23,00530a70,Sexy::MoneyDialog::vfunction23_for_Widget
Sexy::RegisterDialog,vftable,005a646c,23,0x5c,vfunction24,0046c500,Sexy::WidgetContainer::vfunction24
Sexy::RegisterDialog,vftable,005a646c,24,0x60,vfunction25,0046c690,Sexy::ResourceManager::vfunction14
Sexy::RegisterDialog,vftable,005a646c,25,0x64,vfunction26,0046c6a0,Sexy::WidgetContainer::vfunction26
Sexy::RegisterDialog,vftable,005a646c,26,0x68,vfunction27,00535cc0,Sexy::RegisterDialog::vfunction27
Sexy::RegisterDialog,vftable,005a646c,27,0x6c,vfunction28,0046c7f0,Sexy::WidgetContainer::vfunction28
Sexy::RegisterDialog,vftable,005a646c,28,0x70,vfunction29,0046c9c0,Sexy::WidgetContainer::vfunction29
Sexy::RegisterDialog,vftable,005a646c,29,0x74,vfunction30,00486bf0,Sexy::ResourceManager::BaseRes::vfunction2
Sexy::RegisterDialog,vftable,005a646c,30,0x78,vfunction31,00476ab0,Sexy::Dialog::vfunction31_for_Widget
Sexy::RegisterDialog,vftable,005a646c,31,0x7c,vfunction32,0046de80,Sexy::Widget::vfunction32
Sexy::RegisterDialog,vftable,005a646c,32,0x80,vfunction33,0046df70,Sexy::Widget::vfunction33
Sexy::RegisterDialog,vftable,005a646c,33,0x84,vfunction34,0046ded0,Sexy::Widget::vfunction34
Sexy::RegisterDialog,vftable,005a646c,34,0x88,vfunction35,004762d0,Sexy::Dialog::vfunction35_for_Widget
Sexy::RegisterDialog,vftable,005a646c,35,0x8c,vfunction36,0046e130,Sexy::Widget::vfunction36
Sexy::RegisterDialog,vftable,005a646c,36,0x90,vfunction37,0046e0c0,Sexy::Widget::vfunction37
Sexy::RegisterDialog,vftable,005a646c,37,0x94,vfunction38,0046e270,Sexy::Widget::vfunction38
Sexy::RegisterDialog,vftable,005a646c,38,0x98,vfunction39,0046e370,Sexy::Widget::vfunction39
Sexy::RegisterDialog,vftable,005a646c,39,0x9c,vfunction40,0046e210,Sexy::Widget::vfunction40
Sexy::RegisterDialog,vftable,005a646c,40,0xa0,vfunction41,005314b0,Sexy::RegisterDialog::vfunction41
Sexy::RegisterDialog,vftable,005a646c,41,0xa4,vfunction42,0046e240,Sexy::Widget::vfunction42
Sexy::RegisterDialog,vftable,005a646c,42,0xa8,vfunction43,0046e260,Sexy::Widget::vfunction43
Sexy::RegisterDialog,vftable,005a646c,43,0xac,vfunction44,0046deb0,Sexy::Widget::vfunction44
Sexy::RegisterDialog,vftable,005a646c,44,0xb0,vfunction45,0046c690,Sexy::ResourceManager::vfunction14
Sexy::RegisterDialog,vftable,005a646c,45,0xb4,vfunction46,0046e2f0,Sexy::Widget::vfunction46
Sexy::RegisterDialog,vftable,005a646c,46,0xb8,vfunction47,0046e300,Sexy::Widget::vfunction47
Sexy::RegisterDialog,vftable,005a646c,47,0xbc,vfunction48,0046c690,Sexy::ResourceManager::vfunction14
Sexy::RegisterDialog,vftable,005a646c,48,0xc0,vfunction49,0046e320,Sexy::Widget::vfunction49
Sexy::RegisterDialog,vftable,005a646c,49,0xc4,vfunction50,0046c690,Sexy::ResourceManager::vfunction14
Sexy::RegisterDialog,vftable,005a646c,50,0xc8,vfunction51,00486bf0,Sexy::ResourceManager::BaseRes::vfunction2
Sexy::RegisterDialog,vftable,005a646c,51,0xcc,vfunction52,00486bf0,Sexy::ResourceManager::BaseRes::vfunction2
Sexy::RegisterDialog,vftable,005a646c,52,0xd0,vfunction53,0046eb50,Sexy::DialogListener::vfunction1
Sexy::RegisterDialog,vftable,005a646c,53,0xd4,vfunction54,00476c40,Sexy::Dialog::vfunction54_for_Widget
Sexy::RegisterDialog,vftable,005a646c,54,0xd8,vfunction55,0046e3a0,thunk 00470b50 -> Sexy::Widget::vfunction55
Sexy::RegisterDialog,vftable,005a646c,55,0xdc,vfunction56,00476d90,Sexy::Dialog::vfunction56_for_Widget
Sexy::RegisterDialog,vftable,005a646c,56,0xe0,vfunction57,0046e410,thunk 0046eb40 -> Sexy::Widget::vfunction57
Sexy::RegisterDialog,vftable,005a646c,57,0xe4,vfunction58,0046eb50,Sexy::DialogListener::vfunction1
Sexy::RegisterDialog,vftable,005a646c,58,0xe8,vfunction59,00476c80,Sexy::Dialog::vfunction59_for_Widget
Sexy::RegisterDialog,vftable,005a646c,59,0xec,vfunction60,0046c690,Sexy::ResourceManager::vfunction14
Sexy::RegisterDialog,vftable,005a646c,60,0xf0,vfunction61,0046de70,Sexy::Widget::vfunction61
Sexy::RegisterDialog,vftable,005a646c,61,0xf4,vfunction62,0046e500,Sexy::Widget::vfunction62
Sexy::RegisterDialog,vftable,005a646c,62,0xf8,vfunction63,0046e480,Sexy::Widget::vfunction63
Sexy::RegisterDialog,vftable,005a646c,63,0xfc,vfunction64,0046e620,Sexy::Widget::vfunction64
Sexy::RegisterDialog,vftable,005a646c,64,0x100,vfunction65,0046e670,Sexy::Widget::vfunction65
Sexy::RegisterDialog,vftable,005a646c,65,0x104,vfunction66,0046e6b0,Sexy::Widget::vfunction66
Sexy::RegisterDialog,vftable,005a646c,66,0x108,vfunction67,0046e6d0,Sexy::Widget::vfunction67
Sexy::RegisterDialog,vftable,005a646c,67,0x10c,vfunction68,0046e700,Sexy::Widget::vfunction68
Sexy::RegisterDialog,vftable,005a646c,68,0x110,vfunction69,0046e800,Sexy::Widget::vfunction69
Sexy::RegisterDialog,vftable,005a646c,69,0x114,vfunction70,0046e840,Sexy::Widget::vfunction70
Sexy::RegisterDialog,vftable,005a646c,70,0x118,vfunction71,00476360,Sexy::Dialog::vfunction71_for_Widget
Sexy::RegisterDialog,vftable,005a646c,71,0x11c,vfunction72,004763b0,Sexy::Dialog::vfunction72_for_Widget
Sexy::RegisterDialog,vftable,005a646c,72,0x120,vfunction73,004763e0,Sexy::Dialog::vfunction73_for_Widget
Sexy::RegisterDialog,vftable,005a646c,73,0x124,vfunction74,00531550,Sexy::RegisterDialog::vfunction74
Sexy::RegisterDialog,vftable,005a646c,74,0x128,vfunction75,00476dd0,Sexy::Dialog::vfunction75_for_Widget
Sexy::RegisterDialog,vftable,005a646c,75,0x12c,vfunction76,00476de0,Sexy::Dialog::vfunction76_for_Widget
Sexy::RegisterDialog,vftable,005a646c,76,0x130,vfunction77,00530a30,Sexy::MoneyDialog::vfunction77_for_Widget
Sexy::RegisterDialog,vftable,005a646c,77,0x134,vfunction78,00530b00,Sexy::MoneyDialog::vfunction78_for_Widget
Sexy::ScreenSaverDialog,vftable_2,005a65a8,0,0x0,vfunction1,00532370,Sexy::ScreenSaverDialog::vfunction1
Sexy::ScreenSaverDialog,vftable_1,005a65b0,0,0x0,vfunction1,0046ca30,Sexy::ButtonListener::vfunction1
Sexy::ScreenSaverDialog,vftable_1,005a65b0,1,0x4,vfunction2,00530ac0,Sexy::MoneyDialog::vfunction2_for_ButtonListener
Sexy::ScreenSaverDialog,vftable_1,005a65b0,2,0x8,vfunction3,00530ae0,Sexy::MoneyDialog::vfunction3_for_ButtonListener
Sexy::ScreenSaverDialog,vftable_1,005a65b0,3,0xc,vfunction4,0046c690,Sexy::ResourceManager::vfunction14
Sexy::ScreenSaverDialog,vftable_1,005a65b0,4,0x10,vfunction5,0046c690,Sexy::ResourceManager::vfunction14
Sexy::ScreenSaverDialog,vftable_1,005a65b0,5,0x14,vfunction6,0046c690,Sexy::ResourceManager::vfunction14
Sexy::ScreenSaverDialog,vftable_1,005a65b0,6,0x18,vfunction7,0049b300,Sexy::Image::vfunction3
Sexy::ScreenSaverDialog,vftable,005a65d4,0,0x0,vfunction1,00532b60,Sexy::ScreenSaverDialog::deleting_destructor
Sexy::ScreenSaverDialog,vftable,005a65d4,1,0x4,vfunction2,0046b5b0,Sexy::WidgetContainer::vfunction2
Sexy::ScreenSaverDialog,vftable,005a65d4,2,0x8,vfunction3,0046b5d0,Sexy::WidgetContainer::vfunction3
Sexy::ScreenSaverDialog,vftable,005a65d4,3,0xc,vfunction4,0046b640,Sexy::WidgetContainer::vfunction4
Sexy::ScreenSaverDialog,vftable,005a65d4,4,0x10,vfunction5,0046b760,Sexy::WidgetContainer::vfunction5
Sexy::ScreenSaverDialog,vftable,005a65d4,5,0x14,vfunction6,0046b700,Sexy::WidgetContainer::vfunction6
Sexy::ScreenSaverDialog,vftable,005a65d4,6,0x18,vfunction7,0046c690,Sexy::ResourceManager::vfunction14
Sexy::ScreenSaverDialog,vftable,005a65d4,7,0x1c,vfunction8,0046b550,Sexy::WidgetContainer::vfunction8
Sexy::ScreenSaverDialog,vftable,005a65d4,8,0x20,vfunction9,0046c690,Sexy::ResourceManager::vfunction14
Sexy::ScreenSaverDialog,vftable,005a65d4,9,0x24,vfunction10,0046ba90,Sexy::WidgetContainer::vfunction10
Sexy::ScreenSaverDialog,vftable,005a65d4,10,0x28,vfunction11,0046bab0,Sexy::WidgetContainer::vfunction11
Sexy::ScreenSaverDialog,vftable,005a65d4,11,0x2c,vfunction12,0046bc50,Sexy::WidgetContainer::vfunction12
Sexy::ScreenSaverDialog,vftable,005a65d4,12,0x30,vfunction13,0046bd20,Sexy::WidgetContainer::vfunction13
Sexy::ScreenSaverDialog,vftable,005a65d4,13,0x34,vfunction14,0046bdf0,Sexy::WidgetContainer::vfunction14
Sexy::ScreenSaverDialog,vftable,005a65d4,14,0x38,vfunction15,0046bf00,Sexy::WidgetContainer::vfunction15
Sexy::ScreenSaverDialog,vftable,005a65d4,15,0x3c,vfunction16,0046c030,Sexy::WidgetContainer::vfunction16
Sexy::ScreenSaverDialog,vftable,005a65d4,16,0x40,vfunction17,0046c430,Sexy::WidgetContainer::vfunction17
Sexy::ScreenSaverDialog,vftable,005a65d4,17,0x44,vfunction18,0046c180,Sexy::WidgetContainer::vfunction18
Sexy::ScreenSaverDialog,vftable,005a65d4,18,0x48,vfunction19,0046c1c0,Sexy::WidgetContainer::vfunction19
Sexy::ScreenSaverDialog,vftable,005a65d4,19,0x4c,vfunction20,0046c1a0,Sexy::WidgetContainer::vfunction20
Sexy::ScreenSaverDialog,vftable,005a65d4,20,0x50,vfunction21,005317a0,Sexy::ScreenSaverDialog::vfunction21
Sexy::ScreenSaverDialog,vftable,005a65d4,21,0x54,vfunction22,00531820,Sexy::ScreenSaverDialog::vfunction22
Sexy::ScreenSaverDialog,vftable,005a65d4,22,0x58,vfunction23,00530a70,Sexy::MoneyDialog::vfunction23_for_Widget
Sexy::ScreenSaverDialog,vftable,005a65d4,23,0x5c,vfunction24,0046c500,Sexy::WidgetContainer::vfunction24
Sexy::ScreenSaverDialog,vftable,005a65d4,24,0x60,vfunction25,0046c690,Sexy::ResourceManager::vfunction14
Sexy::ScreenSaverDialog,vftable,005a65d4,25,0x64,vfunction26,0046c6a0,Sexy::WidgetContainer::vfunction26
Sexy::ScreenSaverDialog,vftable,005a65d4,26,0x68,vfunction27,00535fe0,Sexy::ScreenSaverDialog::vfunction27
Sexy::ScreenSaverDialog,vftable,005a65d4,27,0x6c,vfunction28,0046c7f0,Sexy::WidgetContainer::vfunction28
Sexy::ScreenSaverDialog,vftable,005a65d4,28,0x70,vfunction29,0046c9c0,Sexy::WidgetContainer::vfunction29
Sexy::ScreenSaverDialog,vftable,005a65d4,29,0x74,vfunction30,00486bf0,Sexy::ResourceManager::BaseRes::vfunction2
Sexy::ScreenSaverDialog,vftable,005a65d4,30,0x78,vfunction31,00476ab0,Sexy::Dialog::vfunction31_for_Widget
Sexy::ScreenSaverDialog,vftable,005a65d4,31,0x7c,vfunction32,0046de80,Sexy::Widget::vfunction32
Sexy::ScreenSaverDialog,vftable,005a65d4,32,0x80,vfunction33,0046df70,Sexy::Widget::vfunction33
Sexy::ScreenSaverDialog,vftable,005a65d4,33,0x84,vfunction34,0046ded0,Sexy::Widget::vfunction34
Sexy::ScreenSaverDialog,vftable,005a65d4,34,0x88,vfunction35,004762d0,Sexy::Dialog::vfunction35_for_Widget
Sexy::ScreenSaverDialog,vftable,005a65d4,35,0x8c,vfunction36,0046e130,Sexy::Widget::vfunction36
Sexy::ScreenSaverDialog,vftable,005a65d4,36,0x90,vfunction37,0046e0c0,Sexy::Widget::vfunction37
Sexy::ScreenSaverDialog,vftable,005a65d4,37,0x94,vfunction38,0046e270,Sexy::Widget::vfunction38
Sexy::ScreenSaverDialog,vftable,005a65d4,38,0x98,vfunction39,0046e370,Sexy::Widget::vfunction39
Sexy::ScreenSaverDialog,vftable,005a65d4,39,0x9c,vfunction40,0046e210,Sexy::Widget::vfunction40
Sexy::ScreenSaverDialog,vftable,005a65d4,40,0xa0,vfunction41,005318a0,Sexy::ScreenSaverDialog::vfunction41
Sexy::ScreenSaverDialog,vftable,005a65d4,41,0xa4,vfunction42,0046e240,Sexy::Widget::vfunction42
Sexy::ScreenSaverDialog,vftable,005a65d4,42,0xa8,vfunction43,0046e260,Sexy::Widget::vfunction43
Sexy::ScreenSaverDialog,vftable,005a65d4,43,0xac,vfunction44,0046deb0,Sexy::Widget::vfunction44
Sexy::ScreenSaverDialog,vftable,005a65d4,44,0xb0,vfunction45,0046c690,Sexy::ResourceManager::vfunction14
Sexy::ScreenSaverDialog,vftable,005a65d4,45,0xb4,vfunction46,0046e2f0,Sexy::Widget::vfunction46
Sexy::ScreenSaverDialog,vftable,005a65d4,46,0xb8,vfunction47,0046e300,Sexy::Widget::vfunction47
Sexy::ScreenSaverDialog,vftable,005a65d4,47,0xbc,vfunction48,0046c690,Sexy::ResourceManager::vfunction14
Sexy::ScreenSaverDialog,vftable,005a65d4,48,0xc0,vfunction49,0046e320,Sexy::Widget::vfunction49
Sexy::ScreenSaverDialog,vftable,005a65d4,49,0xc4,vfunction50,0046c690,Sexy::ResourceManager::vfunction14
Sexy::ScreenSaverDialog,vftable,005a65d4,50,0xc8,vfunction51,00486bf0,Sexy::ResourceManager::BaseRes::vfunction2
Sexy::ScreenSaverDialog,vftable,005a65d4,51,0xcc,vfunction52,00486bf0,Sexy::ResourceManager::BaseRes::vfunction2
Sexy::ScreenSaverDialog,vftable,005a65d4,52,0xd0,vfunction53,0046eb50,Sexy::DialogListener::vfunction1
Sexy::ScreenSaverDialog,vftable,005a65d4,53,0xd4,vfunction54,00476c40,Sexy::Dialog::vfunction54_for_Widget
Sexy::ScreenSaverDialog,vftable,005a65d4,54,0xd8,vfunction55,0046e3a0,thunk 00470b50 -> Sexy::Widget::vfunction55
Sexy::ScreenSaverDialog,vftable,005a65d4,55,0xdc,vfunction56,00476d90,Sexy::Dialog::vfunction56_for_Widget
Sexy::ScreenSaverDialog,vftable,005a65d4,56,0xe0,vfunction57,0046e410,thunk 0046eb40 -> Sexy::Widget::vfunction57
Sexy::ScreenSaverDialog,vftable,005a65d4,57,0xe4,vfunction58,0046eb50,Sexy::DialogListener::vfunction1
Sexy::ScreenSaverDialog,vftable,005a65d4,58,0xe8,vfunction59,00476c80,Sexy::Dialog::vfunction59_for_Widget
Sexy::ScreenSaverDialog,vftable,005a65d4,59,0xec,vfunction60,0046c690,Sexy::ResourceManager::vfunction14
Sexy::ScreenSaverDialog,vftable,005a65d4,60,0xf0,vfunction61,0046de70,Sexy::Widget::vfunction61
Sexy::ScreenSaverDialog,vftable,005a65d4,61,0xf4,vfunction62,0046e500,Sexy::Widget::vfunction62
Sexy::ScreenSaverDialog,vftable,005a65d4,62,0xf8,vfunction63,0046e480,Sexy::Widget::vfunction63
Sexy::ScreenSaverDialog,vftable,005a65d4,63,0xfc,vfunction64,0046e620,Sexy::Widget::vfunction64
Sexy::ScreenSaverDialog,vftable,005a65d4,64,0x100,vfunction65,0046e670,Sexy::Widget::vfunction65
Sexy::ScreenSaverDialog,vftable,005a65d4,65,0x104,vfunction66,0046e6b0,Sexy::Widget::vfunction66
Sexy::ScreenSaverDialog,vftable,005a65d4,66,0x108,vfunction67,0046e6d0,Sexy::Widget::vfunction67
Sexy::ScreenSaverDialog,vftable,005a65d4,67,0x10c,vfunction68,0046e700,Sexy::Widget::vfunction68
Sexy::ScreenSaverDialog,vftable,005a65d4,68,0x110,vfunction69,0046e800,Sexy::Widget::vfunction69
Sexy::ScreenSaverDialog,vftable,005a65d4,69,0x114,vfunction70,0046e840,Sexy::Widget::vfunction70
Sexy::ScreenSaverDialog,vftable,005a65d4,70,0x118,vfunction71,00476360,Sexy::Dialog::vfunction71_for_Widget
Sexy::ScreenSaverDialog,vftable,005a65d4,71,0x11c,vfunction72,004763b0,Sexy::Dialog::vfunction72_for_Widget
Sexy::ScreenSaverDialog,vftable,005a65d4,72,0x120,vfunction73,004763e0,Sexy::Dialog::vfunction73_for_Widget
Sexy::ScreenSaverDialog,vftable,005a65d4,73,0x124,vfunction74,00531790,Sexy::ScreenSaverDialog::vfunction74
Sexy::ScreenSaverDialog,vftable,005a65d4,74,0x128,vfunction75,00476dd0,Sexy::Dialog::vfunction75_for_Widget
Sexy::ScreenSaverDialog,vftable,005a65d4,75,0x12c,vfunction76,00476de0,Sexy::Dialog::vfunction76_for_Widget
Sexy::ScreenSaverDialog,vftable,005a65d4,76,0x130,vfunction77,00530a30,Sexy::MoneyDialog::vfunction77_for_Widget
Sexy::ScreenSaverDialog,vftable,005a65d4,77,0x134,vfunction78,00531980,Sexy::ScreenSaverDialog::vfunction78
Sexy::ListListener,vftable,005a6710,0,0x0,vfunction1,00531e70,Sexy::SliderListener::vfunction1
Sexy::ListListener,vftable,005a6710,1,0x4,vfunction2,0051a440,Sexy::ListListener::vfunction2
Sexy::ListListener,vftable,005a6710,2,0x8,vfunction3,00531e70,Sexy::SliderListener::vfunction1
Sexy::UserDialog,vftable_2,005a6720,0,0x0,vfunction1,00532240,Sexy::UserDialog::vfunction1
Sexy::UserDialog,vftable_2,005a6720,1,0x4,vfunction2,004d5350,Sexy::EditListener::vfunction2
Sexy::UserDialog,vftable_2,005a6720,2,0x8,vfunction3,00532260,Sexy::UserDialog::vfunction3
Sexy::UserDialog,vftable_3,005a6734,0,0x0,vfunction1,005321e0,Sexy::UserDialog::vfunction1
Sexy::UserDialog,vftable_3,005a6734,1,0x4,vfunction2,0051a440,Sexy::ListListener::vfunction2
Sexy::UserDialog,vftable_3,005a6734,2,0x8,vfunction3,00531e70,Sexy::SliderListener::vfunction1
Sexy::UserDialog,vftable_3,005a6734,3,0xc,vfunction4,005c9a10,?
Sexy::UserDialog,vftable_1,005a6744,0,0x0,vfunction1,0046ca30,Sexy::ButtonListener::vfunction1
Sexy::UserDialog,vftable_1,005a6744,1,0x4,vfunction2,00530ac0,Sexy::MoneyDialog::vfunction2_for_ButtonListener
Sexy::UserDialog,vftable_1,005a6744,2,0x8,vfunction3,00536bd0,Sexy::UserDialog::vfunction3
Sexy::UserDialog,vftable_1,005a6744,3,0xc,vfunction4,0046c690,Sexy::ResourceManager::vfunction14
Sexy::UserDialog,vftable_1,005a6744,4,0x10,vfunction5,0046c690,Sexy::ResourceManager::vfunction14
Sexy::UserDialog,vftable_1,005a6744,5,0x14,vfunction6,0046c690,Sexy::ResourceManager::vfunction14
Sexy::UserDialog,vftable_1,005a6744,6,0x18,vfunction7,0049b300,Sexy::Image::vfunction3
Sexy::UserDialog,vftable,005a6764,0,0x0,vfunction1,00532b90,Sexy::UserDialog::deleting_destructor
Sexy::UserDialog,vftable,005a6764,1,0x4,vfunction2,0046b5b0,Sexy::WidgetContainer::vfunction2
Sexy::UserDialog,vftable,005a6764,2,0x8,vfunction3,0046b5d0,Sexy::WidgetContainer::vfunction3
Sexy::UserDialog,vftable,005a6764,3,0xc,vfunction4,0046b640,Sexy::WidgetContainer::vfunction4
Sexy::UserDialog,vftable,005a6764,4,0x10,vfunction5,0046b760,Sexy::WidgetContainer::vfunction5
Sexy::UserDialog,vftable,005a6764,5,0x14,vfunction6,0046b700,Sexy::WidgetContainer::vfunction6
Sexy::UserDialog,vftable,005a6764,6,0x18,vfunction7,0046c690,Sexy::ResourceManager::vfunction14
Sexy::UserDialog,vftable,005a6764,7,0x1c,vfunction8,0046b550,Sexy::WidgetContainer::vfunction8
Sexy::UserDialog,vftable,005a6764,8,0x20,vfunction9,0046c690,Sexy::ResourceManager::vfunction14
Sexy::UserDialog,vftable,005a6764,9,0x24,vfunction10,0046ba90,Sexy::WidgetContainer::vfunction10
Sexy::UserDialog,vftable,005a6764,10,0x28,vfunction11,0046bab0,Sexy::WidgetContainer::vfunction11
Sexy::UserDialog,vftable,005a6764,11,0x2c,vfunction12,0046bc50,Sexy::WidgetContainer::vfunction12
Sexy::UserDialog,vftable,005a6764,12,0x30,vfunction13,0046bd20,Sexy::WidgetContainer::vfunction13
Sexy::UserDialog,vftable,005a6764,13,0x34,vfunction14,0046bdf0,Sexy::WidgetContainer::vfunction14
Sexy::UserDialog,vftable,005a6764,14,0x38,vfunction15,0046bf00,Sexy::WidgetContainer::vfunction15
Sexy::UserDialog,vftable,005a6764,15,0x3c,vfunction16,0046c030,Sexy::WidgetContainer::vfunction16
Sexy::UserDialog,vftable,005a6764,16,0x40,vfunction17,0046c430,Sexy::WidgetContainer::vfunction17
Sexy::UserDialog,vftable,005a6764,17,0x44,vfunction18,0046c180,Sexy::WidgetContainer::vfunction18
Sexy::UserDialog,vftable,005a6764,18,0x48,vfunction19,0046c1c0,Sexy::WidgetContainer::vfunction19
Sexy::UserDialog,vftable,005a6764,19,0x4c,vfunction20,0046c1a0,Sexy::WidgetContainer::vfunction20
Sexy::UserDialog,vftable,005a6764,20,0x50,vfunction21,00532060,Sexy::UserDialog::vfunction21
Sexy::UserDialog,vftable,005a6764,21,0x54,vfunction22,005320e0,Sexy::UserDialog::vfunction22
Sexy::UserDialog,vftable,005a6764,22,0x58,vfunction23,00530a70,Sexy::MoneyDialog::vfunction23_for_Widget
Sexy::UserDialog,vftable,005a6764,23,0x5c,vfunction24,0046c500,Sexy::WidgetContainer::vfunction24
Sexy::UserDialog,vftable,005a6764,24,0x60,vfunction25,0046c690,Sexy::ResourceManager::vfunction14
Sexy::UserDialog,vftable,005a6764,25,0x64,vfunction26,0046c6a0,Sexy::WidgetContainer::vfunction26
Sexy::UserDialog,vftable,005a6764,26,0x68,vfunction27,00536a40,Sexy::UserDialog::vfunction27
Sexy::UserDialog,vftable,005a6764,27,0x6c,vfunction28,0046c7f0,Sexy::WidgetContainer::vfunction28
Sexy::UserDialog,vftable,005a6764,28,0x70,vfunction29,0046c9c0,Sexy::WidgetContainer::vfunction29
Sexy::UserDialog,vftable,005a6764,29,0x74,vfunction30,00486bf0,Sexy::ResourceManager::BaseRes::vfunction2
Sexy::UserDialog,vftable,005a6764,30,0x78,vfunction31,00476ab0,Sexy::Dialog::vfunction31_for_Widget
Sexy::UserDialog,vftable,005a6764,31,0x7c,vfunction32,0046de80,Sexy::Widget::vfunction32
Sexy::UserDialog,vftable,005a6764,32,0x80,vfunction33,0046df70,Sexy::Widget::vfunction33
Sexy::UserDialog,vftable,005a6764,33,0x84,vfunction34,0046ded0,Sexy::Widget::vfunction34
Sexy::UserDialog,vftable,005a6764,34,0x88,vfunction35,004762d0,Sexy::Dialog::vfunction35_for_Widget
Sexy::UserDialog,vftable,005a6764,35,0x8c,vfunction36,0046e130,Sexy::Widget::vfunction36
Sexy::UserDialog,vftable,005a6764,36,0x90,vfunction37,0046e0c0,Sexy::Widget::vfunction37
Sexy::UserDialog,vftable,005a6764,37,0x94,vfunction38,0046e270,Sexy::Widget::vfunction38
Sexy::UserDialog,vftable,005a6764,38,0x98,vfunction39,0046e370,Sexy::Widget::vfunction39
Sexy::UserDialog,vftable,005a6764,39,0x9c,vfunction40,0046e210,Sexy::Widget::vfunction40
Sexy::UserDialog,vftable,005a6764,40,0xa0,vfunction41,00531f50,Sexy::UserDialog::vfunction41
Sexy::UserDialog,vftable,005a6764,41,0xa4,vfunction42,0046e240,Sexy::Widget::vfunction42
Sexy::UserDialog,vftable,005a6764,42,0xa8,vfunction43,0046e260,Sexy::Widget::vfunction43
Sexy::UserDialog,vftable,005a6764,43,0xac,vfunction44,0046deb0,Sexy::Widget::vfunction44
Sexy::UserDialog,vftable,005a6764,44,0xb0,vfunction45,0046c690,Sexy::ResourceManager::vfunction14
Sexy::UserDialog,vftable,005a6764,45,0xb4,vfunction46,0046e2f0,Sexy::Widget::vfunction46
Sexy::UserDialog,vftable,005a6764,46,0xb8,vfunction47,0046e300,Sexy::Widget::vfunction47
Sexy::UserDialog,vftable,005a6764,47,0xbc,vfunction48,0046c690,Sexy::ResourceManager::vfunction14
Sexy::UserDialog,vftable,005a6764,48,0xc0,vfunction49,0046e320,Sexy::Widget::vfunction49
Sexy::UserDialog,vftable,005a6764,49,0xc4,vfunction50,0046c690,Sexy::ResourceManager::vfunction14
Sexy::UserDialog,vftable,005a6764,50,0xc8,vfunction51,00486bf0,Sexy::ResourceManager::BaseRes::vfunction2
Sexy::UserDialog,vftable,005a6764,51,0xcc,vfunction52,00486bf0,Sexy::ResourceManager::BaseRes::vfunction2
Sexy::UserDialog,vftable,005a6764,52,0xd0,vfunction53,0046eb50,Sexy::DialogListener::vfunction1
Sexy::UserDialog,vftable,005a6764,53,0xd4,vfunction54,00476c40,Sexy::Dialog::vfunction54_for_Widget
Sexy::UserDialog,vftable,005a6764,54,0xd8,vfunction55,0046e3a0,thunk 00470b50 -> Sexy::Widget::vfunction55
Sexy::UserDialog,vftable,005a6764,55,0xdc,vfunction56,00476d90,Sexy::Dialog::vfunction56_for_Widget
Sexy::UserDialog,vftable,005a6764,56,0xe0,vfunction57,0046e410,thunk 0046eb40 -> Sexy::Widget::vfunction57
Sexy::UserDialog,vftable,005a6764,57,0xe4,vfunction58,0046eb50,Sexy::DialogListener::vfunction1
Sexy::UserDialog,vftable,005a6764,58,0xe8,vfunction59,00476c80,Sexy::Dialog::vfunction59_for_Widget
Sexy::UserDialog,vftable,005a6764,59,0xec,vfunction60,0046c690,Sexy::ResourceManager::vfunction14
Sexy::UserDialog,vftable,005a6764,60,0xf0,vfunction61,0046de70,Sexy::Widget::vfunction61
Sexy::UserDialog,vftable,005a6764,61,0xf4,vfunction62,0046e500,Sexy::Widget::vfunction62
Sexy::UserDialog,vftable,005a6764,62,0xf8,vfunction63,0046e480,Sexy::Widget::vfunction63
Sexy::UserDialog,vftable,005a6764,63,0xfc,vfunction64,0046e620,Sexy::Widget::vfunction64
Sexy::UserDialog,vftable,005a6764,64,0x100,vfunction65,0046e670,Sexy::Widget::vfunction65
Sexy::UserDialog,vftable,005a6764,65,0x104,vfunction66,0046e6b0,Sexy::Widget::vfunction66
Sexy::UserDialog,vftable,005a6764,66,0x108,vfunction67,0046e6d0,Sexy::Widget::vfunction67
Sexy::UserDialog,vftable,005a6764,67,0x10c,vfunction68,0046e700,Sexy::Widget::vfunction68
Sexy::UserDialog,vftable,005a6764,68,0x110,vfunction69,0046e800,Sexy::Widget::vfunction69
Sexy::UserDialog,vftable,005a6764,69,0x114,vfunction70,0046e840,Sexy::Widget::vfunction70
Sexy::UserDialog,vftable,005a6764,70,0x118,vfunction71,00476360,Sexy::Dialog::vfunction71_for_Widget
Sexy::UserDialog,vftable,005a6764,71,0x11c,vfunction72,004763b0,Sexy::Dialog::vfunction72_for_Widget
Sexy::UserDialog,vftable,005a6764,72,0x120,vfunction73,004763e0,Sexy::Dialog::vfunction73_for_Widget
Sexy::UserDialog,vftable,005a6764,73,0x124,vfunction74,00531550,Sexy::RegisterDialog::vfunction74
Sexy::UserDialog,vftable,005a6764,74,0x128,vfunction75,00476dd0,Sexy::Dialog::vfunction75_for_Widget
Sexy::UserDialog,vftable,005a6764,75,0x12c,vfunction76,00476de0,Sexy::Dialog::vfunction76_for_Widget
Sexy::UserDialog,vftable,005a6764,76,0x130,vfunction77,00530a30,Sexy::MoneyDialog::vfunction77_for_Widget
Sexy::UserDialog,vftable,005a6764,77,0x134,vfunction78,00530b00,Sexy::MoneyDialog::vfunction78_for_Widget
Sexy::VirtualDialog,vftable_1,005a68a0,0,0x0,vfunction1,0046ca30,Sexy::ButtonListener::vfunction1
Sexy::VirtualDialog,vftable_1,005a68a0,1,0x4,vfunction2,00530ac0,Sexy::MoneyDialog::vfunction2_for_ButtonListener
Sexy::VirtualDialog,vftable_1,005a68a0,2,0x8,vfunction3,00530ae0,Sexy::MoneyDialog::vfunction3_for_ButtonListener
Sexy::VirtualDialog,vftable_1,005a68a0,3,0xc,vfunction4,0046c690,Sexy::ResourceManager::vfunction14
Sexy::VirtualDialog,vftable_1,005a68a0,4,0x10,vfunction5,0046c690,Sexy::ResourceManager::vfunction14
Sexy::VirtualDialog,vftable_1,005a68a0,5,0x14,vfunction6,0046c690,Sexy::ResourceManager::vfunction14
Sexy::VirtualDialog,vftable_1,005a68a0,6,0x18,vfunction7,0049b300,Sexy::Image::vfunction3
Sexy::VirtualDialog,vftable,005a68c4,0,0x0,vfunction1,00532bc0,Sexy::VirtualDialog::deleting_destructor
Sexy::VirtualDialog,vftable,005a68c4,1,0x4,vfunction2,0046b5b0,Sexy::WidgetContainer::vfunction2
Sexy::VirtualDialog,vftable,005a68c4,2,0x8,vfunction3,0046b5d0,Sexy::WidgetContainer::vfunction3
Sexy::VirtualDialog,vftable,005a68c4,3,0xc,vfunction4,0046b640,Sexy::WidgetContainer::vfunction4
Sexy::VirtualDialog,vftable,005a68c4,4,0x10,vfunction5,0046b760,Sexy::WidgetContainer::vfunction5
Sexy::VirtualDialog,vftable,005a68c4,5,0x14,vfunction6,0046b700,Sexy::WidgetContainer::vfunction6
Sexy::VirtualDialog,vftable,005a68c4,6,0x18,vfunction7,0046c690,Sexy::ResourceManager::vfunction14
Sexy::VirtualDialog,vftable,005a68c4,7,0x1c,vfunction8,0046b550,Sexy::WidgetContainer::vfunction8
Sexy::VirtualDialog,vftable,005a68c4,8,0x20,vfunction9,0046c690,Sexy::ResourceManager::vfunction14
Sexy::VirtualDialog,vftable,005a68c4,9,0x24,vfunction10,0046ba90,Sexy::WidgetContainer::vfunction10
Sexy::VirtualDialog,vftable,005a68c4,10,0x28,vfunction11,0046bab0,Sexy::WidgetContainer::vfunction11
Sexy::VirtualDialog,vftable,005a68c4,11,0x2c,vfunction12,0046bc50,Sexy::WidgetContainer::vfunction12
Sexy::VirtualDialog,vftable,005a68c4,12,0x30,vfunction13,0046bd20,Sexy::WidgetContainer::vfunction13
Sexy::VirtualDialog,vftable,005a68c4,13,0x34,vfunction14,0046bdf0,Sexy::WidgetContainer::vfunction14
Sexy::VirtualDialog,vftable,005a68c4,14,0x38,vfunction15,0046bf00,Sexy::WidgetContainer::vfunction15
Sexy::VirtualDialog,vftable,005a68c4,15,0x3c,vfunction16,0046c030,Sexy::WidgetContainer::vfunction16
Sexy::VirtualDialog,vftable,005a68c4,16,0x40,vfunction17,0046c430,Sexy::WidgetContainer::vfunction17
Sexy::VirtualDialog,vftable,005a68c4,17,0x44,vfunction18,0046c180,Sexy::WidgetContainer::vfunction18
Sexy::VirtualDialog,vftable,005a68c4,18,0x48,vfunction19,0046c1c0,Sexy::WidgetContainer::vfunction19
Sexy::VirtualDialog,vftable,005a68c4,19,0x4c,vfunction20,0046c1a0,Sexy::WidgetContainer::vfunction20
Sexy::VirtualDialog,vftable,005a68c4,20,0x50,vfunction21,00476a30,Sexy::Dialog::vfunction21_for_Widget
Sexy::VirtualDialog,vftable,005a68c4,21,0x54,vfunction22,00476a70,Sexy::Dialog::vfunction22_for_Widget
Sexy::VirtualDialog,vftable,005a68c4,22,0x58,vfunction23,00532350,Sexy::VirtualDialog::vfunction23
Sexy::VirtualDialog,vftable,005a68c4,23,0x5c,vfunction24,0046c500,Sexy::WidgetContainer::vfunction24
Sexy::VirtualDialog,vftable,005a68c4,24,0x60,vfunction25,0046c690,Sexy::ResourceManager::vfunction14
Sexy::VirtualDialog,vftable,005a68c4,25,0x64,vfunction26,0046c6a0,Sexy::WidgetContainer::vfunction26
Sexy::VirtualDialog,vftable,005a68c4,26,0x68,vfunction27,00536e70,Sexy::VirtualDialog::vfunction27
Sexy::VirtualDialog,vftable,005a68c4,27,0x6c,vfunction28,0046c7f0,Sexy::WidgetContainer::vfunction28
Sexy::VirtualDialog,vftable,005a68c4,28,0x70,vfunction29,0046c9c0,Sexy::WidgetContainer::vfunction29
Sexy::VirtualDialog,vftable,005a68c4,29,0x74,vfunction30,00486bf0,Sexy::ResourceManager::BaseRes::vfunction2
Sexy::VirtualDialog,vftable,005a68c4,30,0x78,vfunction31,00476ab0,Sexy::Dialog::vfunction31_for_Widget
Sexy::VirtualDialog,vftable,005a68c4,31,0x7c,vfunction32,0046de80,Sexy::Widget::vfunction32
Sexy::VirtualDialog,vftable,005a68c4,32,0x80,vfunction33,0046df70,Sexy::Widget::vfunction33
Sexy::VirtualDialog,vftable,005a68c4,33,0x84,vfunction34,0046ded0,Sexy::Widget::vfunction34
Sexy::VirtualDialog,vftable,005a68c4,34,0x88,vfunction35,004762d0,Sexy::Dialog::vfunction35_for_Widget
Sexy::VirtualDialog,vftable,005a68c4,35,0x8c,vfunction36,0046e130,Sexy::Widget::vfunction36
Sexy::VirtualDialog,vftable,005a68c4,36,0x90,vfunction37,0046e0c0,Sexy::Widget::vfunction37
Sexy::VirtualDialog,vftable,005a68c4,37,0x94,vfunction38,0046e270,Sexy::Widget::vfunction38
Sexy::VirtualDialog,vftable,005a68c4,38,0x98,vfunction39,0046e370,Sexy::Widget::vfunction39
Sexy::VirtualDialog,vftable,005a68c4,39,0x9c,vfunction40,0046e210,Sexy::Widget::vfunction40
Sexy::VirtualDialog,vftable,005a68c4,40,0xa0,vfunction41,005322f0,Sexy::VirtualDialog::vfunction41
Sexy::VirtualDialog,vftable,005a68c4,41,0xa4,vfunction42,0046e240,Sexy::Widget::vfunction42
Sexy::VirtualDialog,vftable,005a68c4,42,0xa8,vfunction43,0046e260,Sexy::Widget::vfunction43
Sexy::VirtualDialog,vftable,005a68c4,43,0xac,vfunction44,0046deb0,Sexy::Widget::vfunction44
Sexy::VirtualDialog,vftable,005a68c4,44,0xb0,vfunction45,0046c690,Sexy::ResourceManager::vfunction14
Sexy::VirtualDialog,vftable,005a68c4,45,0xb4,vfunction46,0046e2f0,Sexy::Widget::vfunction46
Sexy::VirtualDialog,vftable,005a68c4,46,0xb8,vfunction47,0046e300,Sexy::Widget::vfunction47
Sexy::VirtualDialog,vftable,005a68c4,47,0xbc,vfunction48,0046c690,Sexy::ResourceManager::vfunction14
Sexy::VirtualDialog,vftable,005a68c4,48,0xc0,vfunction49,0046e320,Sexy::Widget::vfunction49
Sexy::VirtualDialog,vftable,005a68c4,49,0xc4,vfunction50,0046c690,Sexy::ResourceManager::vfunction14
Sexy::VirtualDialog,vftable,005a68c4,50,0xc8,vfunction51,00486bf0,Sexy::ResourceManager::BaseRes::vfunction2
Sexy::VirtualDialog,vftable,005a68c4,51,0xcc,vfunction52,00486bf0,Sexy::ResourceManager::BaseRes::vfunction2
Sexy::VirtualDialog,vftable,005a68c4,52,0xd0,vfunction53,0046eb50,Sexy::DialogListener::vfunction1
Sexy::VirtualDialog,vftable,005a68c4,53,0xd4,vfunction54,00476c40,Sexy::Dialog::vfunction54_for_Widget
Sexy::VirtualDialog,vftable,005a68c4,54,0xd8,vfunction55,0046e3a0,thunk 00470b50 -> Sexy::Widget::vfunction55
Sexy::VirtualDialog,vftable,005a68c4,55,0xdc,vfunction56,00476d90,Sexy::Dialog::vfunction56_for_Widget
Sexy::VirtualDialog,vftable,005a68c4,56,0xe0,vfunction57,0046e410,thunk 0046eb40 -> Sexy::Widget::vfunction57
Sexy::VirtualDialog,vftable,005a68c4,57,0xe4,vfunction58,0046eb50,Sexy::DialogListener::vfunction1
Sexy::VirtualDialog,vftable,005a68c4,58,0xe8,vfunction59,00476c80,Sexy::Dialog::vfunction59_for_Widget
Sexy::VirtualDialog,vftable,005a68c4,59,0xec,vfunction60,0046c690,Sexy::ResourceManager::vfunction14
Sexy::VirtualDialog,vftable,005a68c4,60,0xf0,vfunction61,0046de70,Sexy::Widget::vfunction61
Sexy::VirtualDialog,vftable,005a68c4,61,0xf4,vfunction62,0046e500,Sexy::Widget::vfunction62
Sexy::VirtualDialog,vftable,005a68c4,62,0xf8,vfunction63,0046e480,Sexy::Widget::vfunction63
Sexy::VirtualDialog,vftable,005a68c4,63,0xfc,vfunction64,0046e620,Sexy::Widget::vfunction64
Sexy::VirtualDialog,vftable,005a68c4,64,0x100,vfunction65,0046e670,Sexy::Widget::vfunction65
Sexy::VirtualDialog,vftable,005a68c4,65,0x104,vfunction66,0046e6b0,Sexy::Widget::vfunction66
Sexy::VirtualDialog,vftable,005a68c4,66,0x108,vfunction67,0046e6d0,Sexy::Widget::vfunction67
Sexy::VirtualDialog,vftable,005a68c4,67,0x10c,vfunction68,0046e700,Sexy::Widget::vfunction68
Sexy::VirtualDialog,vftable,005a68c4,68,0x110,vfunction69,0046e800,Sexy::Widget::vfunction69
Sexy::VirtualDialog,vftable,005a68c4,69,0x114,vfunction70,0046e840,Sexy::Widget::vfunction70
Sexy::VirtualDialog,vftable,005a68c4,70,0x118,vfunction71,00476360,Sexy::Dialog::vfunction71_for_Widget
Sexy::VirtualDialog,vftable,005a68c4,71,0x11c,vfunction72,004763b0,Sexy::Dialog::vfunction72_for_Widget
Sexy::VirtualDialog,vftable,005a68c4,72,0x120,vfunction73,004763e0,Sexy::Dialog::vfunction73_for_Widget
Sexy::VirtualDialog,vftable,005a68c4,73,0x124,vfunction74,00476570,Sexy::Dialog::vfunction74_for_Widget
Sexy::VirtualDialog,vftable,005a68c4,74,0x128,vfunction75,00476dd0,Sexy::Dialog::vfunction75_for_Widget
Sexy::VirtualDialog,vftable,005a68c4,75,0x12c,vfunction76,00476de0,Sexy::Dialog::vfunction76_for_Widget
Sexy::VirtualDialog,vftable,005a68c4,76,0x130,vfunction77,00530a30,Sexy::MoneyDialog::vfunction77_for_Widget
Sexy::VirtualDialog,vftable,005a68c4,77,0x134,vfunction78,00530b00,Sexy::MoneyDialog::vfunction78_for_Widget
Sexy::ContinueDialog,vftable_1,005a6a00,0,0x0,vfunction1,0046ca30,Sexy::ButtonListener::vfunction1
Sexy::ContinueDialog,vftable_1,005a6a00,1,0x4,vfunction2,00530ac0,Sexy::MoneyDialog::vfunction2_for_ButtonListener
Sexy::ContinueDialog,vftable_1,005a6a00,2,0x8,vfunction3,00533760,Sexy::ContinueDialog::vfunction3
Sexy::ContinueDialog,vftable_1,005a6a00,3,0xc,vfunction4,0046c690,Sexy::ResourceManager::vfunction14
Sexy::ContinueDialog,vftable_1,005a6a00,4,0x10,vfunction5,0046c690,Sexy::ResourceManager::vfunction14
Sexy::ContinueDialog,vftable_1,005a6a00,5,0x14,vfunction6,0046c690,Sexy::ResourceManager::vfunction14
Sexy::ContinueDialog,vftable_1,005a6a00,6,0x18,vfunction7,0049b300,Sexy::Image::vfunction3
Sexy::ContinueDialog,vftable,005a6a24,0,0x0,vfunction1,00532bf0,Sexy::ContinueDialog::deleting_destructor
Sexy::ContinueDialog,vftable,005a6a24,1,0x4,vfunction2,0046b5b0,Sexy::WidgetContainer::vfunction2
Sexy::ContinueDialog,vftable,005a6a24,2,0x8,vfunction3,0046b5d0,Sexy::WidgetContainer::vfunction3
Sexy::ContinueDialog,vftable,005a6a24,3,0xc,vfunction4,0046b640,Sexy::WidgetContainer::vfunction4
Sexy::ContinueDialog,vftable,005a6a24,4,0x10,vfunction5,0046b760,Sexy::WidgetContainer::vfunction5
Sexy::ContinueDialog,vftable,005a6a24,5,0x14,vfunction6,0046b700,Sexy::WidgetContainer::vfunction6
Sexy::ContinueDialog,vftable,005a6a24,6,0x18,vfunction7,0046c690,Sexy::ResourceManager::vfunction14
Sexy::ContinueDialog,vftable,005a6a24,7,0x1c,vfunction8,0046b550,Sexy::WidgetContainer::vfunction8
Sexy::ContinueDialog,vftable,005a6a24,8,0x20,vfunction9,0046c690,Sexy::ResourceManager::vfunction14
Sexy::ContinueDialog,vftable,005a6a24,9,0x24,vfunction10,0046ba90,Sexy::WidgetContainer::vfunction10
Sexy::ContinueDialog,vftable,005a6a24,10,0x28,vfunction11,0046bab0,Sexy::WidgetContainer::vfunction11
Sexy::ContinueDialog,vftable,005a6a24,11,0x2c,vfunction12,0046bc50,Sexy::WidgetContainer::vfunction12
Sexy::ContinueDialog,vftable,005a6a24,12,0x30,vfunction13,0046bd20,Sexy::WidgetContainer::vfunction13
Sexy::ContinueDialog,vftable,005a6a24,13,0x34,vfunction14,0046bdf0,Sexy::WidgetContainer::vfunction14
Sexy::ContinueDialog,vftable,005a6a24,14,0x38,vfunction15,0046bf00,Sexy::WidgetContainer::vfunction15
Sexy::ContinueDialog,vftable,005a6a24,15,0x3c,vfunction16,0046c030,Sexy::WidgetContainer::vfunction16
Sexy::ContinueDialog,vftable,005a6a24,16,0x40,vfunction17,0046c430,Sexy::WidgetContainer::vfunction17
Sexy::ContinueDialog,vftable,005a6a24,17,0x44,vfunction18,0046c180,Sexy::WidgetContainer::vfunction18
Sexy::ContinueDialog,vftable,005a6a24,18,0x48,vfunction19,0046c1c0,Sexy::WidgetContainer::vfunction19
Sexy::ContinueDialog,vftable,005a6a24,19,0x4c,vfunction20,0046c1a0,Sexy::WidgetContainer::vfunction20
Sexy::ContinueDialog,vftable,005a6a24,20,0x50,vfunction21,00530100,Sexy::ContinueDialog::vfunction21
Sexy::ContinueDialog,vftable,005a6a24,21,0x54,vfunction22,00530140,Sexy::ContinueDialog::vfunction22
Sexy::ContinueDialog,vftable,005a6a24,22,0x58,vfunction23,00530a70,Sexy::MoneyDialog::vfunction23_for_Widget
Sexy::ContinueDialog,vftable,005a6a24,23,0x5c,vfunction24,0046c500,Sexy::WidgetContainer::vfunction24
Sexy::ContinueDialog,vftable,005a6a24,24,0x60,vfunction25,0046c690,Sexy::ResourceManager::vfunction14
Sexy::ContinueDialog,vftable,005a6a24,25,0x64,vfunction26,0046c6a0,Sexy::WidgetContainer::vfunction26
Sexy::ContinueDialog,vftable,005a6a24,26,0x68,vfunction27,00476710,Sexy::Dialog::vfunction27_for_Widget
Sexy::ContinueDialog,vftable,005a6a24,27,0x6c,vfunction28,0046c7f0,Sexy::WidgetContainer::vfunction28
Sexy::ContinueDialog,vftable,005a6a24,28,0x70,vfunction29,0046c9c0,Sexy::WidgetContainer::vfunction29
Sexy::ContinueDialog,vftable,005a6a24,29,0x74,vfunction30,00486bf0,Sexy::ResourceManager::BaseRes::vfunction2
Sexy::ContinueDialog,vftable,005a6a24,30,0x78,vfunction31,00476ab0,Sexy::Dialog::vfunction31_for_Widget
Sexy::ContinueDialog,vftable,005a6a24,31,0x7c,vfunction32,0046de80,Sexy::Widget::vfunction32
Sexy::ContinueDialog,vftable,005a6a24,32,0x80,vfunction33,0046df70,Sexy::Widget::vfunction33
Sexy::ContinueDialog,vftable,005a6a24,33,0x84,vfunction34,0046ded0,Sexy::Widget::vfunction34
Sexy::ContinueDialog,vftable,005a6a24,34,0x88,vfunction35,004762d0,Sexy::Dialog::vfunction35_for_Widget
Sexy::ContinueDialog,vftable,005a6a24,35,0x8c,vfunction36,0046e130,Sexy::Widget::vfunction36
Sexy::ContinueDialog,vftable,005a6a24,36,0x90,vfunction37,0046e0c0,Sexy::Widget::vfunction37
Sexy::ContinueDialog,vftable,005a6a24,37,0x94,vfunction38,0046e270,Sexy::Widget::vfunction38
Sexy::ContinueDialog,vftable,005a6a24,38,0x98,vfunction39,0046e370,Sexy::Widget::vfunction39
Sexy::ContinueDialog,vftable,005a6a24,39,0x9c,vfunction40,0046e210,Sexy::Widget::vfunction40
Sexy::ContinueDialog,vftable,005a6a24,40,0xa0,vfunction41,00530030,Sexy::ContinueDialog::vfunction41
Sexy::ContinueDialog,vftable,005a6a24,41,0xa4,vfunction42,0046e240,Sexy::Widget::vfunction42
Sexy::ContinueDialog,vftable,005a6a24,42,0xa8,vfunction43,0046e260,Sexy::Widget::vfunction43
Sexy::ContinueDialog,vftable,005a6a24,43,0xac,vfunction44,0046deb0,Sexy::Widget::vfunction44
Sexy::ContinueDialog,vftable,005a6a24,44,0xb0,vfunction45,0046c690,Sexy::ResourceManager::vfunction14
Sexy::ContinueDialog,vftable,005a6a24,45,0xb4,vfunction46,0046e2f0,Sexy::Widget::vfunction46
Sexy::ContinueDialog,vftable,005a6a24,46,0xb8,vfunction47,0046e300,Sexy::Widget::vfunction47
Sexy::ContinueDialog,vftable,005a6a24,47,0xbc,vfunction48,0046c690,Sexy::ResourceManager::vfunction14
Sexy::ContinueDialog,vftable,005a6a24,48,0xc0,vfunction49,0046e320,Sexy::Widget::vfunction49
Sexy::ContinueDialog,vftable,005a6a24,49,0xc4,vfunction50,0046c690,Sexy::ResourceManager::vfunction14
Sexy::ContinueDialog,vftable,005a6a24,50,0xc8,vfunction51,00486bf0,Sexy::ResourceManager::BaseRes::vfunction2
Sexy::ContinueDialog,vftable,005a6a24,51,0xcc,vfunction52,00486bf0,Sexy::ResourceManager::BaseRes::vfunction2
Sexy::ContinueDialog,vftable,005a6a24,52,0xd0,vfunction53,0046eb50,Sexy::DialogListener::vfunction1
Sexy::ContinueDialog,vftable,005a6a24,53,0xd4,vfunction54,00476c40,Sexy::Dialog::vfunction54_for_Widget
Sexy::ContinueDialog,vftable,005a6a24,54,0xd8,vfunction55,0046e3a0,thunk 00470b50 -> Sexy::Widget::vfunction55
Sexy::ContinueDialog,vftable,005a6a24,55,0xdc,vfunction56,00476d90,Sexy::Dialog::vfunction56_for_Widget
Sexy::ContinueDialog,vftable,005a6a24,56,0xe0,vfunction57,0046e410,thunk 0046eb40 -> Sexy::Widget::vfunction57
Sexy::ContinueDialog,vftable,005a6a24,57,0xe4,vfunction58,0046eb50,Sexy::DialogListener::vfunction1
Sexy::ContinueDialog,vftable,005a6a24,58,0xe8,vfunction59,00476c80,Sexy::Dialog::vfunction59_for_Widget
Sexy::ContinueDialog,vftable,005a6a24,59,0xec,vfunction60,0046c690,Sexy::ResourceManager::vfunction14
Sexy::ContinueDialog,vftable,005a6a24,60,0xf0,vfunction61,0046de70,Sexy::Widget::vfunction61
Sexy::ContinueDialog,vftable,005a6a24,61,0xf4,vfunction62,0046e500,Sexy::Widget::vfunction62
Sexy::ContinueDialog,vftable,005a6a24,62,0xf8,vfunction63,0046e480,Sexy::Widget::vfunction63
Sexy::ContinueDialog,vftable,005a6a24,63,0xfc,vfunction64,0046e620,Sexy::Widget::vfunction64
Sexy::ContinueDialog,vftable,005a6a24,64,0x100,vfunction65,0046e670,Sexy::Widget::vfunction65
Sexy::ContinueDialog,vftable,005a6a24,65,0x104,vfunction66,0046e6b0,Sexy::Widget::vfunction66
Sexy::ContinueDialog,vftable,005a6a24,66,0x108,vfunction67,0046e6d0,Sexy::Widget::vfunction67
Sexy::ContinueDialog,vftable,005a6a24,67,0x10c,vfunction68,0046e700,Sexy::Widget::vfunction68
Sexy::ContinueDialog,vftable,005a6a24,68,0x110,vfunction69,0046e800,Sexy::Widget::vfunction69
Sexy::ContinueDialog,vftable,005a6a24,69,0x114,vfunction70,0046e840,Sexy::Widget::vfunction70
Sexy::ContinueDialog,vftable,005a6a24,70,0x118,vfunction71,00476360,Sexy::Dialog::vfunction71_for_Widget
Sexy::ContinueDialog,vftable,005a6a24,71,0x11c,vfunction72,004763b0,Sexy::Dialog::vfunction72_for_Widget
Sexy::ContinueDialog,vftable,005a6a24,72,0x120,vfunction73,004763e0,Sexy::Dialog::vfunction73_for_Widget
Sexy::ContinueDialog,vftable,005a6a24,73,0x124,vfunction74,00530010,Sexy::NewUserDialog::vfunction74
Sexy::ContinueDialog,vftable,005a6a24,74,0x128,vfunction75,00476dd0,Sexy::Dialog::vfunction75_for_Widget
Sexy::ContinueDialog,vftable,005a6a24,75,0x12c,vfunction76,00476de0,Sexy::Dialog::vfunction76_for_Widget
Sexy::ContinueDialog,vftable,005a6a24,76,0x130,vfunction77,00530a30,Sexy::MoneyDialog::vfunction77_for_Widget
Sexy::ContinueDialog,vftable,005a6a24,77,0x134,vfunction78,00530b00,Sexy::MoneyDialog::vfunction78_for_Widget
Sexy::FishNamingDialog,vftable_2,005a6b60,0,0x0,vfunction1,00530ce0,Sexy::NewUserDialog::vfunction1
Sexy::FishNamingDialog,vftable_2,005a6b60,1,0x4,vfunction2,004d5350,Sexy::EditListener::vfunction2
Sexy::FishNamingDialog,vftable_2,005a6b60,2,0x8,vfunction3,005302e0,Sexy::FishNamingDialog::vfunction3
Sexy::FishNamingDialog,vftable_2,005a6b60,3,0xc,vfunction4,004d5350,Sexy::EditListener::vfunction2
Sexy::FishNamingDialog,vftable_1,005a6b74,0,0x0,vfunction1,0046ca30,Sexy::ButtonListener::vfunction1
Sexy::FishNamingDialog,vftable_1,005a6b74,1,0x4,vfunction2,00530ac0,Sexy::MoneyDialog::vfunction2_for_ButtonListener
Sexy::FishNamingDialog,vftable_1,005a6b74,2,0x8,vfunction3,00530ae0,Sexy::MoneyDialog::vfunction3_for_ButtonListener
Sexy::FishNamingDialog,vftable_1,005a6b74,3,0xc,vfunction4,0046c690,Sexy::ResourceManager::vfunction14
Sexy::FishNamingDialog,vftable_1,005a6b74,4,0x10,vfunction5,0046c690,Sexy::ResourceManager::vfunction14
Sexy::FishNamingDialog,vftable_1,005a6b74,5,0x14,vfunction6,0046c690,Sexy::ResourceManager::vfunction14
Sexy::FishNamingDialog,vftable_1,005a6b74,6,0x18,vfunction7,0049b300,Sexy::Image::vfunction3
Sexy::FishNamingDialog,vftable,005a6b94,0,0x0,vfunction1,00532d70,Sexy::FishNamingDialog::deleting_destructor
Sexy::FishNamingDialog,vftable,005a6b94,1,0x4,vfunction2,0046b5b0,Sexy::WidgetContainer::vfunction2
Sexy::FishNamingDialog,vftable,005a6b94,2,0x8,vfunction3,0046b5d0,Sexy::WidgetContainer::vfunction3
Sexy::FishNamingDialog,vftable,005a6b94,3,0xc,vfunction4,0046b640,Sexy::WidgetContainer::vfunction4
Sexy::FishNamingDialog,vftable,005a6b94,4,0x10,vfunction5,0046b760,Sexy::WidgetContainer::vfunction5
Sexy::FishNamingDialog,vftable,005a6b94,5,0x14,vfunction6,0046b700,Sexy::WidgetContainer::vfunction6
Sexy::FishNamingDialog,vftable,005a6b94,6,0x18,vfunction7,0046c690,Sexy::ResourceManager::vfunction14
Sexy::FishNamingDialog,vftable,005a6b94,7,0x1c,vfunction8,0046b550,Sexy::WidgetContainer::vfunction8
Sexy::FishNamingDialog,vftable,005a6b94,8,0x20,vfunction9,0046c690,Sexy::ResourceManager::vfunction14
Sexy::FishNamingDialog,vftable,005a6b94,9,0x24,vfunction10,0046ba90,Sexy::WidgetContainer::vfunction10
Sexy::FishNamingDialog,vftable,005a6b94,10,0x28,vfunction11,0046bab0,Sexy::WidgetContainer::vfunction11
Sexy::FishNamingDialog,vftable,005a6b94,11,0x2c,vfunction12,0046bc50,Sexy::WidgetContainer::vfunction12
Sexy::FishNamingDialog,vftable,005a6b94,12,0x30,vfunction13,0046bd20,Sexy::WidgetContainer::vfunction13
Sexy::FishNamingDialog,vftable,005a6b94,13,0x34,vfunction14,0046bdf0,Sexy::WidgetContainer::vfunction14
Sexy::FishNamingDialog,vftable,005a6b94,14,0x38,vfunction15,0046bf00,Sexy::WidgetContainer::vfunction15
Sexy::FishNamingDialog,vftable,005a6b94,15,0x3c,vfunction16,0046c030,Sexy::WidgetContainer::vfunction16
Sexy::FishNamingDialog,vftable,005a6b94,16,0x40,vfunction17,0046c430,Sexy::WidgetContainer::vfunction17
Sexy::FishNamingDialog,vftable,005a6b94,17,0x44,vfunction18,0046c180,Sexy::WidgetContainer::vfunction18
Sexy::FishNamingDialog,vftable,005a6b94,18,0x48,vfunction19,0046c1c0,Sexy::WidgetContainer::vfunction19
Sexy::FishNamingDialog,vftable,005a6b94,19,0x4c,vfunction20,0046c1a0,Sexy::WidgetContainer::vfunction20
Sexy::FishNamingDialog,vftable,005a6b94,20,0x50,vfunction21,00530220,Sexy::NewUserDialog::vfunction21
Sexy::FishNamingDialog,vftable,005a6b94,21,0x54,vfunction22,00530260,Sexy::NewUserDialog::vfunction22
Sexy::FishNamingDialog,vftable,005a6b94,22,0x58,vfunction23,00530a70,Sexy::MoneyDialog::vfunction23_for_Widget
Sexy::FishNamingDialog,vftable,005a6b94,23,0x5c,vfunction24,0046c500,Sexy::WidgetContainer::vfunction24
Sexy::FishNamingDialog,vftable,005a6b94,24,0x60,vfunction25,0046c690,Sexy::ResourceManager::vfunction14
Sexy::FishNamingDialog,vftable,005a6b94,25,0x64,vfunction26,0046c6a0,Sexy::WidgetContainer::vfunction26
Sexy::FishNamingDialog,vftable,005a6b94,26,0x68,vfunction27,00533c60,Sexy::FishNamingDialog::vfunction27
Sexy::FishNamingDialog,vftable,005a6b94,27,0x6c,vfunction28,0046c7f0,Sexy::WidgetContainer::vfunction28
Sexy::FishNamingDialog,vftable,005a6b94,28,0x70,vfunction29,0046c9c0,Sexy::WidgetContainer::vfunction29
Sexy::FishNamingDialog,vftable,005a6b94,29,0x74,vfunction30,00486bf0,Sexy::ResourceManager::BaseRes::vfunction2
Sexy::FishNamingDialog,vftable,005a6b94,30,0x78,vfunction31,00476ab0,Sexy::Dialog::vfunction31_for_Widget
Sexy::FishNamingDialog,vftable,005a6b94,31,0x7c,vfunction32,0046de80,Sexy::Widget::vfunction32
Sexy::FishNamingDialog,vftable,005a6b94,32,0x80,vfunction33,0046df70,Sexy::Widget::vfunction33
Sexy::FishNamingDialog,vftable,005a6b94,33,0x84,vfunction34,0046ded0,Sexy::Widget::vfunction34
Sexy::FishNamingDialog,vftable,005a6b94,34,0x88,vfunction35,004762d0,Sexy::Dialog::vfunction35_for_Widget
Sexy::FishNamingDialog,vftable,005a6b94,35,0x8c,vfunction36,0046e130,Sexy::Widget::vfunction36
Sexy::FishNamingDialog,vftable,005a6b94,36,0x90,vfunction37,0046e0c0,Sexy::Widget::vfunction37
Sexy::FishNamingDialog,vftable,005a6b94,37,0x94,vfunction38,0046e270,Sexy::Widget::vfunction38
Sexy::FishNamingDialog,vftable,005a6b94,38,0x98,vfunction39,0046e370,Sexy::Widget::vfunction39
Sexy::FishNamingDialog,vftable,005a6b94,39,0x9c,vfunction40,0046e210,Sexy::Widget::vfunction40
Sexy::FishNamingDialog,vftable,005a6b94,40,0xa0,vfunction41,00530290,Sexy::FishNamingDialog::vfunction41
Sexy::FishNamingDialog,vftable,005a6b94,41,0xa4,vfunction42,0046e240,Sexy::Widget::vfunction42
Sexy::FishNamingDialog,vftable,005a6b94,42,0xa8,vfunction43,0046e260,Sexy::Widget::vfunction43
Sexy::FishNamingDialog,vftable,005a6b94,43,0xac,vfunction44,0046deb0,Sexy::Widget::vfunction44
Sexy::FishNamingDialog,vftable,005a6b94,44,0xb0,vfunction45,0046c690,Sexy::ResourceManager::vfunction14
Sexy::FishNamingDialog,vftable,005a6b94,45,0xb4,vfunction46,0046e2f0,Sexy::Widget::vfunction46
Sexy::FishNamingDialog,vftable,005a6b94,46,0xb8,vfunction47,0046e300,Sexy::Widget::vfunction47
Sexy::FishNamingDialog,vftable,005a6b94,47,0xbc,vfunction48,0046c690,Sexy::ResourceManager::vfunction14
Sexy::FishNamingDialog,vftable,005a6b94,48,0xc0,vfunction49,0046e320,Sexy::Widget::vfunction49
Sexy::FishNamingDialog,vftable,005a6b94,49,0xc4,vfunction50,0046c690,Sexy::ResourceManager::vfunction14
Sexy::FishNamingDialog,vftable,005a6b94,50,0xc8,vfunction51,00486bf0,Sexy::ResourceManager::BaseRes::vfunction2
Sexy::FishNamingDialog,vftable,005a6b94,51,0xcc,vfunction52,00486bf0,Sexy::ResourceManager::BaseRes::vfunction2
Sexy::FishNamingDialog,vftable,005a6b94,52,0xd0,vfunction53,0046eb50,Sexy::DialogListener::vfunction1
Sexy::FishNamingDialog,vftable,005a6b94,53,0xd4,vfunction54,00476c40,Sexy::Dialog::vfunction54_for_Widget
Sexy::FishNamingDialog,vftable,005a6b94,54,0xd8,vfunction55,0046e3a0,thunk 00470b50 -> Sexy::Widget::vfunction55
Sexy::FishNamingDialog,vftable,005a6b94,55,0xdc,vfunction56,00476d90,Sexy::Dialog::vfunction56_for_Widget
Sexy::FishNamingDialog,vftable,005a6b94,56,0xe0,vfunction57,0046e410,thunk 0046eb40 -> Sexy::Widget::vfunction57
Sexy::FishNamingDialog,vftable,005a6b94,57,0xe4,vfunction58,0046eb50,Sexy::DialogListener::vfunction1
Sexy::FishNamingDialog,vftable,005a6b94,58,0xe8,vfunction59,00476c80,Sexy::Dialog::vfunction59_for_Widget
Sexy::FishNamingDialog,vftable,005a6b94,59,0xec,vfunction60,0046c690,Sexy::ResourceManager::vfunction14
Sexy::FishNamingDialog,vftable,005a6b94,60,0xf0,vfunction61,0046de70,Sexy::Widget::vfunction61
Sexy::FishNamingDialog,vftable,005a6b94,61,0xf4,vfunction62,0046e500,Sexy::Widget::vfunction62
Sexy::FishNamingDialog,vftable,005a6b94,62,0xf8,vfunction63,0046e480,Sexy::Widget::vfunction63
Sexy::FishNamingDialog,vftable,005a6b94,63,0xfc,vfunction64,0046e620,Sexy::Widget::vfunction64
Sexy::FishNamingDialog,vftable,005a6b94,64,0x100,vfunction65,0046e670,Sexy::Widget::vfunction65
Sexy::FishNamingDialog,vftable,005a6b94,65,0x104,vfunction66,0046e6b0,Sexy::Widget::vfunction66
Sexy::FishNamingDialog,vftable,005a6b94,66,0x108,vfunction67,0046e6d0,Sexy::Widget::vfunction67
Sexy::FishNamingDialog,vftable,005a6b94,67,0x10c,vfunction68,0046e700,Sexy::Widget::vfunction68
Sexy::FishNamingDialog,vftable,005a6b94,68,0x110,vfunction69,0046e800,Sexy::Widget::vfunction69
Sexy::FishNamingDialog,vftable,005a6b94,69,0x114,vfunction70,0046e840,Sexy::Widget::vfunction70
Sexy::FishNamingDialog,vftable,005a6b94,70,0x118,vfunction71,00476360,Sexy::Dialog::vfunction71_for_Widget
Sexy::FishNamingDialog,vftable,005a6b94,71,0x11c,vfunction72,004763b0,Sexy::Dialog::vfunction72_for_Widget
Sexy::FishNamingDialog,vftable,005a6b94,72,0x120,vfunction73,004763e0,Sexy::Dialog::vfunction73_for_Widget
Sexy::FishNamingDialog,vftable,005a6b94,73,0x124,vfunction74,005301f0,Sexy::FishNamingDialog::vfunction74
Sexy::FishNamingDialog,vftable,005a6b94,74,0x128,vfunction75,00476dd0,Sexy::Dialog::vfunction75_for_Widget
Sexy::FishNamingDialog,vftable,005a6b94,75,0x12c,vfunction76,00476de0,Sexy::Dialog::vfunction76_for_Widget
Sexy::FishNamingDialog,vftable,005a6b94,76,0x130,vfunction77,00530a30,Sexy::MoneyDialog::vfunction77_for_Widget
Sexy::FishNamingDialog,vftable,005a6b94,77,0x134,vfunction78,00530b00,Sexy::MoneyDialog::vfunction78_for_Widget
Sexy::FoodDialog,vftable_1,005a6cd0,0,0x0,vfunction1,0046ca30,Sexy::ButtonListener::vfunction1
Sexy::FoodDialog,vftable_1,005a6cd0,1,0x4,vfunction2,00530ac0,Sexy::MoneyDialog::vfunction2_for_ButtonListener
Sexy::FoodDialog,vftable_1,005a6cd0,2,0x8,vfunction3,00530ae0,Sexy::MoneyDialog::vfunction3_for_ButtonListener
Sexy::FoodDialog,vftable_1,005a6cd0,3,0xc,vfunction4,0046c690,Sexy::ResourceManager::vfunction14
Sexy::FoodDialog,vftable_1,005a6cd0,4,0x10,vfunction5,0046c690,Sexy::ResourceManager::vfunction14
Sexy::FoodDialog,vftable_1,005a6cd0,5,0x14,vfunction6,0046c690,Sexy::ResourceManager::vfunction14
Sexy::FoodDialog,vftable_1,005a6cd0,6,0x18,vfunction7,0049b300,Sexy::Image::vfunction3
Sexy::FoodDialog,vftable,005a6cf4,0,0x0,vfunction1,00532da0,Sexy::FoodDialog::deleting_destructor
Sexy::FoodDialog,vftable,005a6cf4,1,0x4,vfunction2,0046b5b0,Sexy::WidgetContainer::vfunction2
Sexy::FoodDialog,vftable,005a6cf4,2,0x8,vfunction3,0046b5d0,Sexy::WidgetContainer::vfunction3
Sexy::FoodDialog,vftable,005a6cf4,3,0xc,vfunction4,0046b640,Sexy::WidgetContainer::vfunction4
Sexy::FoodDialog,vftable,005a6cf4,4,0x10,vfunction5,0046b760,Sexy::WidgetContainer::vfunction5
Sexy::FoodDialog,vftable,005a6cf4,5,0x14,vfunction6,0046b700,Sexy::WidgetContainer::vfunction6
Sexy::FoodDialog,vftable,005a6cf4,6,0x18,vfunction7,0046c690,Sexy::ResourceManager::vfunction14
Sexy::FoodDialog,vftable,005a6cf4,7,0x1c,vfunction8,0046b550,Sexy::WidgetContainer::vfunction8
Sexy::FoodDialog,vftable,005a6cf4,8,0x20,vfunction9,0046c690,Sexy::ResourceManager::vfunction14
Sexy::FoodDialog,vftable,005a6cf4,9,0x24,vfunction10,0046ba90,Sexy::WidgetContainer::vfunction10
Sexy::FoodDialog,vftable,005a6cf4,10,0x28,vfunction11,0046bab0,Sexy::WidgetContainer::vfunction11
Sexy::FoodDialog,vftable,005a6cf4,11,0x2c,vfunction12,0046bc50,Sexy::WidgetContainer::vfunction12
Sexy::FoodDialog,vftable,005a6cf4,12,0x30,vfunction13,0046bd20,Sexy::WidgetContainer::vfunction13
Sexy::FoodDialog,vftable,005a6cf4,13,0x34,vfunction14,0046bdf0,Sexy::WidgetContainer::vfunction14
Sexy::FoodDialog,vftable,005a6cf4,14,0x38,vfunction15,0046bf00,Sexy::WidgetContainer::vfunction15
Sexy::FoodDialog,vftable,005a6cf4,15,0x3c,vfunction16,0046c030,Sexy::WidgetContainer::vfunction16
Sexy::FoodDialog,vftable,005a6cf4,16,0x40,vfunction17,0046c430,Sexy::WidgetContainer::vfunction17
Sexy::FoodDialog,vftable,005a6cf4,17,0x44,vfunction18,0046c180,Sexy::WidgetContainer::vfunction18
Sexy::FoodDialog,vftable,005a6cf4,18,0x48,vfunction19,0046c1c0,Sexy::WidgetContainer::vfunction19
Sexy::FoodDialog,vftable,005a6cf4,19,0x4c,vfunction20,0046c1a0,Sexy::WidgetContainer::vfunction20
Sexy::FoodDialog,vftable,005a6cf4,20,0x50,vfunction21,00476a30,Sexy::Dialog::vfunction21_for_Widget
Sexy::FoodDialog,vftable,005a6cf4,21,0x54,vfunction22,00476a70,Sexy::Dialog::vfunction22_for_Widget
Sexy::FoodDialog,vftable,005a6cf4,22,0x58,vfunction23,00530a70,Sexy::MoneyDialog::vfunction23_for_Widget
Sexy::FoodDialog,vftable,005a6cf4,23,0x5c,vfunction24,0046c500,Sexy::WidgetContainer::vfunction24
Sexy::FoodDialog,vftable,005a6cf4,24,0x60,vfunction25,0046c690,Sexy::ResourceManager::vfunction14
Sexy::FoodDialog,vftable,005a6cf4,25,0x64,vfunction26,0046c6a0,Sexy::WidgetContainer::vfunction26
Sexy::FoodDialog,vftable,005a6cf4,26,0x68,vfunction27,00534030,Sexy::FoodDialog::vfunction27
Sexy::FoodDialog,vftable,005a6cf4,27,0x6c,vfunction28,0046c7f0,Sexy::WidgetContainer::vfunction28
Sexy::FoodDialog,vftable,005a6cf4,28,0x70,vfunction29,0046c9c0,Sexy::WidgetContainer::vfunction29
Sexy::FoodDialog,vftable,005a6cf4,29,0x74,vfunction30,00486bf0,Sexy::ResourceManager::BaseRes::vfunction2
Sexy::FoodDialog,vftable,005a6cf4,30,0x78,vfunction31,00476ab0,Sexy::Dialog::vfunction31_for_Widget
Sexy::FoodDialog,vftable,005a6cf4,31,0x7c,vfunction32,0046de80,Sexy::Widget::vfunction32
Sexy::FoodDialog,vftable,005a6cf4,32,0x80,vfunction33,0046df70,Sexy::Widget::vfunction33
Sexy::FoodDialog,vftable,005a6cf4,33,0x84,vfunction34,0046ded0,Sexy::Widget::vfunction34
Sexy::FoodDialog,vftable,005a6cf4,34,0x88,vfunction35,004762d0,Sexy::Dialog::vfunction35_for_Widget
Sexy::FoodDialog,vftable,005a6cf4,35,0x8c,vfunction36,0046e130,Sexy::Widget::vfunction36
Sexy::FoodDialog,vftable,005a6cf4,36,0x90,vfunction37,0046e0c0,Sexy::Widget::vfunction37
Sexy::FoodDialog,vftable,005a6cf4,37,0x94,vfunction38,0046e270,Sexy::Widget::vfunction38
Sexy::FoodDialog,vftable,005a6cf4,38,0x98,vfunction39,0046e370,Sexy::Widget::vfunction39
Sexy::FoodDialog,vftable,005a6cf4,39,0x9c,vfunction40,0046e210,Sexy::Widget::vfunction40
Sexy::FoodDialog,vftable,005a6cf4,40,0xa0,vfunction41,00530310,Sexy::FoodDialog::vfunction41
Sexy::FoodDialog,vftable,005a6cf4,41,0xa4,vfunction42,0046e240,Sexy::Widget::vfunction42
Sexy::FoodDialog,vftable,005a6cf4,42,0xa8,vfunction43,0046e260,Sexy::Widget::vfunction43
Sexy::FoodDialog,vftable,005a6cf4,43,0xac,vfunction44,0046deb0,Sexy::Widget::vfunction44
Sexy::FoodDialog,vftable,005a6cf4,44,0xb0,vfunction45,0046c690,Sexy::ResourceManager::vfunction14
Sexy::FoodDialog,vftable,005a6cf4,45,0xb4,vfunction46,0046e2f0,Sexy::Widget::vfunction46
Sexy::FoodDialog,vftable,005a6cf4,46,0xb8,vfunction47,0046e300,Sexy::Widget::vfunction47
Sexy::FoodDialog,vftable,005a6cf4,47,0xbc,vfunction48,0046c690,Sexy::ResourceManager::vfunction14
Sexy::FoodDialog,vftable,005a6cf4,48,0xc0,vfunction49,0046e320,Sexy::Widget::vfunction49
Sexy::FoodDialog,vftable,005a6cf4,49,0xc4,vfunction50,0046c690,Sexy::ResourceManager::vfunction14
Sexy::FoodDialog,vftable,005a6cf4,50,0xc8,vfunction51,00486bf0,Sexy::ResourceManager::BaseRes::vfunction2
Sexy::FoodDialog,vftable,005a6cf4,51,0xcc,vfunction52,00530360,Sexy::PetDialog::vfunction52
Sexy::FoodDialog,vftable,005a6cf4,52,0xd0,vfunction53,00532780,Sexy::FoodDialog::vfunction53
Sexy::FoodDialog,vftable,005a6cf4,53,0xd4,vfunction54,00476c40,Sexy::Dialog::vfunction54_for_Widget
Sexy::FoodDialog,vftable,005a6cf4,54,0xd8,vfunction55,00532690,Sexy::FoodDialog::vfunction55
Sexy::FoodDialog,vftable,005a6cf4,55,0xdc,vfunction56,00476d90,Sexy::Dialog::vfunction56_for_Widget
Sexy::FoodDialog,vftable,005a6cf4,56,0xe0,vfunction57,005326c0,Sexy::FoodDialog::vfunction57
Sexy::FoodDialog,vftable,005a6cf4,57,0xe4,vfunction58,0046eb50,Sexy::DialogListener::vfunction1
Sexy::FoodDialog,vftable,005a6cf4,58,0xe8,vfunction59,00476c80,Sexy::Dialog::vfunction59_for_Widget
Sexy::FoodDialog,vftable,005a6cf4,59,0xec,vfunction60,0046c690,Sexy::ResourceManager::vfunction14
Sexy::FoodDialog,vftable,005a6cf4,60,0xf0,vfunction61,0046de70,Sexy::Widget::vfunction61
Sexy::FoodDialog,vftable,005a6cf4,61,0xf4,vfunction62,0046e500,Sexy::Widget::vfunction62
Sexy::FoodDialog,vftable,005a6cf4,62,0xf8,vfunction63,0046e480,Sexy::Widget::vfunction63
Sexy::FoodDialog,vftable,005a6cf4,63,0xfc,vfunction64,0046e620,Sexy::Widget::vfunction64
Sexy::FoodDialog,vftable,005a6cf4,64,0x100,vfunction65,0046e670,Sexy::Widget::vfunction65
Sexy::FoodDialog,vftable,005a6cf4,65,0x104,vfunction66,0046e6b0,Sexy::Widget::vfunction66
Sexy::FoodDialog,vftable,005a6cf4,66,0x108,vfunction67,0046e6d0,Sexy::Widget::vfunction67
Sexy::FoodDialog,vftable,005a6cf4,67,0x10c,vfunction68,0046e700,Sexy::Widget::vfunction68
Sexy::FoodDialog,vftable,005a6cf4,68,0x110,vfunction69,0046e800,Sexy::Widget::vfunction69
Sexy::FoodDialog,vftable,005a6cf4,69,0x114,vfunction70,0046e840,Sexy::Widget::vfunction70
Sexy::FoodDialog,vftable,005a6cf4,70,0x118,vfunction71,00476360,Sexy::Dialog::vfunction71_for_Widget
Sexy::FoodDialog,vftable,005a6cf4,71,0x11c,vfunction72,004763b0,Sexy::Dialog::vfunction72_for_Widget
Sexy::FoodDialog,vftable,005a6cf4,72,0x120,vfunction73,004763e0,Sexy::Dialog::vfunction73_for_Widget
Sexy::FoodDialog,vftable,005a6cf4,73,0x124,vfunction74,00476570,Sexy::Dialog::vfunction74_for_Widget
Sexy::FoodDialog,vftable,005a6cf4,74,0x128,vfunction75,00476dd0,Sexy::Dialog::vfunction75_for_Widget
Sexy::FoodDialog,vftable,005a6cf4,75,0x12c,vfunction76,00476de0,Sexy::Dialog::vfunction76_for_Widget
Sexy::FoodDialog,vftable,005a6cf4,76,0x130,vfunction77,00530a30,Sexy::MoneyDialog::vfunction77_for_Widget
Sexy::FoodDialog,vftable,005a6cf4,77,0x134,vfunction78,00530b00,Sexy::MoneyDialog::vfunction78_for_Widget
Sexy::MenuButtonWidget,vftable,005a6e34,0,0x0,vfunction1,00533330,Sexy::MenuButtonWidget::deleting_destructor
Sexy::MenuButtonWidget,vftable,005a6e34,1,0x4,vfunction2,0046b5b0,Sexy::WidgetContainer::vfunction2
Sexy::MenuButtonWidget,vftable,005a6e34,2,0x8,vfunction3,0046b5d0,Sexy::WidgetContainer::vfunction3
Sexy::MenuButtonWidget,vftable,005a6e34,3,0xc,vfunction4,0046b640,Sexy::WidgetContainer::vfunction4
Sexy::MenuButtonWidget,vftable,005a6e34,4,0x10,vfunction5,0046b760,Sexy::WidgetContainer::vfunction5
Sexy::MenuButtonWidget,vftable,005a6e34,5,0x14,vfunction6,0046b700,Sexy::WidgetContainer::vfunction6
Sexy::MenuButtonWidget,vftable,005a6e34,6,0x18,vfunction7,0046c690,Sexy::ResourceManager::vfunction14
Sexy::MenuButtonWidget,vftable,005a6e34,7,0x1c,vfunction8,0046b550,Sexy::WidgetContainer::vfunction8
Sexy::MenuButtonWidget,vftable,005a6e34,8,0x20,vfunction9,0046c690,Sexy::ResourceManager::vfunction14
Sexy::MenuButtonWidget,vftable,005a6e34,9,0x24,vfunction10,0046ba90,Sexy::WidgetContainer::vfunction10
Sexy::MenuButtonWidget,vftable,005a6e34,10,0x28,vfunction11,0046bab0,Sexy::WidgetContainer::vfunction11
Sexy::MenuButtonWidget,vftable,005a6e34,11,0x2c,vfunction12,0046bc50,Sexy::WidgetContainer::vfunction12
Sexy::MenuButtonWidget,vftable,005a6e34,12,0x30,vfunction13,0046bd20,Sexy::WidgetContainer::vfunction13
Sexy::MenuButtonWidget,vftable,005a6e34,13,0x34,vfunction14,0046bdf0,Sexy::WidgetContainer::vfunction14
Sexy::MenuButtonWidget,vftable,005a6e34,14,0x38,vfunction15,0046bf00,Sexy::WidgetContainer::vfunction15
Sexy::MenuButtonWidget,vftable,005a6e34,15,0x3c,vfunction16,0046c030,Sexy::WidgetContainer::vfunction16
Sexy::MenuButtonWidget,vftable,005a6e34,16,0x40,vfunction17,0046c430,Sexy::WidgetContainer::vfunction17
Sexy::MenuButtonWidget,vftable,005a6e34,17,0x44,vfunction18,0046c180,Sexy::WidgetContainer::vfunction18
Sexy::MenuButtonWidget,vftable,005a6e34,18,0x48,vfunction19,0046c1c0,Sexy::WidgetContainer::vfunction19
Sexy::MenuButtonWidget,vftable,005a6e34,19,0x4c,vfunction20,0046c1a0,Sexy::WidgetContainer::vfunction20
Sexy::MenuButtonWidget,vftable,005a6e34,20,0x50,vfunction21,0046c090,Sexy::WidgetContainer::vfunction21
Sexy::MenuButtonWidget,vftable,005a6e34,21,0x54,vfunction22,005304d0,Sexy::MenuButtonWidget::vfunction22
Sexy::MenuButtonWidget,vftable,005a6e34,22,0x58,vfunction23,00530500,Sexy::MenuButtonWidget::vfunction23
Sexy::MenuButtonWidget,vftable,005a6e34,23,0x5c,vfunction24,0046c500,Sexy::WidgetContainer::vfunction24
Sexy::MenuButtonWidget,vftable,005a6e34,24,0x60,vfunction25,0046c690,Sexy::ResourceManager::vfunction14
Sexy::MenuButtonWidget,vftable,005a6e34,25,0x64,vfunction26,0046c6a0,Sexy::WidgetContainer::vfunction26
Sexy::MenuButtonWidget,vftable,005a6e34,26,0x68,vfunction27,00530540,Sexy::MenuButtonWidget::vfunction27
Sexy::MenuButtonWidget,vftable,005a6e34,27,0x6c,vfunction28,0046c7f0,Sexy::WidgetContainer::vfunction28
Sexy::MenuButtonWidget,vftable,005a6e34,28,0x70,vfunction29,0046c9c0,Sexy::WidgetContainer::vfunction29
Sexy::MenuButtonWidget,vftable,005a6e34,29,0x74,vfunction30,00486bf0,Sexy::ResourceManager::BaseRes::vfunction2
Sexy::MenuButtonWidget,vftable,005a6e34,30,0x78,vfunction31,00486bf0,Sexy::ResourceManager::BaseRes::vfunction2
Sexy::MenuButtonWidget,vftable,005a6e34,31,0x7c,vfunction32,0046de80,Sexy::Widget::vfunction32
Sexy::MenuButtonWidget,vftable,005a6e34,32,0x80,vfunction33,0046df70,Sexy::Widget::vfunction33
Sexy::MenuButtonWidget,vftable,005a6e34,33,0x84,vfunction34,0046ded0,Sexy::Widget::vfunction34
Sexy::MenuButtonWidget,vftable,005a6e34,34,0x88,vfunction35,0046e010,Sexy::Widget::vfunction35
Sexy::MenuButtonWidget,vftable,005a6e34,35,0x8c,vfunction36,0046e130,Sexy::Widget::vfunction36
Sexy::MenuButtonWidget,vftable,005a6e34,36,0x90,vfunction37,0046e0c0,Sexy::Widget::vfunction37
Sexy::MenuButtonWidget,vftable,005a6e34,37,0x94,vfunction38,00475900,Sexy::ButtonWidget::vfunction38
Sexy::MenuButtonWidget,vftable,005a6e34,38,0x98,vfunction39,0046e370,Sexy::Widget::vfunction39
Sexy::MenuButtonWidget,vftable,005a6e34,39,0x9c,vfunction40,0046e210,Sexy::Widget::vfunction40
Sexy::MenuButtonWidget,vftable,005a6e34,40,0xa0,vfunction41,0046e1b0,Sexy::Widget::vfunction41
Sexy::MenuButtonWidget,vftable,005a6e34,41,0xa4,vfunction42,0046e240,Sexy::Widget::vfunction42
Sexy::MenuButtonWidget,vftable,005a6e34,42,0xa8,vfunction43,0046e260,Sexy::Widget::vfunction43
Sexy::MenuButtonWidget,vftable,005a6e34,43,0xac,vfunction44,0046deb0,Sexy::Widget::vfunction44
Sexy::MenuButtonWidget,vftable,005a6e34,44,0xb0,vfunction45,0046c690,Sexy::ResourceManager::vfunction14
Sexy::MenuButtonWidget,vftable,005a6e34,45,0xb4,vfunction46,0046e2f0,Sexy::Widget::vfunction46
Sexy::MenuButtonWidget,vftable,005a6e34,46,0xb8,vfunction47,0046e300,Sexy::Widget::vfunction47
Sexy::MenuButtonWidget,vftable,005a6e34,47,0xbc,vfunction48,0046c690,Sexy::ResourceManager::vfunction14
Sexy::MenuButtonWidget,vftable,005a6e34,48,0xc0,vfunction49,0046e320,Sexy::Widget::vfunction49
Sexy::MenuButtonWidget,vftable,005a6e34,49,0xc4,vfunction50,0046c690,Sexy::ResourceManager::vfunction14
Sexy::MenuButtonWidget,vftable,005a6e34,50,0xc8,vfunction51,00530460,Sexy::MenuButtonWidget::vfunction51
Sexy::MenuButtonWidget,vftable,005a6e34,51,0xcc,vfunction52,005304b0,Sexy::MenuButtonWidget::vfunction52
Sexy::MenuButtonWidget,vftable,005a6e34,52,0xd0,vfunction53,00475ac0,Sexy::ButtonWidget::vfunction53
Sexy::MenuButtonWidget,vftable,005a6e34,53,0xd4,vfunction54,00475af0,Sexy::ButtonWidget::vfunction54
Sexy::MenuButtonWidget,vftable,005a6e34,54,0xd8,vfunction55,005303a0,Sexy::MenuButtonWidget::vfunction55
Sexy::MenuButtonWidget,vftable,005a6e34,55,0xdc,vfunction56,00475b20,Sexy::ButtonWidget::vfunction56
Sexy::MenuButtonWidget,vftable,005a6e34,56,0xe0,vfunction57,0046e410,thunk 0046eb40 -> Sexy::Widget::vfunction57
Sexy::MenuButtonWidget,vftable,005a6e34,57,0xe4,vfunction58,0046eb50,Sexy::DialogListener::vfunction1
Sexy::MenuButtonWidget,vftable,005a6e34,58,0xe8,vfunction59,0046eb50,Sexy::DialogListener::vfunction1
Sexy::MenuButtonWidget,vftable,005a6e34,59,0xec,vfunction60,0046c690,Sexy::ResourceManager::vfunction14
Sexy::MenuButtonWidget,vftable,005a6e34,60,0xf0,vfunction61,0046de70,Sexy::Widget::vfunction61
Sexy::MenuButtonWidget,vftable,005a6e34,61,0xf4,vfunction62,0046e500,Sexy::Widget::vfunction62
Sexy::MenuButtonWidget,vftable,005a6e34,62,0xf8,vfunction63,0046e480,Sexy::Widget::vfunction63
Sexy::MenuButtonWidget,vftable,005a6e34,63,0xfc,vfunction64,0046e620,Sexy::Widget::vfunction64
Sexy::MenuButtonWidget,vftable,005a6e34,64,0x100,vfunction65,0046e670,Sexy::Widget::vfunction65
Sexy::MenuButtonWidget,vftable,005a6e34,65,0x104,vfunction66,0046e6b0,Sexy::Widget::vfunction66
Sexy::MenuButtonWidget,vftable,005a6e34,66,0x108,vfunction67,0046e6d0,Sexy::Widget::vfunction67
Sexy::MenuButtonWidget,vftable,005a6e34,67,0x10c,vfunction68,0046e700,Sexy::Widget::vfunction68
Sexy::MenuButtonWidget,vftable,005a6e34,68,0x110,vfunction69,0046e800,Sexy::Widget::vfunction69
Sexy::MenuButtonWidget,vftable,005a6e34,69,0x114,vfunction70,0046e840,Sexy::Widget::vfunction70
Sexy::MenuButtonWidget,vftable,005a6e34,70,0x118,vfunction71,004752e0,Sexy::ButtonWidget::vfunction71
Sexy::MenuButtonWidget,vftable,005a6e34,71,0x11c,vfunction72,00475270,Sexy::ButtonWidget::vfunction72
Sexy::MenuButtonWidget,vftable,005a6e34,72,0x120,vfunction73,004752a0,Sexy::ButtonWidget::vfunction73
Sexy::MessageWidget,vftable,005a6f5c,0,0x0,vfunction1,00533360,Sexy::MessageWidget::deleting_destructor
Sexy::MessageWidget,vftable,005a6f5c,1,0x4,vfunction2,0046b5b0,Sexy::WidgetContainer::vfunction2
Sexy::MessageWidget,vftable,005a6f5c,2,0x8,vfunction3,0046b5d0,Sexy::WidgetContainer::vfunction3
Sexy::MessageWidget,vftable,005a6f5c,3,0xc,vfunction4,0046b640,Sexy::WidgetContainer::vfunction4
Sexy::MessageWidget,vftable,005a6f5c,4,0x10,vfunction5,0046b760,Sexy::WidgetContainer::vfunction5
Sexy::MessageWidget,vftable,005a6f5c,5,0x14,vfunction6,0046b700,Sexy::WidgetContainer::vfunction6
Sexy::MessageWidget,vftable,005a6f5c,6,0x18,vfunction7,0046c690,Sexy::ResourceManager::vfunction14
Sexy::MessageWidget,vftable,005a6f5c,7,0x1c,vfunction8,0046b550,Sexy::WidgetContainer::vfunction8
Sexy::MessageWidget,vftable,005a6f5c,8,0x20,vfunction9,0046c690,Sexy::ResourceManager::vfunction14
Sexy::MessageWidget,vftable,005a6f5c,9,0x24,vfunction10,0046ba90,Sexy::WidgetContainer::vfunction10
Sexy::MessageWidget,vftable,005a6f5c,10,0x28,vfunction11,0046bab0,Sexy::WidgetContainer::vfunction11
Sexy::MessageWidget,vftable,005a6f5c,11,0x2c,vfunction12,0046bc50,Sexy::WidgetContainer::vfunction12
Sexy::MessageWidget,vftable,005a6f5c,12,0x30,vfunction13,0046bd20,Sexy::WidgetContainer::vfunction13
Sexy::MessageWidget,vftable,005a6f5c,13,0x34,vfunction14,0046bdf0,Sexy::WidgetContainer::vfunction14
Sexy::MessageWidget,vftable,005a6f5c,14,0x38,vfunction15,0046bf00,Sexy::WidgetContainer::vfunction15
Sexy::MessageWidget,vftable,005a6f5c,15,0x3c,vfunction16,0046c030,Sexy::WidgetContainer::vfunction16
Sexy::MessageWidget,vftable,005a6f5c,16,0x40,vfunction17,0046c430,Sexy::WidgetContainer::vfunction17
Sexy::MessageWidget,vftable,005a6f5c,17,0x44,vfunction18,0046c180,Sexy::WidgetContainer::vfunction18
Sexy::MessageWidget,vftable,005a6f5c,18,0x48,vfunction19,0046c1c0,Sexy::WidgetContainer::vfunction19
Sexy::MessageWidget,vftable,005a6f5c,19,0x4c,vfunction20,0046c1a0,Sexy::WidgetContainer::vfunction20
Sexy::MessageWidget,vftable,005a6f5c,20,0x50,vfunction21,0046c090,Sexy::WidgetContainer::vfunction21
Sexy::MessageWidget,vftable,005a6f5c,21,0x54,vfunction22,0046c100,Sexy::WidgetContainer::vfunction22
Sexy::MessageWidget,vftable,005a6f5c,22,0x58,vfunction23,00530800,Sexy::MessageWidget::vfunction23
Sexy::MessageWidget,vftable,005a6f5c,23,0x5c,vfunction24,0046c500,Sexy::WidgetContainer::vfunction24
Sexy::MessageWidget,vftable,005a6f5c,24,0x60,vfunction25,0046c690,Sexy::ResourceManager::vfunction14
Sexy::MessageWidget,vftable,005a6f5c,25,0x64,vfunction26,0046c6a0,Sexy::WidgetContainer::vfunction26
Sexy::MessageWidget,vftable,005a6f5c,26,0x68,vfunction27,00530830,Sexy::MessageWidget::vfunction27
Sexy::MessageWidget,vftable,005a6f5c,27,0x6c,vfunction28,0046c7f0,Sexy::WidgetContainer::vfunction28
Sexy::MessageWidget,vftable,005a6f5c,28,0x70,vfunction29,0046c9c0,Sexy::WidgetContainer::vfunction29
Sexy::MessageWidget,vftable,005a6f5c,29,0x74,vfunction30,00486bf0,Sexy::ResourceManager::BaseRes::vfunction2
Sexy::MessageWidget,vftable,005a6f5c,30,0x78,vfunction31,00486bf0,Sexy::ResourceManager::BaseRes::vfunction2
Sexy::MessageWidget,vftable,005a6f5c,31,0x7c,vfunction32,0046de80,Sexy::Widget::vfunction32
Sexy::MessageWidget,vftable,005a6f5c,32,0x80,vfunction33,0046df70,Sexy::Widget::vfunction33
Sexy::MessageWidget,vftable,005a6f5c,33,0x84,vfunction34,0046ded0,Sexy::Widget::vfunction34
Sexy::MessageWidget,vftable,005a6f5c,34,0x88,vfunction35,0046e010,Sexy::Widget::vfunction35
Sexy::MessageWidget,vftable,005a6f5c,35,0x8c,vfunction36,0046e130,Sexy::Widget::vfunction36
Sexy::MessageWidget,vftable,005a6f5c,36,0x90,vfunction37,0046e0c0,Sexy::Widget::vfunction37
Sexy::MessageWidget,vftable,005a6f5c,37,0x94,vfunction38,0046e270,Sexy::Widget::vfunction38
Sexy::MessageWidget,vftable,005a6f5c,38,0x98,vfunction39,0046e370,Sexy::Widget::vfunction39
Sexy::MessageWidget,vftable,005a6f5c,39,0x9c,vfunction40,0046e210,Sexy::Widget::vfunction40
Sexy::MessageWidget,vftable,005a6f5c,40,0xa0,vfunction41,0046e1b0,Sexy::Widget::vfunction41
Sexy::MessageWidget,vftable,005a6f5c,41,0xa4,vfunction42,0046e240,Sexy::Widget::vfunction42
Sexy::MessageWidget,vftable,005a6f5c,42,0xa8,vfunction43,0046e260,Sexy::Widget::vfunction43
Sexy::MessageWidget,vftable,005a6f5c,43,0xac,vfunction44,0046deb0,Sexy::Widget::vfunction44
Sexy::MessageWidget,vftable,005a6f5c,44,0xb0,vfunction45,0046c690,Sexy::ResourceManager::vfunction14
Sexy::MessageWidget,vftable,005a6f5c,45,0xb4,vfunction46,0046e2f0,Sexy::Widget::vfunction46
Sexy::MessageWidget,vftable,005a6f5c,46,0xb8,vfunction47,0046e300,Sexy::Widget::vfunction47
Sexy::MessageWidget,vftable,005a6f5c,47,0xbc,vfunction48,0046c690,Sexy::ResourceManager::vfunction14
Sexy::MessageWidget,vftable,005a6f5c,48,0xc0,vfunction49,0046e320,Sexy::Widget::vfunction49
Sexy::MessageWidget,vftable,005a6f5c,49,0xc4,vfunction50,0046c690,Sexy::ResourceManager::vfunction14
Sexy::MessageWidget,vftable,005a6f5c,50,0xc8,vfunction51,00486bf0,Sexy::ResourceManager::BaseRes::vfunction2
Sexy::MessageWidget,vftable,005a6f5c,51,0xcc,vfunction52,00486bf0,Sexy::ResourceManager::BaseRes::vfunction2
Sexy::MessageWidget,vftable,005a6f5c,52,0xd0,vfunction53,0046eb50,Sexy::DialogListener::vfunction1
Sexy::MessageWidget,vftable,005a6f5c,53,0xd4,vfunction54,0046e400,Sexy::MusicInterface::vfunction13
Sexy::MessageWidget,vftable,005a6f5c,54,0xd8,vfunction55,0046e3a0,Sexy::Widget::vfunction55
Sexy::MessageWidget,vftable,005a6f5c,55,0xdc,vfunction56,0046e400,Sexy::MusicInterface::vfunction13
Sexy::MessageWidget,vftable,005a6f5c,56,0xe0,vfunction57,0046e410,Sexy::Widget::vfunction57
Sexy::MessageWidget,vftable,005a6f5c,57,0xe4,vfunction58,0046eb50,Sexy::DialogListener::vfunction1
Sexy::MessageWidget,vftable,005a6f5c,58,0xe8,vfunction59,0046eb50,Sexy::DialogListener::vfunction1
Sexy::MessageWidget,vftable,005a6f5c,59,0xec,vfunction60,0046c690,Sexy::ResourceManager::vfunction14
Sexy::MessageWidget,vftable,005a6f5c,60,0xf0,vfunction61,0046de70,Sexy::Widget::vfunction61
Sexy::MessageWidget,vftable,005a6f5c,61,0xf4,vfunction62,0046e500,Sexy::Widget::vfunction62
Sexy::MessageWidget,vftable,005a6f5c,62,0xf8,vfunction63,0046e480,Sexy::Widget::vfunction63
Sexy::MessageWidget,vftable,005a6f5c,63,0xfc,vfunction64,0046e620,Sexy::Widget::vfunction64
Sexy::MessageWidget,vftable,005a6f5c,64,0x100,vfunction65,0046e670,Sexy::Widget::vfunction65
Sexy::MessageWidget,vftable,005a6f5c,65,0x104,vfunction66,0046e6b0,Sexy::Widget::vfunction66
Sexy::MessageWidget,vftable,005a6f5c,66,0x108,vfunction67,0046e6d0,Sexy::Widget::vfunction67
Sexy::MessageWidget,vftable,005a6f5c,67,0x10c,vfunction68,0046e700,Sexy::Widget::vfunction68
Sexy::MessageWidget,vftable,005a6f5c,68,0x110,vfunction69,0046e800,Sexy::Widget::vfunction69
Sexy::MessageWidget,vftable,005a6f5c,69,0x114,vfunction70,0046e840,Sexy::Widget::vfunction70
Sexy::MyLabelWidget,vftable,005a707c,0,0x0,vfunction1,00537390,Sexy::ToolTipWidget::deleting_destructor
Sexy::MyLabelWidget,vftable,005a707c,1,0x4,vfunction2,0046b5b0,Sexy::WidgetContainer::vfunction2
Sexy::MyLabelWidget,vftable,005a707c,2,0x8,vfunction3,0046b5d0,Sexy::WidgetContainer::vfunction3
Sexy::MyLabelWidget,vftable,005a707c,3,0xc,vfunction4,0046b640,Sexy::WidgetContainer::vfunction4
Sexy::MyLabelWidget,vftable,005a707c,4,0x10,vfunction5,0046b760,Sexy::WidgetContainer::vfunction5
Sexy::MyLabelWidget,vftable,005a707c,5,0x14,vfunction6,0046b700,Sexy::WidgetContainer::vfunction6
Sexy::MyLabelWidget,vftable,005a707c,6,0x18,vfunction7,0046c690,Sexy::ResourceManager::vfunction14
Sexy::MyLabelWidget,vftable,005a707c,7,0x1c,vfunction8,0046b550,Sexy::WidgetContainer::vfunction8
Sexy::MyLabelWidget,vftable,005a707c,8,0x20,vfunction9,0046c690,Sexy::ResourceManager::vfunction14
Sexy::MyLabelWidget,vftable,005a707c,9,0x24,vfunction10,0046ba90,Sexy::WidgetContainer::vfunction10
Sexy::MyLabelWidget,vftable,005a707c,10,0x28,vfunction11,0046bab0,Sexy::WidgetContainer::vfunction11
Sexy::MyLabelWidget,vftable,005a707c,11,0x2c,vfunction12,0046bc50,Sexy::WidgetContainer::vfunction12
Sexy::MyLabelWidget,vftable,005a707c,12,0x30,vfunction13,0046bd20,Sexy::WidgetContainer::vfunction13
Sexy::MyLabelWidget,vftable,005a707c,13,0x34,vfunction14,0046bdf0,Sexy::WidgetContainer::vfunction14
Sexy::MyLabelWidget,vftable,005a707c,14,0x38,vfunction15,0046bf00,Sexy::WidgetContainer::vfunction15
Sexy::MyLabelWidget,vftable,005a707c,15,0x3c,vfunction16,0046c030,Sexy::WidgetContainer::vfunction16
Sexy::MyLabelWidget,vftable,005a707c,16,0x40,vfunction17,0046c430,Sexy::WidgetContainer::vfunction17
Sexy::MyLabelWidget,vftable,005a707c,17,0x44,vfunction18,0046c180,Sexy::WidgetContainer::vfunction18
Sexy::MyLabelWidget,vftable,005a707c,18,0x48,vfunction19,0046c1c0,Sexy::WidgetContainer::vfunction19
Sexy::MyLabelWidget,vftable,005a707c,19,0x4c,vfunction20,0046c1a0,Sexy::WidgetContainer::vfunction20
Sexy::MyLabelWidget,vftable,005a707c,20,0x50,vfunction21,0046c090,Sexy::WidgetContainer::vfunction21
Sexy::MyLabelWidget,vftable,005a707c,21,0x54,vfunction22,0046c100,Sexy::WidgetContainer::vfunction22
Sexy::MyLabelWidget,vftable,005a707c,22,0x58,vfunction23,0046c4f0,thunk 0046e310 -> Sexy::WidgetContainer::vfunction23
Sexy::MyLabelWidget,vftable,005a707c,23,0x5c,vfunction24,0046c500,Sexy::WidgetContainer::vfunction24
Sexy::MyLabelWidget,vftable,005a707c,24,0x60,vfunction25,0046c690,Sexy::ResourceManager::vfunction14
Sexy::MyLabelWidget,vftable,005a707c,25,0x64,vfunction26,0046c6a0,Sexy::WidgetContainer::vfunction26
Sexy::MyLabelWidget,vftable,005a707c,26,0x68,vfunction27,00530b20,Sexy::MyLabelWidget::vfunction27
Sexy::MyLabelWidget,vftable,005a707c,27,0x6c,vfunction28,0046c7f0,Sexy::WidgetContainer::vfunction28
Sexy::MyLabelWidget,vftable,005a707c,28,0x70,vfunction29,0046c9c0,Sexy::WidgetContainer::vfunction29
Sexy::MyLabelWidget,vftable,005a707c,29,0x74,vfunction30,00486bf0,Sexy::ResourceManager::BaseRes::vfunction2
Sexy::MyLabelWidget,vftable,005a707c,30,0x78,vfunction31,00486bf0,Sexy::ResourceManager::BaseRes::vfunction2
Sexy::MyLabelWidget,vftable,005a707c,31,0x7c,vfunction32,0046de80,Sexy::Widget::vfunction32
Sexy::MyLabelWidget,vftable,005a707c,32,0x80,vfunction33,0046df70,Sexy::Widget::vfunction33
Sexy::MyLabelWidget,vftable,005a707c,33,0x84,vfunction34,0046ded0,Sexy::Widget::vfunction34
Sexy::MyLabelWidget,vftable,005a707c,34,0x88,vfunction35,0046e010,Sexy::Widget::vfunction35
Sexy::MyLabelWidget,vftable,005a707c,35,0x8c,vfunction36,0046e130,Sexy::Widget::vfunction36
Sexy::MyLabelWidget,vftable,005a707c,36,0x90,vfunction37,0046e0c0,Sexy::Widget::vfunction37
Sexy::MyLabelWidget,vftable,005a707c,37,0x94,vfunction38,0046e270,Sexy::Widget::vfunction38
Sexy::MyLabelWidget,vftable,005a707c,38,0x98,vfunction39,0046e370,Sexy::Widget::vfunction39
Sexy::MyLabelWidget,vftable,005a707c,39,0x9c,vfunction40,0046e210,Sexy::Widget::vfunction40
Sexy::MyLabelWidget,vftable,005a707c,40,0xa0,vfunction41,0046e1b0,Sexy::Widget::vfunction41
Sexy::MyLabelWidget,vftable,005a707c,41,0xa4,vfunction42,0046e240,Sexy::Widget::vfunction42
Sexy::MyLabelWidget,vftable,005a707c,42,0xa8,vfunction43,0046e260,Sexy::Widget::vfunction43
Sexy::MyLabelWidget,vftable,005a707c,43,0xac,vfunction44,0046deb0,Sexy::Widget::vfunction44
Sexy::MyLabelWidget,vftable,005a707c,44,0xb0,vfunction45,0046c690,Sexy::ResourceManager::vfunction14
Sexy::MyLabelWidget,vftable,005a707c,45,0xb4,vfunction46,0046e2f0,Sexy::Widget::vfunction46
Sexy::MyLabelWidget,vftable,005a707c,46,0xb8,vfunction47,0046e300,Sexy::Widget::vfunction47
Sexy::MyLabelWidget,vftable,005a707c,47,0xbc,vfunction48,0046c690,Sexy::ResourceManager::vfunction14
Sexy::MyLabelWidget,vftable,005a707c,48,0xc0,vfunction49,0046e320,Sexy::Widget::vfunction49
Sexy::MyLabelWidget,vftable,005a707c,49,0xc4,vfunction50,0046c690,Sexy::ResourceManager::vfunction14
Sexy::MyLabelWidget,vftable,005a707c,50,0xc8,vfunction51,00486bf0,Sexy::ResourceManager::BaseRes::vfunction2
Sexy::MyLabelWidget,vftable,005a707c,51,0xcc,vfunction52,00486bf0,Sexy::ResourceManager::BaseRes::vfunction2
Sexy::MyLabelWidget,vftable,005a707c,52,0xd0,vfunction53,0046eb50,Sexy::DialogListener::vfunction1
Sexy::MyLabelWidget,vftable,005a707c,53,0xd4,vfunction54,0046e400,Sexy::MusicInterface::vfunction13
Sexy::MyLabelWidget,vftable,005a707c,54,0xd8,vfunction55,0046e3a0,Sexy::Widget::vfunction55
Sexy::MyLabelWidget,vftable,005a707c,55,0xdc,vfunction56,0046e400,Sexy::MusicInterface::vfunction13
Sexy::MyLabelWidget,vftable,005a707c,56,0xe0,vfunction57,0046e410,Sexy::Widget::vfunction57
Sexy::MyLabelWidget,vftable,005a707c,57,0xe4,vfunction58,0046eb50,Sexy::DialogListener::vfunction1
Sexy::MyLabelWidget,vftable,005a707c,58,0xe8,vfunction59,0046eb50,Sexy::DialogListener::vfunction1
Sexy::MyLabelWidget,vftable,005a707c,59,0xec,vfunction60,0046c690,Sexy::ResourceManager::vfunction14
Sexy::MyLabelWidget,vftable,005a707c,60,0xf0,vfunction61,0046de70,Sexy::Widget::vfunction61
Sexy::MyLabelWidget,vftable,005a707c,61,0xf4,vfunction62,0046e500,Sexy::Widget::vfunction62
Sexy::MyLabelWidget,vftable,005a707c,62,0xf8,vfunction63,0046e480,Sexy::Widget::vfunction63
Sexy::MyLabelWidget,vftable,005a707c,63,0xfc,vfunction64,0046e620,Sexy::Widget::vfunction64
Sexy::MyLabelWidget,vftable,005a707c,64,0x100,vfunction65,0046e670,Sexy::Widget::vfunction65
Sexy::MyLabelWidget,vftable,005a707c,65,0x104,vfunction66,0046e6b0,Sexy::Widget::vfunction66
Sexy::MyLabelWidget,vftable,005a707c,66,0x108,vfunction67,0046e6d0,Sexy::Widget::vfunction67
Sexy::MyLabelWidget,vftable,005a707c,67,0x10c,vfunction68,0046e700,Sexy::Widget::vfunction68
Sexy::MyLabelWidget,vftable,005a707c,68,0x110,vfunction69,0046e800,Sexy::Widget::vfunction69
Sexy::MyLabelWidget,vftable,005a707c,69,0x114,vfunction70,0046e840,Sexy::Widget::vfunction70
Sexy::StoreButtonWidget,vftable,005a719c,0,0x0,vfunction1,00533390,Sexy::StoreButtonWidget::deleting_destructor
Sexy::StoreButtonWidget,vftable,005a719c,1,0x4,vfunction2,0046b5b0,Sexy::WidgetContainer::vfunction2
Sexy::StoreButtonWidget,vftable,005a719c,2,0x8,vfunction3,0046b5d0,Sexy::WidgetContainer::vfunction3
Sexy::StoreButtonWidget,vftable,005a719c,3,0xc,vfunction4,0046b640,Sexy::WidgetContainer::vfunction4
Sexy::StoreButtonWidget,vftable,005a719c,4,0x10,vfunction5,0046b760,Sexy::WidgetContainer::vfunction5
Sexy::StoreButtonWidget,vftable,005a719c,5,0x14,vfunction6,0046b700,Sexy::WidgetContainer::vfunction6
Sexy::StoreButtonWidget,vftable,005a719c,6,0x18,vfunction7,0046c690,Sexy::ResourceManager::vfunction14
Sexy::StoreButtonWidget,vftable,005a719c,7,0x1c,vfunction8,0046b550,Sexy::WidgetContainer::vfunction8
Sexy::StoreButtonWidget,vftable,005a719c,8,0x20,vfunction9,0046c690,Sexy::ResourceManager::vfunction14
Sexy::StoreButtonWidget,vftable,005a719c,9,0x24,vfunction10,0046ba90,Sexy::WidgetContainer::vfunction10
Sexy::StoreButtonWidget,vftable,005a719c,10,0x28,vfunction11,0046bab0,Sexy::WidgetContainer::vfunction11
Sexy::StoreButtonWidget,vftable,005a719c,11,0x2c,vfunction12,0046bc50,Sexy::WidgetContainer::vfunction12
Sexy::StoreButtonWidget,vftable,005a719c,12,0x30,vfunction13,0046bd20,Sexy::WidgetContainer::vfunction13
Sexy::StoreButtonWidget,vftable,005a719c,13,0x34,vfunction14,0046bdf0,Sexy::WidgetContainer::vfunction14
Sexy::StoreButtonWidget,vftable,005a719c,14,0x38,vfunction15,0046bf00,Sexy::WidgetContainer::vfunction15
Sexy::StoreButtonWidget,vftable,005a719c,15,0x3c,vfunction16,0046c030,Sexy::WidgetContainer::vfunction16
Sexy::StoreButtonWidget,vftable,005a719c,16,0x40,vfunction17,0046c430,Sexy::WidgetContainer::vfunction17
Sexy::StoreButtonWidget,vftable,005a719c,17,0x44,vfunction18,0046c180,Sexy::WidgetContainer::vfunction18
Sexy::StoreButtonWidget,vftable,005a719c,18,0x48,vfunction19,0046c1c0,Sexy::WidgetContainer::vfunction19
Sexy::StoreButtonWidget,vftable,005a719c,19,0x4c,vfunction20,0046c1a0,Sexy::WidgetContainer::vfunction20
Sexy::StoreButtonWidget,vftable,005a719c,20,0x50,vfunction21,0046c090,Sexy::WidgetContainer::vfunction21
Sexy::StoreButtonWidget,vftable,005a719c,21,0x54,vfunction22,0046c100,Sexy::WidgetContainer::vfunction22
Sexy::StoreButtonWidget,vftable,005a719c,22,0x58,vfunction23,00531a30,Sexy::StoreButtonWidget::vfunction23
Sexy::StoreButtonWidget,vftable,005a719c,23,0x5c,vfunction24,0046c500,Sexy::WidgetContainer::vfunction24
Sexy::StoreButtonWidget,vftable,005a719c,24,0x60,vfunction25,0046c690,Sexy::ResourceManager::vfunction14
Sexy::StoreButtonWidget,vftable,005a719c,25,0x64,vfunction26,0046c6a0,Sexy::WidgetContainer::vfunction26
Sexy::StoreButtonWidget,vftable,005a719c,26,0x68,vfunction27,00531a60,Sexy::StoreButtonWidget::vfunction27
Sexy::StoreButtonWidget,vftable,005a719c,27,0x6c,vfunction28,0046c7f0,Sexy::WidgetContainer::vfunction28
Sexy::StoreButtonWidget,vftable,005a719c,28,0x70,vfunction29,0046c9c0,Sexy::WidgetContainer::vfunction29
Sexy::StoreButtonWidget,vftable,005a719c,29,0x74,vfunction30,00486bf0,Sexy::ResourceManager::BaseRes::vfunction2
Sexy::StoreButtonWidget,vftable,005a719c,30,0x78,vfunction31,00486bf0,Sexy::ResourceManager::BaseRes::vfunction2
Sexy::StoreButtonWidget,vftable,005a719c,31,0x7c,vfunction32,0046de80,Sexy::Widget::vfunction32
Sexy::StoreButtonWidget,vftable,005a719c,32,0x80,vfunction33,0046df70,Sexy::Widget::vfunction33
Sexy::StoreButtonWidget,vftable,005a719c,33,0x84,vfunction34,0046ded0,Sexy::Widget::vfunction34
Sexy::StoreButtonWidget,vftable,005a719c,34,0x88,vfunction35,0046e010,Sexy::Widget::vfunction35
Sexy::StoreButtonWidget,vftable,005a719c,35,0x8c,vfunction36,0046e130,Sexy::Widget::vfunction36
Sexy::StoreButtonWidget,vftable,005a719c,36,0x90,vfunction37,0046e0c0,Sexy::Widget::vfunction37
Sexy::StoreButtonWidget,vftable,005a719c,37,0x94,vfunction38,00475900,Sexy::ButtonWidget::vfunction38
Sexy::StoreButtonWidget,vftable,005a719c,38,0x98,vfunction39,0046e370,Sexy::Widget::vfunction39
Sexy::StoreButtonWidget,vftable,005a719c,39,0x9c,vfunction40,0046e210,Sexy::Widget::vfunction40
Sexy::StoreButtonWidget,vftable,005a719c,40,0xa0,vfunction41,0046e1b0,Sexy::Widget::vfunction41
Sexy::StoreButtonWidget,vftable,005a719c,41,0xa4,vfunction42,0046e240,Sexy::Widget::vfunction42
Sexy::StoreButtonWidget,vftable,005a719c,42,0xa8,vfunction43,0046e260,Sexy::Widget::vfunction43
Sexy::StoreButtonWidget,vftable,005a719c,43,0xac,vfunction44,0046deb0,Sexy::Widget::vfunction44
Sexy::StoreButtonWidget,vftable,005a719c,44,0xb0,vfunction45,00531c30,Sexy::StoreButtonWidget::vfunction45
Sexy::StoreButtonWidget,vftable,005a719c,45,0xb4,vfunction46,0046e2f0,Sexy::Widget::vfunction46
Sexy::StoreButtonWidget,vftable,005a719c,46,0xb8,vfunction47,0046e300,Sexy::Widget::vfunction47
Sexy::StoreButtonWidget,vftable,005a719c,47,0xbc,vfunction48,0046c690,Sexy::ResourceManager::vfunction14
Sexy::StoreButtonWidget,vftable,005a719c,48,0xc0,vfunction49,0046e320,Sexy::Widget::vfunction49
Sexy::StoreButtonWidget,vftable,005a719c,49,0xc4,vfunction50,0046c690,Sexy::ResourceManager::vfunction14
Sexy::StoreButtonWidget,vftable,005a719c,50,0xc8,vfunction51,005319b0,Sexy::StoreButtonWidget::vfunction51
Sexy::StoreButtonWidget,vftable,005a719c,51,0xcc,vfunction52,00531a00,Sexy::StoreButtonWidget::vfunction52
Sexy::StoreButtonWidget,vftable,005a719c,52,0xd0,vfunction53,00475ac0,Sexy::ButtonWidget::vfunction53
Sexy::StoreButtonWidget,vftable,005a719c,53,0xd4,vfunction54,00475af0,Sexy::ButtonWidget::vfunction54
Sexy::StoreButtonWidget,vftable,005a719c,54,0xd8,vfunction55,0046e3a0,thunk 00470b50 -> Sexy::Widget::vfunction55
Sexy::StoreButtonWidget,vftable,005a719c,55,0xdc,vfunction56,00475b20,Sexy::ButtonWidget::vfunction56
Sexy::StoreButtonWidget,vftable,005a719c,56,0xe0,vfunction57,0046e410,thunk 0046eb40 -> Sexy::Widget::vfunction57
Sexy::StoreButtonWidget,vftable,005a719c,57,0xe4,vfunction58,0046eb50,Sexy::DialogListener::vfunction1
Sexy::StoreButtonWidget,vftable,005a719c,58,0xe8,vfunction59,0046eb50,Sexy::DialogListener::vfunction1
Sexy::StoreButtonWidget,vftable,005a719c,59,0xec,vfunction60,0046c690,Sexy::ResourceManager::vfunction14
Sexy::StoreButtonWidget,vftable,005a719c,60,0xf0,vfunction61,0046de70,Sexy::Widget::vfunction61
Sexy::StoreButtonWidget,vftable,005a719c,61,0xf4,vfunction62,0046e500,Sexy::Widget::vfunction62
Sexy::StoreButtonWidget,vftable,005a719c,62,0xf8,vfunction63,0046e480,Sexy::Widget::vfunction63
Sexy::StoreButtonWidget,vftable,005a719c,63,0xfc,vfunction64,0046e620,Sexy::Widget::vfunction64
Sexy::StoreButtonWidget,vftable,005a719c,64,0x100,vfunction65,0046e670,Sexy::Widget::vfunction65
Sexy::StoreButtonWidget,vftable,005a719c,65,0x104,vfunction66,0046e6b0,Sexy::Widget::vfunction66
Sexy::StoreButtonWidget,vftable,005a719c,66,0x108,vfunction67,0046e6d0,Sexy::Widget::vfunction67
Sexy::StoreButtonWidget,vftable,005a719c,67,0x10c,vfunction68,0046e700,Sexy::Widget::vfunction68
Sexy::StoreButtonWidget,vftable,005a719c,68,0x110,vfunction69,0046e800,Sexy::Widget::vfunction69
Sexy::StoreButtonWidget,vftable,005a719c,69,0x114,vfunction70,0046e840,Sexy::Widget::vfunction70
Sexy::StoreButtonWidget,vftable,005a719c,70,0x118,vfunction71,004752e0,Sexy::ButtonWidget::vfunction71
Sexy::StoreButtonWidget,vftable,005a719c,71,0x11c,vfunction72,00475270,Sexy::ButtonWidget::vfunction72
Sexy::StoreButtonWidget,vftable,005a719c,72,0x120,vfunction73,004752a0,Sexy::ButtonWidget::vfunction73
Sexy::ToolTipWidget,vftable,005a7cb4,0,0x0,vfunction1,00537390,Sexy::ToolTipWidget::deleting_destructor
Sexy::ToolTipWidget,vftable,005a7cb4,1,0x4,vfunction2,0046b5b0,Sexy::WidgetContainer::vfunction2
Sexy::ToolTipWidget,vftable,005a7cb4,2,0x8,vfunction3,0046b5d0,Sexy::WidgetContainer::vfunction3
Sexy::ToolTipWidget,vftable,005a7cb4,3,0xc,vfunction4,0046b640,Sexy::WidgetContainer::vfunction4
Sexy::ToolTipWidget,vftable,005a7cb4,4,0x10,vfunction5,0046b760,Sexy::WidgetContainer::vfunction5
Sexy::ToolTipWidget,vftable,005a7cb4,5,0x14,vfunction6,0046b700,Sexy::WidgetContainer::vfunction6
Sexy::ToolTipWidget,vftable,005a7cb4,6,0x18,vfunction7,0046c690,Sexy::ResourceManager::vfunction14
Sexy::ToolTipWidget,vftable,005a7cb4,7,0x1c,vfunction8,0046b550,Sexy::WidgetContainer::vfunction8
Sexy::ToolTipWidget,vftable,005a7cb4,8,0x20,vfunction9,0046c690,Sexy::ResourceManager::vfunction14
Sexy::ToolTipWidget,vftable,005a7cb4,9,0x24,vfunction10,0046ba90,Sexy::WidgetContainer::vfunction10
Sexy::ToolTipWidget,vftable,005a7cb4,10,0x28,vfunction11,0046bab0,Sexy::WidgetContainer::vfunction11
Sexy::ToolTipWidget,vftable,005a7cb4,11,0x2c,vfunction12,0046bc50,Sexy::WidgetContainer::vfunction12
Sexy::ToolTipWidget,vftable,005a7cb4,12,0x30,vfunction13,0046bd20,Sexy::WidgetContainer::vfunction13
Sexy::ToolTipWidget,vftable,005a7cb4,13,0x34,vfunction14,0046bdf0,Sexy::WidgetContainer::vfunction14
Sexy::ToolTipWidget,vftable,005a7cb4,14,0x38,vfunction15,0046bf00,Sexy::WidgetContainer::vfunction15
Sexy::ToolTipWidget,vftable,005a7cb4,15,0x3c,vfunction16,0046c030,Sexy::WidgetContainer::vfunction16
Sexy::ToolTipWidget,vftable,005a7cb4,16,0x40,vfunction17,0046c430,Sexy::WidgetContainer::vfunction17
Sexy::ToolTipWidget,vftable,005a7cb4,17,0x44,vfunction18,0046c180,Sexy::WidgetContainer::vfunction18
Sexy::ToolTipWidget,vftable,005a7cb4,18,0x48,vfunction19,0046c1c0,Sexy::WidgetContainer::vfunction19
Sexy::ToolTipWidget,vftable,005a7cb4,19,0x4c,vfunction20,0046c1a0,Sexy::WidgetContainer::vfunction20
Sexy::ToolTipWidget,vftable,005a7cb4,20,0x50,vfunction21,0046c090,Sexy::WidgetContainer::vfunction21
Sexy::ToolTipWidget,vftable,005a7cb4,21,0x54,vfunction22,0046c100,Sexy::WidgetContainer::vfunction22
Sexy::ToolTipWidget,vftable,005a7cb4,22,0x58,vfunction23,00531e50,Sexy::ToolTipWidget::vfunction23
Sexy::ToolTipWidget,vftable,005a7cb4,23,0x5c,vfunction24,0046c500,Sexy::WidgetContainer::vfunction24
Sexy::ToolTipWidget,vftable,005a7cb4,24,0x60,vfunction25,0046c690,Sexy::ResourceManager::vfunction14
Sexy::ToolTipWidget,vftable,005a7cb4,25,0x64,vfunction26,0046c6a0,Sexy::WidgetContainer::vfunction26
Sexy::ToolTipWidget,vftable,005a7cb4,26,0x68,vfunction27,00531d80,Sexy::ToolTipWidget::vfunction27
Sexy::ToolTipWidget,vftable,005a7cb4,27,0x6c,vfunction28,0046c7f0,Sexy::WidgetContainer::vfunction28
Sexy::ToolTipWidget,vftable,005a7cb4,28,0x70,vfunction29,0046c9c0,Sexy::WidgetContainer::vfunction29
Sexy::ToolTipWidget,vftable,005a7cb4,29,0x74,vfunction30,00486bf0,Sexy::ResourceManager::BaseRes::vfunction2
Sexy::ToolTipWidget,vftable,005a7cb4,30,0x78,vfunction31,00486bf0,Sexy::ResourceManager::BaseRes::vfunction2
Sexy::ToolTipWidget,vftable,005a7cb4,31,0x7c,vfunction32,0046de80,Sexy::Widget::vfunction32
Sexy::ToolTipWidget,vftable,005a7cb4,32,0x80,vfunction33,0046df70,Sexy::Widget::vfunction33
Sexy::ToolTipWidget,vftable,005a7cb4,33,0x84,vfunction34,0046ded0,Sexy::Widget::vfunction34
Sexy::ToolTipWidget,vftable,005a7cb4,34,0x88,vfunction35,0046e010,Sexy::Widget::vfunction35
Sexy::ToolTipWidget,vftable,005a7cb4,35,0x8c,vfunction36,0046e130,Sexy::Widget::vfunction36
Sexy::ToolTipWidget,vftable,005a7cb4,36,0x90,vfunction37,0046e0c0,Sexy::Widget::vfunction37
Sexy::ToolTipWidget,vftable,005a7cb4,37,0x94,vfunction38,0046e270,Sexy::Widget::vfunction38
Sexy::ToolTipWidget,vftable,005a7cb4,38,0x98,vfunction39,0046e370,Sexy::Widget::vfunction39
Sexy::ToolTipWidget,vftable,005a7cb4,39,0x9c,vfunction40,0046e210,Sexy::Widget::vfunction40
Sexy::ToolTipWidget,vftable,005a7cb4,40,0xa0,vfunction41,0046e1b0,Sexy::Widget::vfunction41
Sexy::ToolTipWidget,vftable,005a7cb4,41,0xa4,vfunction42,0046e240,Sexy::Widget::vfunction42
Sexy::ToolTipWidget,vftable,005a7cb4,42,0xa8,vfunction43,0046e260,Sexy::Widget::vfunction43
Sexy::ToolTipWidget,vftable,005a7cb4,43,0xac,vfunction44,0046deb0,Sexy::Widget::vfunction44
Sexy::ToolTipWidget,vftable,005a7cb4,44,0xb0,vfunction45,0046c690,Sexy::ResourceManager::vfunction14
Sexy::ToolTipWidget,vftable,005a7cb4,45,0xb4,vfunction46,0046e2f0,Sexy::Widget::vfunction46
Sexy::ToolTipWidget,vftable,005a7cb4,46,0xb8,vfunction47,0046e300,Sexy::Widget::vfunction47
Sexy::ToolTipWidget,vftable,005a7cb4,47,0xbc,vfunction48,0046c690,Sexy::ResourceManager::vfunction14
Sexy::ToolTipWidget,vftable,005a7cb4,48,0xc0,vfunction49,0046e320,Sexy::Widget::vfunction49
Sexy::ToolTipWidget,vftable,005a7cb4,49,0xc4,vfunction50,0046c690,Sexy::ResourceManager::vfunction14
Sexy::ToolTipWidget,vftable,005a7cb4,50,0xc8,vfunction51,00486bf0,Sexy::ResourceManager::BaseRes::vfunction2
Sexy::ToolTipWidget,vftable,005a7cb4,51,0xcc,vfunction52,00486bf0,Sexy::ResourceManager::BaseRes::vfunction2
Sexy::ToolTipWidget,vftable,005a7cb4,52,0xd0,vfunction53,0046eb50,Sexy::DialogListener::vfunction1
Sexy::ToolTipWidget,vftable,005a7cb4,53,0xd4,vfunction54,0046e400,Sexy::MusicInterface::vfunction13
Sexy::ToolTipWidget,vftable,005a7cb4,54,0xd8,vfunction55,0046e3a0,Sexy::Widget::vfunction55
Sexy::ToolTipWidget,vftable,005a7cb4,55,0xdc,vfunction56,0046e400,Sexy::MusicInterface::vfunction13
Sexy::ToolTipWidget,vftable,005a7cb4,56,0xe0,vfunction57,0046e410,Sexy::Widget::vfunction57
Sexy::ToolTipWidget,vftable,005a7cb4,57,0xe4,vfunction58,0046eb50,Sexy::DialogListener::vfunction1
Sexy::ToolTipWidget,vftable,005a7cb4,58,0xe8,vfunction59,0046eb50,Sexy::DialogListener::vfunction1
Sexy::ToolTipWidget,vftable,005a7cb4,59,0xec,vfunction60,0046c690,Sexy::ResourceManager::vfunction14
Sexy::ToolTipWidget,vftable,005a7cb4,60,0xf0,vfunction61,0046de70,Sexy::Widget::vfunction61
Sexy::ToolTipWidget,vftable,005a7cb4,61,0xf4,vfunction62,0046e500,Sexy::Widget::vfunction62
Sexy::ToolTipWidget,vftable,005a7cb4,62,0xf8,vfunction63,0046e480,Sexy::Widget::vfunction63
Sexy::ToolTipWidget,vftable,005a7cb4,63,0xfc,vfunction64,0046e620,Sexy::Widget::vfunction64
Sexy::ToolTipWidget,vftable,005a7cb4,64,0x100,vfunction65,0046e670,Sexy::Widget::vfunction65
Sexy::ToolTipWidget,vftable,005a7cb4,65,0x104,vfunction66,0046e6b0,Sexy::Widget::vfunction66
Sexy::ToolTipWidget,vftable,005a7cb4,66,0x108,vfunction67,0046e6d0,Sexy::Widget::vfunction67
Sexy::ToolTipWidget,vftable,005a7cb4,67,0x10c,vfunction68,0046e700,Sexy::Widget::vfunction68
Sexy::ToolTipWidget,vftable,005a7cb4,68,0x110,vfunction69,0046e800,Sexy::Widget::vfunction69
Sexy::ToolTipWidget,vftable,005a7cb4,69,0x114,vfunction70,0046e840,Sexy::Widget::vfunction70
BoardOverlay,vftable,005a7dd4,0,0x0,vfunction1,0051ad70,BoardOverlay::deleting_destructor
BoardOverlay,vftable,005a7dd4,1,0x4,vfunction2,0046b5b0,Sexy::WidgetContainer::vfunction2
BoardOverlay,vftable,005a7dd4,2,0x8,vfunction3,0046b5d0,Sexy::WidgetContainer::vfunction3
BoardOverlay,vftable,005a7dd4,3,0xc,vfunction4,0046b640,Sexy::WidgetContainer::vfunction4
BoardOverlay,vftable,005a7dd4,4,0x10,vfunction5,0046b760,Sexy::WidgetContainer::vfunction5
BoardOverlay,vftable,005a7dd4,5,0x14,vfunction6,0046b700,Sexy::WidgetContainer::vfunction6
BoardOverlay,vftable,005a7dd4,6,0x18,vfunction7,0046c690,Sexy::ResourceManager::vfunction14
BoardOverlay,vftable,005a7dd4,7,0x1c,vfunction8,0046b550,Sexy::WidgetContainer::vfunction8
BoardOverlay,vftable,005a7dd4,8,0x20,vfunction9,0046c690,Sexy::ResourceManager::vfunction14
BoardOverlay,vftable,005a7dd4,9,0x24,vfunction10,0046ba90,Sexy::WidgetContainer::vfunction10
BoardOverlay,vftable,005a7dd4,10,0x28,vfunction11,0046bab0,Sexy::WidgetContainer::vfunction11
BoardOverlay,vftable,005a7dd4,11,0x2c,vfunction12,0046bc50,Sexy::WidgetContainer::vfunction12
BoardOverlay,vftable,005a7dd4,12,0x30,vfunction13,0046bd20,Sexy::WidgetContainer::vfunction13
BoardOverlay,vftable,005a7dd4,13,0x34,vfunction14,0046bdf0,Sexy::WidgetContainer::vfunction14
BoardOverlay,vftable,005a7dd4,14,0x38,vfunction15,0046bf00,Sexy::WidgetContainer::vfunction15
BoardOverlay,vftable,005a7dd4,15,0x3c,vfunction16,0046c030,Sexy::WidgetContainer::vfunction16
BoardOverlay,vftable,005a7dd4,16,0x40,vfunction17,0046c430,Sexy::WidgetContainer::vfunction17
BoardOverlay,vftable,005a7dd4,17,0x44,vfunction18,0046c180,Sexy::WidgetContainer::vfunction18
BoardOverlay,vftable,005a7dd4,18,0x48,vfunction19,0046c1c0,Sexy::WidgetContainer::vfunction19
BoardOverlay,vftable,005a7dd4,19,0x4c,vfunction20,0046c1a0,Sexy::WidgetContainer::vfunction20
BoardOverlay,vftable,005a7dd4,20,0x50,vfunction21,0046c090,Sexy::WidgetContainer::vfunction21
BoardOverlay,vftable,005a7dd4,21,0x54,vfunction22,0046c100,Sexy::WidgetContainer::vfunction22
BoardOverlay,vftable,005a7dd4,22,0x58,vfunction23,0046c4f0,thunk 0046e310 -> Sexy::WidgetContainer::vfunction23
BoardOverlay,vftable,005a7dd4,23,0x5c,vfunction24,0046c500,Sexy::WidgetContainer::vfunction24
BoardOverlay,vftable,005a7dd4,24,0x60,vfunction25,0046c690,Sexy::ResourceManager::vfunction14
BoardOverlay,vftable,005a7dd4,25,0x64,vfunction26,0046c6a0,Sexy::WidgetContainer::vfunction26
BoardOverlay,vftable,005a7dd4,26,0x68,vfunction27,00537540,BoardOverlay::vfunction27
BoardOverlay,vftable,005a7dd4,27,0x6c,vfunction28,0046c7f0,Sexy::WidgetContainer::vfunction28
BoardOverlay,vftable,005a7dd4,28,0x70,vfunction29,0046c9c0,Sexy::WidgetContainer::vfunction29
BoardOverlay,vftable,005a7dd4,29,0x74,vfunction30,00486bf0,Sexy::ResourceManager::BaseRes::vfunction2
BoardOverlay,vftable,005a7dd4,30,0x78,vfunction31,00486bf0,Sexy::ResourceManager::BaseRes::vfunction2
BoardOverlay,vftable,005a7dd4,31,0x7c,vfunction32,0046de80,Sexy::Widget::vfunction32
BoardOverlay,vftable,005a7dd4,32,0x80,vfunction33,0046df70,Sexy::Widget::vfunction33
BoardOverlay,vftable,005a7dd4,33,0x84,vfunction34,0046ded0,Sexy::Widget::vfunction34
BoardOverlay,vftable,005a7dd4,34,0x88,vfunction35,0046e010,Sexy::Widget::vfunction35
BoardOverlay,vftable,005a7dd4,35,0x8c,vfunction36,0046e130,Sexy::Widget::vfunction36
BoardOverlay,vftable,005a7dd4,36,0x90,vfunction37,0046e0c0,Sexy::Widget::vfunction37
BoardOverlay,vftable,005a7dd4,37,0x94,vfunction38,0046e270,Sexy::Widget::vfunction38
BoardOverlay,vftable,005a7dd4,38,0x98,vfunction39,0046e370,Sexy::Widget::vfunction39
BoardOverlay,vftable,005a7dd4,39,0x9c,vfunction40,0046e210,Sexy::Widget::vfunction40
BoardOverlay,vftable,005a7dd4,40,0xa0,vfunction41,0046e1b0,Sexy::Widget::vfunction41
BoardOverlay,vftable,005a7dd4,41,0xa4,vfunction42,0046e240,Sexy::Widget::vfunction42
BoardOverlay,vftable,005a7dd4,42,0xa8,vfunction43,0046e260,Sexy::Widget::vfunction43
BoardOverlay,vftable,005a7dd4,43,0xac,vfunction44,0046deb0,Sexy::Widget::vfunction44
BoardOverlay,vftable,005a7dd4,44,0xb0,vfunction45,0046c690,Sexy::ResourceManager::vfunction14
BoardOverlay,vftable,005a7dd4,45,0xb4,vfunction46,0046e2f0,Sexy::Widget::vfunction46
BoardOverlay,vftable,005a7dd4,46,0xb8,vfunction47,0046e300,Sexy::Widget::vfunction47
BoardOverlay,vftable,005a7dd4,47,0xbc,vfunction48,0046c690,Sexy::ResourceManager::vfunction14
BoardOverlay,vftable,005a7dd4,48,0xc0,vfunction49,0046e320,Sexy::Widget::vfunction49
BoardOverlay,vftable,005a7dd4,49,0xc4,vfunction50,0046c690,Sexy::ResourceManager::vfunction14
BoardOverlay,vftable,005a7dd4,50,0xc8,vfunction51,00486bf0,Sexy::ResourceManager::BaseRes::vfunction2
BoardOverlay,vftable,005a7dd4,51,0xcc,vfunction52,00486bf0,Sexy::ResourceManager::BaseRes::vfunction2
BoardOverlay,vftable,005a7dd4,52,0xd0,vfunction53,0046eb50,Sexy::DialogListener::vfunction1
BoardOverlay,vftable,005a7dd4,53,0xd4,vfunction54,0046e400,Sexy::MusicInterface::vfunction13
BoardOverlay,vftable,005a7dd4,54,0xd8,vfunction55,0046e3a0,Sexy::Widget::vfunction55
BoardOverlay,vftable,005a7dd4,55,0xdc,vfunction56,0046e400,Sexy::MusicInterface::vfunction13
BoardOverlay,vftable,005a7dd4,56,0xe0,vfunction57,0046e410,Sexy::Widget::vfunction57
BoardOverlay,vftable,005a7dd4,57,0xe4,vfunction58,0046eb50,Sexy::DialogListener::vfunction1
BoardOverlay,vftable,005a7dd4,58,0xe8,vfunction59,0046eb50,Sexy::DialogListener::vfunction1
BoardOverlay,vftable,005a7dd4,59,0xec,vfunction60,0046c690,Sexy::ResourceManager::vfunction14
BoardOverlay,vftable,005a7dd4,60,0xf0,vfunction61,0046de70,Sexy::Widget::vfunction61
BoardOverlay,vftable,005a7dd4,61,0xf4,vfunction62,0046e500,Sexy::Widget::vfunction62
BoardOverlay,vftable,005a7dd4,62,0xf8,vfunction63,0046e480,Sexy::Widget::vfunction63
BoardOverlay,vftable,005a7dd4,63,0xfc,vfunction64,0046e620,Sexy::Widget::vfunction64
BoardOverlay,vftable,005a7dd4,64,0x100,vfunction65,0046e670,Sexy::Widget::vfunction65
BoardOverlay,vftable,005a7dd4,65,0x104,vfunction66,0046e6b0,Sexy::Widget::vfunction66
BoardOverlay,vftable,005a7dd4,66,0x108,vfunction67,0046e6d0,Sexy::Widget::vfunction67
BoardOverlay,vftable,005a7dd4,67,0x10c,vfunction68,0046e700,Sexy::Widget::vfunction68
BoardOverlay,vftable,005a7dd4,68,0x110,vfunction69,0046e800,Sexy::Widget::vfunction69
BoardOverlay,vftable,005a7dd4,69,0x114,vfunction70,0046e840,Sexy::Widget::vfunction70
Sexy::Board,vftable_for_ButtonListener,005a83e0,0,0x0,vfunction1,0046ca30,Sexy::ButtonListener::vfunction1
Sexy::Board,vftable_for_ButtonListener,005a83e0,1,0x4,vfunction2,0054a370,Sexy::Board::vfunction2_for_ButtonListener
Sexy::Board,vftable_for_ButtonListener,005a83e0,2,0x8,vfunction3,00538070,Sexy::Board::vfunction3_for_ButtonListener
Sexy::Board,vftable_for_ButtonListener,005a83e0,3,0xc,vfunction4,0046c690,Sexy::ResourceManager::vfunction14
Sexy::Board,vftable_for_ButtonListener,005a83e0,4,0x10,vfunction5,0046c690,Sexy::ResourceManager::vfunction14
Sexy::Board,vftable_for_ButtonListener,005a83e0,5,0x14,vfunction6,0046c690,Sexy::ResourceManager::vfunction14
Sexy::Board,vftable_for_ButtonListener,005a83e0,6,0x18,vfunction7,0049b300,Sexy::Image::vfunction3
Sexy::Board,vftable_for_Widget,005a8404,0,0x0,vfunction1,0054aa10,Sexy::Board::deleting_destructor_for_Widget
Sexy::Board,vftable_for_Widget,005a8404,1,0x4,vfunction2,0046b5b0,Sexy::WidgetContainer::vfunction2
Sexy::Board,vftable_for_Widget,005a8404,2,0x8,vfunction3,0046b5d0,Sexy::WidgetContainer::vfunction3
Sexy::Board,vftable_for_Widget,005a8404,3,0xc,vfunction4,0046b640,Sexy::WidgetContainer::vfunction4
Sexy::Board,vftable_for_Widget,005a8404,4,0x10,vfunction5,0046b760,Sexy::WidgetContainer::vfunction5
Sexy::Board,vftable_for_Widget,005a8404,5,0x14,vfunction6,0046b700,Sexy::WidgetContainer::vfunction6
Sexy::Board,vftable_for_Widget,005a8404,6,0x18,vfunction7,0046c690,Sexy::ResourceManager::vfunction14
Sexy::Board,vftable_for_Widget,005a8404,7,0x1c,vfunction8,0046b550,Sexy::WidgetContainer::vfunction8
Sexy::Board,vftable_for_Widget,005a8404,8,0x20,vfunction9,0046c690,Sexy::ResourceManager::vfunction14
Sexy::Board,vftable_for_Widget,005a8404,9,0x24,vfunction10,0046ba90,Sexy::WidgetContainer::vfunction10
Sexy::Board,vftable_for_Widget,005a8404,10,0x28,vfunction11,0046bab0,Sexy::WidgetContainer::vfunction11
Sexy::Board,vftable_for_Widget,005a8404,11,0x2c,vfunction12,0046bc50,Sexy::WidgetContainer::vfunction12
Sexy::Board,vftable_for_Widget,005a8404,12,0x30,vfunction13,0046bd20,Sexy::WidgetContainer::vfunction13
Sexy::Board,vftable_for_Widget,005a8404,13,0x34,vfunction14,0046bdf0,Sexy::WidgetContainer::vfunction14
Sexy::Board,vftable_for_Widget,005a8404,14,0x38,vfunction15,0046bf00,Sexy::WidgetContainer::vfunction15
Sexy::Board,vftable_for_Widget,005a8404,15,0x3c,vfunction16,0046c030,Sexy::WidgetContainer::vfunction16
Sexy::Board,vftable_for_Widget,005a8404,16,0x40,vfunction17,0046c430,Sexy::WidgetContainer::vfunction17
Sexy::Board,vftable_for_Widget,005a8404,17,0x44,vfunction18,0046c180,Sexy::WidgetContainer::vfunction18
Sexy::Board,vftable_for_Widget,005a8404,18,0x48,vfunction19,0046c1c0,Sexy::WidgetContainer::vfunction19
Sexy::Board,vftable_for_Widget,005a8404,19,0x4c,vfunction20,0046c1a0,Sexy::WidgetContainer::vfunction20
Sexy::Board,vftable_for_Widget,005a8404,20,0x50,vfunction21,00537fc0,Sexy::Board::vfunction21_for_Widget
Sexy::Board,vftable_for_Widget,005a8404,21,0x54,vfunction22,0053da90,Sexy::Board::vfunction22_for_Widget
Sexy::Board,vftable_for_Widget,005a8404,22,0x58,vfunction23,00547610,Sexy::Board::vfunction23_for_Widget
Sexy::Board,vftable_for_Widget,005a8404,23,0x5c,vfunction24,0046c500,Sexy::WidgetContainer::vfunction24
Sexy::Board,vftable_for_Widget,005a8404,24,0x60,vfunction25,0046c690,Sexy::ResourceManager::vfunction14
Sexy::Board,vftable_for_Widget,005a8404,25,0x64,vfunction26,0046c6a0,Sexy::WidgetContainer::vfunction26
Sexy::Board,vftable_for_Widget,005a8404,26,0x68,vfunction27,0053f5f0,Sexy::Board::vfunction27_for_Widget
Sexy::Board,vftable_for_Widget,005a8404,27,0x6c,vfunction28,0046c7f0,Sexy::WidgetContainer::vfunction28
Sexy::Board,vftable_for_Widget,005a8404,28,0x70,vfunction29,0046c9c0,Sexy::WidgetContainer::vfunction29
Sexy::Board,vftable_for_Widget,005a8404,29,0x74,vfunction30,00486bf0,Sexy::ResourceManager::BaseRes::vfunction2
Sexy::Board,vftable_for_Widget,005a8404,30,0x78,vfunction31,004e9e00,Sexy::GameObject::vfunction75
Sexy::Board,vftable_for_Widget,005a8404,31,0x7c,vfunction32,0046de80,Sexy::Widget::vfunction32
Sexy::Board,vftable_for_Widget,005a8404,32,0x80,vfunction33,0046df70,Sexy::Widget::vfunction33
Sexy::Board,vftable_for_Widget,005a8404,33,0x84,vfunction34,0046ded0,Sexy::Widget::vfunction34
Sexy::Board,vftable_for_Widget,005a8404,34,0x88,vfunction35,0046e010,Sexy::Widget::vfunction35
Sexy::Board,vftable_for_Widget,005a8404,35,0x8c,vfunction36,0046e130,Sexy::Widget::vfunction36
Sexy::Board,vftable_for_Widget,005a8404,36,0x90,vfunction37,0046e0c0,Sexy::Widget::vfunction37
Sexy::Board,vftable_for_Widget,005a8404,37,0x94,vfunction38,0046e270,Sexy::Widget::vfunction38
Sexy::Board,vftable_for_Widget,005a8404,38,0x98,vfunction39,0046e370,Sexy::Widget::vfunction39
Sexy::Board,vftable_for_Widget,005a8404,39,0x9c,vfunction40,0046e210,Sexy::Widget::vfunction40
Sexy::Board,vftable_for_Widget,005a8404,40,0xa0,vfunction41,0046e1b0,Sexy::Widget::vfunction41
Sexy::Board,vftable_for_Widget,005a8404,41,0xa4,vfunction42,0046e240,Sexy::Widget::vfunction42
Sexy::Board,vftable_for_Widget,005a8404,42,0xa8,vfunction43,0046e260,Sexy::Widget::vfunction43
Sexy::Board,vftable_for_Widget,005a8404,43,0xac,vfunction44,00540470,Sexy::Board::vfunction44_for_Widget
Sexy::Board,vftable_for_Widget,005a8404,44,0xb0,vfunction45,0046c690,Sexy::ResourceManager::vfunction14
Sexy::Board,vftable_for_Widget,005a8404,45,0xb4,vfunction46,0046e2f0,Sexy::Widget::vfunction46
Sexy::Board,vftable_for_Widget,005a8404,46,0xb8,vfunction47,0046e300,Sexy::Widget::vfunction47
Sexy::Board,vftable_for_Widget,005a8404,47,0xbc,vfunction48,00549d70,Sexy::Board::vfunction48_for_Widget
Sexy::Board,vftable_for_Widget,005a8404,48,0xc0,vfunction49,00540650,Sexy::Board::vfunction49_for_Widget
Sexy::Board,vftable_for_Widget,005a8404,49,0xc4,vfunction50,0051a440,Sexy::ListListener::vfunction2
Sexy::Board,vftable_for_Widget,005a8404,50,0xc8,vfunction51,00486bf0,Sexy::ResourceManager::BaseRes::vfunction2
Sexy::Board,vftable_for_Widget,005a8404,51,0xcc,vfunction52,00486bf0,thunk 00538000 -> Sexy::ResourceManager::BaseRes::vfunction2
Sexy::Board,vftable_for_Widget,005a8404,52,0xd0,vfunction53,004d8c10,Sexy::Grubber::vfunction59
Sexy::Board,vftable_for_Widget,005a8404,53,0xd4,vfunction54,0046e400,Sexy::MusicInterface::vfunction13
Sexy::Board,vftable_for_Widget,005a8404,54,0xd8,vfunction55,00543920,Sexy::Board::vfunction55_for_Widget
Sexy::Board,vftable_for_Widget,005a8404,55,0xdc,vfunction56,0046e400,Sexy::MusicInterface::vfunction13
Sexy::Board,vftable_for_Widget,005a8404,56,0xe0,vfunction57,00538010,Sexy::Board::vfunction57_for_Widget
Sexy::Board,vftable_for_Widget,005a8404,57,0xe4,vfunction58,0046eb50,Sexy::DialogListener::vfunction1
Sexy::Board,vftable_for_Widget,005a8404,58,0xe8,vfunction59,004d8c10,Sexy::Grubber::vfunction59
Sexy::Board,vftable_for_Widget,005a8404,59,0xec,vfunction60,0046c690,Sexy::ResourceManager::vfunction14
Sexy::Board,vftable_for_Widget,005a8404,60,0xf0,vfunction61,0046de70,Sexy::Widget::vfunction61
Sexy::Board,vftable_for_Widget,005a8404,61,0xf4,vfunction62,0046e500,Sexy::Widget::vfunction62
Sexy::Board,vftable_for_Widget,005a8404,62,0xf8,vfunction63,0046e480,Sexy::Widget::vfunction63
Sexy::Board,vftable_for_Widget,005a8404,63,0xfc,vfunction64,0046e620,Sexy::Widget::vfunction64
Sexy::Board,vftable_for_Widget,005a8404,64,0x100,vfunction65,0046e670,Sexy::Widget::vfunction65
Sexy::Board,vftable_for_Widget,005a8404,65,0x104,vfunction66,0046e6b0,Sexy::Widget::vfunction66
Sexy::Board,vftable_for_Widget,005a8404,66,0x108,vfunction67,0046e6d0,Sexy::Widget::vfunction67
Sexy::Board,vftable_for_Widget,005a8404,67,0x10c,vfunction68,0046e700,Sexy::Widget::vfunction68
Sexy::Board,vftable_for_Widget,005a8404,68,0x110,vfunction69,0046e800,Sexy::Widget::vfunction69
Sexy::Board,vftable_for_Widget,005a8404,69,0x114,vfunction70,0046e840,Sexy::Widget::vfunction70
Sexy::WinFishApp,vftable_1,005a8cbc,0,0x0,vfunction1,0047ad70,Sexy::SexyAppBase::vfunction1
Sexy::WinFishApp,vftable_1,005a8cbc,1,0x4,vfunction2,0047adc0,Sexy::SexyAppBase::vfunction2
Sexy::WinFishApp,vftable,005a8ccc,0,0x0,vfunction1,0046ca30,Sexy::ButtonListener::vfunction1
Sexy::WinFishApp,vftable,005a8ccc,1,0x4,vfunction2,0051a440,Sexy::ListListener::vfunction2
Sexy::WinFishApp,vftable,005a8ccc,2,0x8,vfunction3,005527c0,Sexy::WinFishApp::vfunction3
Sexy::WinFishApp,vftable,005a8ccc,3,0xc,vfunction4,0046c690,Sexy::ResourceManager::vfunction14
Sexy::WinFishApp,vftable,005a8ccc,4,0x10,vfunction5,0046c690,Sexy::ResourceManager::vfunction14
Sexy::WinFishApp,vftable,005a8ccc,5,0x14,vfunction6,0046c690,Sexy::ResourceManager::vfunction14
Sexy::WinFishApp,vftable,005a8ccc,6,0x18,vfunction7,0049b300,Sexy::Image::vfunction3
Sexy::WinFishApp,vftable,005a8ccc,7,0x1c,vfunction8,00486390,Sexy::SexyAppBase::vfunction8
Sexy::WinFishApp,vftable,005a8ccc,8,0x20,vfunction9,0054bb30,Sexy::WinFishApp::vfunction9
Sexy::WinFishApp,vftable,005a8ccc,9,0x24,vfunction10,00480340,Sexy::SexyAppBase::vfunction10
Sexy::WinFishApp,vftable,005a8ccc,10,0x28,vfunction11,00480310,Sexy::SexyAppBase::vfunction11
Sexy::WinFishApp,vftable,005a8ccc,11,0x2c,vfunction12,00485320,Sexy::SexyAppBase::vfunction12
Sexy::WinFishApp,vftable,005a8ccc,12,0x30,vfunction13,00486010,Sexy::SexyAppBase::vfunction13
Sexy::WinFishApp,vftable,005a8ccc,13,0x34,vfunction14,00485c20,Sexy::SexyAppBase::vfunction14
Sexy::WinFishApp,vftable,005a8ccc,14,0x38,vfunction15,00485ad0,Sexy::SexyAppBase::vfunction15
Sexy::WinFishApp,vftable,005a8ccc,15,0x3c,vfunction16,00485b50,Sexy::SexyAppBase::vfunction16
Sexy::WinFishApp,vftable,005a8ccc,16,0x40,vfunction17,00552250,Sexy::WinFishApp::vfunction17
Sexy::WinFishApp,vftable,005a8ccc,17,0x44,vfunction18,00551c60,Sexy::WinFishApp::deleting_destructor
Sexy::WinFishApp,vftable,005a8ccc,18,0x48,vfunction19,0054abf0,Sexy::WinFishApp::vfunction19
Sexy::WinFishApp,vftable,005a8ccc,19,0x4c,vfunction20,00486bf0,Sexy::ResourceManager::BaseRes::vfunction2
Sexy::WinFishApp,vftable,005a8ccc,20,0x50,vfunction21,00486bf0,Sexy::ResourceManager::BaseRes::vfunction2
Sexy::WinFishApp,vftable,005a8ccc,21,0x54,vfunction22,00493bc0,Sexy::SexyApp::vfunction22_for_ButtonListener
Sexy::WinFishApp,vftable,005a8ccc,22,0x58,vfunction23,005510b0,Sexy::WinFishApp::vfunction23
Sexy::WinFishApp,vftable,005a8ccc,23,0x5c,vfunction24,0054e180,Sexy::WinFishApp::vfunction24
Sexy::WinFishApp,vftable,005a8ccc,24,0x60,vfunction25,00551d70,Sexy::WinFishApp::vfunction25
Sexy::WinFishApp,vftable,005a8ccc,25,0x64,vfunction26,0054b940,Sexy::WinFishApp::vfunction26
Sexy::WinFishApp,vftable,005a8ccc,26,0x68,vfunction27,004e9e00,Sexy::GameObject::vfunction75
Sexy::WinFishApp,vftable,005a8ccc,27,0x6c,vfunction28,00481450,Sexy::SexyAppBase::vfunction28
Sexy::WinFishApp,vftable,005a8ccc,28,0x70,vfunction29,00481480,Sexy::SexyAppBase::vfunction29
Sexy::WinFishApp,vftable,005a8ccc,29,0x74,vfunction30,00481550,Sexy::SexyAppBase::vfunction30
Sexy::WinFishApp,vftable,005a8ccc,30,0x78,vfunction31,004814d0,Sexy::SexyAppBase::vfunction31
Sexy::WinFishApp,vftable,005a8ccc,31,0x7c,vfunction32,00481800,Sexy::SexyAppBase::vfunction32
Sexy::WinFishApp,vftable,005a8ccc,32,0x80,vfunction33,00481640,Sexy::SexyAppBase::vfunction33
Sexy::WinFishApp,vftable,005a8ccc,33,0x84,vfunction34,0054caa0,Sexy::WinFishApp::vfunction34
Sexy::WinFishApp,vftable,005a8ccc,34,0x88,vfunction35,00481a10,Sexy::SexyAppBase::vfunction35
Sexy::WinFishApp,vftable,005a8ccc,35,0x8c,vfunction36,00551570,Sexy::WinFishApp::vfunction36
Sexy::WinFishApp,vftable,005a8ccc,36,0x90,vfunction37,0054bb80,Sexy::WinFishApp::vfunction37
Sexy::WinFishApp,vftable,005a8ccc,37,0x94,vfunction38,005516c0,Sexy::WinFishApp::vfunction38
Sexy::WinFishApp,vftable,005a8ccc,38,0x98,vfunction39,0047aef0,Sexy::SexyAppBase::vfunction39
Sexy::WinFishApp,vftable,005a8ccc,39,0x9c,vfunction40,0047fc00,Sexy::SexyAppBase::vfunction40
Sexy::WinFishApp,vftable,005a8ccc,40,0xa0,vfunction41,00494070,Sexy::SexyApp::vfunction41_for_ButtonListener
Sexy::WinFishApp,vftable,005a8ccc,41,0xa4,vfunction42,00494500,Sexy::SexyApp::vfunction42_for_ButtonListener
Sexy::WinFishApp,vftable,005a8ccc,42,0xa8,vfunction43,0054c9c0,Sexy::WinFishApp::vfunction43
Sexy::WinFishApp,vftable,005a8ccc,43,0xac,vfunction44,00487720,Sexy::SexyAppBase::vfunction44
Sexy::WinFishApp,vftable,005a8ccc,44,0xb0,vfunction45,004877d0,Sexy::SexyAppBase::vfunction45
Sexy::WinFishApp,vftable,005a8ccc,45,0xb4,vfunction46,00493cb0,Sexy::SexyApp::vfunction46_for_ButtonListener
Sexy::WinFishApp,vftable,005a8ccc,46,0xb8,vfunction47,00483460,Sexy::SexyAppBase::vfunction47
Sexy::WinFishApp,vftable,005a8ccc,47,0xbc,vfunction48,00488fc0,Sexy::SexyAppBase::vfunction48
Sexy::WinFishApp,vftable,005a8ccc,48,0xc0,vfunction49,0054cad0,Sexy::WinFishApp::vfunction49
Sexy::WinFishApp,vftable,005a8ccc,49,0xc4,vfunction50,005503c0,Sexy::WinFishApp::vfunction50
Sexy::WinFishApp,vftable,005a8ccc,50,0xc8,vfunction51,00486bf0,Sexy::ResourceManager::BaseRes::vfunction2
Sexy::WinFishApp,vftable,005a8ccc,51,0xcc,vfunction52,00486bf0,Sexy::ResourceManager::BaseRes::vfunction2
Sexy::WinFishApp,vftable,005a8ccc,52,0xd0,vfunction53,00550fb0,Sexy::WinFishApp::vfunction53
Sexy::WinFishApp,vftable,005a8ccc,53,0xd4,vfunction54,004896e0,Sexy::SexyAppBase::vfunction54
Sexy::WinFishApp,vftable,005a8ccc,54,0xd8,vfunction55,004896b0,Sexy::SexyAppBase::vfunction55
Sexy::WinFishApp,vftable,005a8ccc,55,0xdc,vfunction56,00489890,Sexy::SexyAppBase::vfunction56
Sexy::WinFishApp,vftable,005a8ccc,56,0xe0,vfunction57,004897f0,Sexy::SexyAppBase::vfunction57
Sexy::WinFishApp,vftable,005a8ccc,57,0xe4,vfunction58,00489840,Sexy::SexyAppBase::vfunction58
Sexy::WinFishApp,vftable,005a8ccc,58,0xe8,vfunction59,00489730,Sexy::SexyAppBase::vfunction59
Sexy::WinFishApp,vftable,005a8ccc,59,0xec,vfunction60,004898a0,Sexy::SexyAppBase::vfunction60
Sexy::WinFishApp,vftable,005a8ccc,60,0xf0,vfunction61,0054baf0,Sexy::WinFishApp::vfunction61
Sexy::WinFishApp,vftable,005a8ccc,61,0xf4,vfunction62,00489850,Sexy::SexyAppBase::vfunction62
Sexy::WinFishApp,vftable,005a8ccc,62,0xf8,vfunction63,00489740,Sexy::SexyAppBase::vfunction63
Sexy::WinFishApp,vftable,005a8ccc,63,0xfc,vfunction64,00489790,Sexy::SexyAppBase::vfunction64
Sexy::WinFishApp,vftable,005a8ccc,64,0x100,vfunction65,0047de00,Sexy::SexyAppBase::vfunction65
Sexy::WinFishApp,vftable,005a8ccc,65,0x104,vfunction66,004891f0,Sexy::SexyAppBase::vfunction66
Sexy::WinFishApp,vftable,005a8ccc,66,0x108,vfunction67,00489d00,Sexy::SexyAppBase::vfunction67
Sexy::WinFishApp,vftable,005a8ccc,67,0x10c,vfunction68,00489fb0,Sexy::SexyAppBase::vfunction68
Sexy::WinFishApp,vftable,005a8ccc,68,0x110,vfunction69,00485ec0,Sexy::SexyAppBase::vfunction69
Sexy::WinFishApp,vftable,005a8ccc,69,0x114,vfunction70,00485f80,Sexy::SexyAppBase::vfunction70
Sexy::WinFishApp,vftable,005a8ccc,70,0x118,vfunction71,00485fa0,Sexy::SexyAppBase::vfunction71
Sexy::WinFishApp,vftable,005a8ccc,71,0x11c,vfunction72,00485fc0,Sexy::SexyAppBase::vfunction72
Sexy::WinFishApp,vftable,005a8ccc,72,0x120,vfunction73,0054b5a0,Sexy::WinFishApp::vfunction73
Sexy::WinFishApp,vftable,005a8ccc,73,0x124,vfunction74,0047aa10,Sexy::SexyAppBase::vfunction74
Sexy::WinFishApp,vftable,005a8ccc,74,0x128,vfunction75,0047ad50,Sexy::SexyAppBase::vfunction75
Sexy::WinFishApp,vftable,005a8ccc,75,0x12c,vfunction76,0047ac40,Sexy::SexyAppBase::vfunction76
Sexy::WinFishApp,vftable,005a8ccc,76,0x130,vfunction77,0047ac10,Sexy::SexyAppBase::vfunction77
Sexy::WinFishApp,vftable,005a8ccc,77,0x134,vfunction78,0054cfc0,Sexy::WinFishApp::vfunction78
Sexy::WinFishApp,vftable,005a8ccc,78,0x138,vfunction79,0047aa80,Sexy::SexyAppBase::vfunction79
Sexy::WinFishApp,vftable,005a8ccc,79,0x13c,vfunction80,0047ac30,Sexy::SexyAppBase::vfunction80
Sexy::WinFishApp,vftable,005a8ccc,80,0x140,vfunction81,0054cf90,Sexy::WinFishApp::vfunction81
Sexy::WinFishApp,vftable,005a8ccc,81,0x144,vfunction82,004e9e00,Sexy::GameObject::vfunction75
Sexy::WinFishApp,vftable,005a8ccc,82,0x148,vfunction83,004e9e00,Sexy::GameObject::vfunction75
Sexy::WinFishApp,vftable,005a8ccc,83,0x14c,vfunction84,00551d50,Sexy::WinFishApp::vfunction84
Sexy::WinFishApp,vftable,005a8ccc,84,0x150,vfunction85,004843d0,Sexy::SexyAppBase::vfunction85
Sexy::WinFishApp,vftable,005a8ccc,85,0x154,vfunction86,0054bb10,Sexy::WinFishApp::vfunction86
Sexy::WinFishApp,vftable,005a8ccc,86,0x158,vfunction87,004846b0,Sexy::SexyAppBase::vfunction87
Sexy::WinFishApp,vftable,005a8ccc,87,0x15c,vfunction88,00486bf0,Sexy::ResourceManager::BaseRes::vfunction2
Sexy::WinFishApp,vftable,005a8ccc,88,0x160,vfunction89,00486bf0,Sexy::ResourceManager::BaseRes::vfunction2
Sexy::WinFishApp,vftable,005a8ccc,89,0x164,vfunction90,004852f0,Sexy::SexyAppBase::vfunction90
Sexy::WinFishApp,vftable,005a8ccc,90,0x168,vfunction91,00493820,Sexy::SexyApp::vfunction91_for_ButtonListener
Sexy::WinFishApp,vftable,005a8ccc,91,0x16c,vfunction92,00480fd0,Sexy::SexyAppBase::vfunction92
Sexy::WinFishApp,vftable,005a8ccc,92,0x170,vfunction93,00480430,Sexy::SexyAppBase::vfunction93
Sexy::WinFishApp,vftable,005a8ccc,93,0x174,vfunction94,004948f0,Sexy::SexyApp::vfunction94_for_ButtonListener
Sexy::WinFishApp,vftable,005a8ccc,94,0x178,vfunction95,00486910,Sexy::SexyAppBase::vfunction95
Sexy::WinFishApp,vftable,005a8ccc,95,0x17c,vfunction96,00486950,Sexy::SexyAppBase::vfunction96
Sexy::WinFishApp,vftable,005a8ccc,96,0x180,vfunction97,00486ad0,Sexy::SexyAppBase::vfunction97
Sexy::WinFishApp,vftable,005a8ccc,97,0x184,vfunction98,00479fd0,Sexy::SexyAppBase::vfunction98
Sexy::WinFishApp,vftable,005a8ccc,98,0x188,vfunction99,004936b0,Sexy::SexyApp::vfunction99_for_ButtonListener
Sexy::WinFishApp,vftable,005a8ccc,99,0x18c,vfunction100,00493720,Sexy::SexyApp::vfunction100_for_ButtonListener
Sexy::WinFishApp,vftable,005a8ccc,100,0x190,vfunction101,00493780,Sexy::SexyApp::vfunction101_for_ButtonListener
Sexy::WinFishApp,vftable,005a8ccc,101,0x194,vfunction102,00492920,Sexy::SexyApp::vfunction102_for_ButtonListener
Sexy::WinFishApp,vftable,005a8ccc,102,0x198,vfunction103,004923d0,Sexy::WinFishApp::deleting_destructor
Sexy::WinFishApp,vftable,005a8ccc,103,0x19c,vfunction104,00493c10,Sexy::WinFishApp::deleting_destructor
Sexy::WinFishApp,vftable,005a8ccc,104,0x1a0,vfunction105,00552560,Sexy::WinFishApp::vfunction105
Sexy::WinFishApp,vftable,005a8ccc,105,0x1a4,vfunction106,004e9e00,Sexy::GameObject::vfunction75
Sexy::WinFishApp,vftable,005a8ccc,106,0x1a8,vfunction107,005502c0,Sexy::WinFishApp::vfunction107
std::locale::facet,vftable,005a95e8,0,0x0,vfunction1,004220b0,"std::codecvt<char,char,int>::deleting_destructor"
std::locale::_Locimp,vftable,005a95f0,0,0x0,vfunction1,00401b00,std::locale::_Locimp::deleting_destructor
std::ctype<char>,vftable,005a95f8,0,0x0,vfunction1,00401f50,std::ctype<char>::deleting_destructor
std::ctype<char>,vftable,005a95f8,1,0x4,vfunction2,00401dd0,std::ctype<char>::vfunction2
std::ctype<char>,vftable,005a95f8,2,0x8,vfunction3,00401db0,std::ctype<char>::vfunction3
std::ctype<char>,vftable,005a95f8,3,0xc,vfunction4,00401e20,std::ctype<char>::vfunction4
std::ctype<char>,vftable,005a95f8,4,0x10,vfunction5,00401e00,std::ctype<char>::vfunction5
std::ctype<char>,vftable,005a95f8,5,0x14,vfunction6,00401e60,std::ctype<char>::vfunction6
std::ctype<char>,vftable,005a95f8,6,0x18,vfunction7,00401e50,std::ctype<char>::vfunction7
std::ctype<char>,vftable,005a95f8,7,0x1c,vfunction8,00401e90,std::ctype<char>::vfunction8
std::ctype<char>,vftable,005a95f8,8,0x20,vfunction9,00401ee0,std::ctype<char>::vfunction9
std::ctype<char>,vftable,005a95f8,9,0x24,vfunction10,00401ed0,std::ctype<char>::vfunction10
std::ctype<char>,vftable,005a95f8,10,0x28,vfunction11,00401f10,std::ctype<char>::vfunction11
"std::num_get<char,std::istreambuf_iterator<char,std::char_traits<char>_>_>",vftable,005a9628,0,0x0,vfunction1,0055594f,"std::codecvt<unsigned_short,char,int>::deleting_destructor"
"std::num_get<char,std::istreambuf_iterator<char,std::char_traits<char>_>_>",vftable,005a9628,1,0x4,vfunction2,00554cde,"std::num_get<char,std::istreambuf_iterator<char,std::char_traits<char>_>_>::do_get"
"std::num_get<char,std::istreambuf_iterator<char,std::char_traits<char>_>_>",vftable,005a9628,2,0x8,vfunction3,00554c39,do_get
"std::num_get<char,std::istreambuf_iterator<char,std::char_traits<char>_>_>",vftable,005a9628,3,0xc,vfunction4,00554b94,do_get
"std::num_get<char,std::istreambuf_iterator<char,std::char_traits<char>_>_>",vftable,005a9628,4,0x10,vfunction5,00554aef,"std::num_get<char,std::istreambuf_iterator<char,std::char_traits<char>_>_>::do_get"
"std::num_get<char,std::istreambuf_iterator<char,std::char_traits<char>_>_>",vftable,005a9628,5,0x14,vfunction6,00554a4c,"std::num_get<char,std::istreambuf_iterator<char,std::char_traits<char>_>_>::do_get"
"std::num_get<char,std::istreambuf_iterator<char,std::char_traits<char>_>_>",vftable,005a9628,6,0x18,vfunction7,005549a9,"std::num_get<char,std::istreambuf_iterator<char,std::char_traits<char>_>_>::do_get"
"std::num_get<char,std::istreambuf_iterator<char,std::char_traits<char>_>_>",vftable,005a9628,7,0x1c,vfunction8,005548fe,"std::num_get<char,std::istreambuf_iterator<char,std::char_traits<char>_>_>::do_get"
"std::num_get<char,std::istreambuf_iterator<char,std::char_traits<char>_>_>",vftable,005a9628,8,0x20,vfunction9,00554853,"std::num_get<char,std::istreambuf_iterator<char,std::char_traits<char>_>_>::do_get"
"std::num_get<char,std::istreambuf_iterator<char,std::char_traits<char>_>_>",vftable,005a9628,9,0x24,vfunction10,0055478b,"std::num_get<char,std::istreambuf_iterator<char,std::char_traits<char>_>_>::do_get"
"std::num_get<char,std::istreambuf_iterator<char,std::char_traits<char>_>_>",vftable,005a9628,10,0x28,vfunction11,005546bf,"std::num_get<char,std::istreambuf_iterator<char,std::char_traits<char>_>_>::do_get"
"std::num_get<char,std::istreambuf_iterator<char,std::char_traits<char>_>_>",vftable,005a9628,11,0x2c,vfunction12,00554525,"std::num_get<char,std::istreambuf_iterator<char,std::char_traits<char>_>_>::do_get"
"std::num_put<char,std::ostreambuf_iterator<char,std::char_traits<char>_>_>",vftable,005a965c,0,0x0,vfunction1,004220b0,"std::codecvt<char,char,int>::deleting_destructor"
"std::num_put<char,std::ostreambuf_iterator<char,std::char_traits<char>_>_>",vftable,005a965c,1,0x4,vfunction2,00421890,"std::num_put<char,std::ostreambuf_iterator<char,std::char_traits<char>_>_>::vfunction2"
"std::num_put<char,std::ostreambuf_iterator<char,std::char_traits<char>_>_>",vftable,005a965c,2,0x8,vfunction3,004216b0,"std::num_put<char,std::ostreambuf_iterator<char,std::char_traits<char>_>_>::vfunction3"
"std::num_put<char,std::ostreambuf_iterator<char,std::char_traits<char>_>_>",vftable,005a965c,3,0xc,vfunction4,004214e0,"std::num_put<char,std::ostreambuf_iterator<char,std::char_traits<char>_>_>::vfunction4"
"std::num_put<char,std::ostreambuf_iterator<char,std::char_traits<char>_>_>",vftable,005a965c,4,0x10,vfunction5,00421440,"std::num_put<char,std::ostreambuf_iterator<char,std::char_traits<char>_>_>::vfunction5"
"std::num_put<char,std::ostreambuf_iterator<char,std::char_traits<char>_>_>",vftable,005a965c,5,0x14,vfunction6,004213a0,"std::num_put<char,std::ostreambuf_iterator<char,std::char_traits<char>_>_>::vfunction6"
"std::num_put<char,std::ostreambuf_iterator<char,std::char_traits<char>_>_>",vftable,005a965c,6,0x18,vfunction7,00421300,"std::num_put<char,std::ostreambuf_iterator<char,std::char_traits<char>_>_>::vfunction7"
"std::num_put<char,std::ostreambuf_iterator<char,std::char_traits<char>_>_>",vftable,005a965c,7,0x1c,vfunction8,00421260,"std::num_put<char,std::ostreambuf_iterator<char,std::char_traits<char>_>_>::vfunction8"
"std::num_put<char,std::ostreambuf_iterator<char,std::char_traits<char>_>_>",vftable,005a965c,8,0x20,vfunction9,00421010,"std::num_put<char,std::ostreambuf_iterator<char,std::char_traits<char>_>_>::vfunction9"
"std::codecvt<char,char,int>",vftable,005a9684,0,0x0,vfunction1,004220b0,"std::codecvt<char,char,int>::deleting_destructor"
"std::codecvt<char,char,int>",vftable,005a9684,1,0x4,vfunction2,00401b20,"std::codecvt<char,char,int>::vfunction2"
"std::codecvt<char,char,int>",vftable,005a9684,2,0x8,vfunction3,00401b30,"std::codecvt<char,char,int>::vfunction3"
"std::codecvt<char,char,int>",vftable,005a9684,3,0xc,vfunction4,00401b30,"std::codecvt<char,char,int>::vfunction3"
"std::codecvt<char,char,int>",vftable,005a9684,4,0x10,vfunction5,004267d0,"std::codecvt<char,char,int>::vfunction5"
"std::codecvt<char,char,int>",vftable,005a9684,5,0x14,vfunction6,004267d0,"std::codecvt<char,char,int>::vfunction5"
"std::codecvt<char,char,int>",vftable,005a9684,6,0x18,vfunction7,004267f0,"std::codecvt<char,char,int>::vfunction7"
"std::codecvt<char,char,int>",vftable,005a9684,7,0x1c,vfunction8,00426810,"std::codecvt<char,char,int>::vfunction8"
std::numpunct<char>,vftable,005a96a8,0,0x0,vfunction1,004269a0,std::numpunct<char>::scalar_deleting_destructor
std::numpunct<char>,vftable,005a96a8,1,0x4,vfunction2,00426870,std::numpunct<char>::vfunction2
std::numpunct<char>,vftable,005a96a8,2,0x8,vfunction3,00426880,std::numpunct<char>::vfunction3
std::numpunct<char>,vftable,005a96a8,3,0xc,vfunction4,00426890,std::numpunct<char>::vfunction4
std::numpunct<char>,vftable,005a96a8,4,0x10,vfunction5,004268e0,std::numpunct<char>::vfunction5
std::numpunct<char>,vftable,005a96a8,5,0x14,vfunction6,00426930,std::numpunct<char>::vfunction6
std::runtime_error,vftable,005a96c4,0,0x0,vfunction1,00401300,std::ios_base::failure::deleting_destructor
std::runtime_error,vftable,005a96c4,1,0x4,vfunction2,004012f0,std::runtime_error::vfunction2
"std::codecvt<wchar_t,char,int>",vftable,005a9800,0,0x0,vfunction1,0055594f,"std::codecvt<unsigned_short,char,int>::deleting_destructor"
"std::codecvt<wchar_t,char,int>",vftable,005a9800,1,0x4,vfunction2,00555a21,"std::codecvt<wchar_t,char,int>::vfunction2"
"std::codecvt<wchar_t,char,int>",vftable,005a9800,2,0x8,vfunction3,00555948,"std::codecvt<wchar_t,char,int>::vfunction3"
"std::codecvt<wchar_t,char,int>",vftable,005a9800,3,0xc,vfunction4,0055594c,"std::codecvt<wchar_t,char,int>::vfunction4"
"std::codecvt<wchar_t,char,int>",vftable,005a9800,4,0x10,vfunction5,00555753,do_in
"std::codecvt<wchar_t,char,int>",vftable,005a9800,5,0x14,vfunction6,005557e7,do_out
"std::codecvt<wchar_t,char,int>",vftable,005a9800,6,0x18,vfunction7,0055598d,do_unshift
"std::codecvt<wchar_t,char,int>",vftable,005a9800,7,0x1c,vfunction8,005558d9,do_length
"std::codecvt<unsigned_short,char,int>",vftable,005a9824,0,0x0,vfunction1,0055594f,"std::codecvt<unsigned_short,char,int>::deleting_destructor"
"std::codecvt<unsigned_short,char,int>",vftable,005a9824,1,0x4,vfunction2,00555a21,"std::codecvt<wchar_t,char,int>::vfunction2"
"std::codecvt<unsigned_short,char,int>",vftable,005a9824,2,0x8,vfunction3,00555948,"std::codecvt<wchar_t,char,int>::vfunction3"
"std::codecvt<unsigned_short,char,int>",vftable,005a9824,3,0xc,vfunction4,0055594c,"std::codecvt<wchar_t,char,int>::vfunction4"
"std::codecvt<unsigned_short,char,int>",vftable,005a9824,4,0x10,vfunction5,00555753,do_in
"std::codecvt<unsigned_short,char,int>",vftable,005a9824,5,0x14,vfunction6,005557e7,do_out
"std::codecvt<unsigned_short,char,int>",vftable,005a9824,6,0x18,vfunction7,0055598d,do_unshift
"std::codecvt<unsigned_short,char,int>",vftable,005a9824,7,0x1c,vfunction8,005558d9,do_length
std::ctype<wchar_t>,vftable,005a984c,0,0x0,vfunction1,00555b61,std::ctype<wchar_t>::deleting_destructor
std::ctype<wchar_t>,vftable,005a984c,1,0x4,vfunction2,00555bda,do_is
std::ctype<wchar_t>,vftable,005a984c,2,0x8,vfunction3,00555bbc,do_is
std::ctype<wchar_t>,vftable,005a984c,3,0xc,vfunction4,00555a63,do_scan_is
std::ctype<wchar_t>,vftable,005a984c,4,0x10,vfunction5,00555a8f,do_scan_not
std::ctype<wchar_t>,vftable,005a984c,5,0x14,vfunction6,00555acd,do_tolower
std::ctype<wchar_t>,vftable,005a984c,6,0x18,vfunction7,00555abb,do_tolower
std::ctype<wchar_t>,vftable,005a984c,7,0x1c,vfunction8,00555bf5,do_toupper
std::ctype<wchar_t>,vftable,005a984c,8,0x20,vfunction9,00555afa,do_toupper
std::ctype<wchar_t>,vftable,005a984c,9,0x24,vfunction10,00555b45,do_widen
std::ctype<wchar_t>,vftable,005a984c,10,0x28,vfunction11,00555b0c,thunk 00555b40 -> Dowiden
std::ctype<wchar_t>,vftable,005a984c,11,0x2c,vfunction12,00555c22,Do_widen_s
std::ctype<wchar_t>,vftable,005a984c,12,0x30,vfunction13,00555cae,do_narrow
std::ctype<wchar_t>,vftable,005a984c,13,0x34,vfunction14,00555c63,thunk 00555ca9 -> Donarrow
std::ctype<wchar_t>,vftable,005a984c,14,0x38,vfunction15,00555ccf,Do_narrow_s
std::ctype<unsigned_short>,vftable,005a988c,0,0x0,vfunction1,00555d14,std::ctype<unsigned_short>::deleting_destructor
std::ctype<unsigned_short>,vftable,005a988c,1,0x4,vfunction2,00555bda,do_is
std::ctype<unsigned_short>,vftable,005a988c,2,0x8,vfunction3,00555bbc,do_is
std::ctype<unsigned_short>,vftable,005a988c,3,0xc,vfunction4,00555a63,do_scan_is
std::ctype<unsigned_short>,vftable,005a988c,4,0x10,vfunction5,00555a8f,do_scan_not
std::ctype<unsigned_short>,vftable,005a988c,5,0x14,vfunction6,00555acd,do_tolower
std::ctype<unsigned_short>,vftable,005a988c,6,0x18,vfunction7,00555abb,do_tolower
std::ctype<unsigned_short>,vftable,005a988c,7,0x1c,vfunction8,00555bf5,do_toupper
std::ctype<unsigned_short>,vftable,005a988c,8,0x20,vfunction9,00555afa,do_toupper
std::ctype<unsigned_short>,vftable,005a988c,9,0x24,vfunction10,00555b45,do_widen
std::ctype<unsigned_short>,vftable,005a988c,10,0x28,vfunction11,00555b0c,thunk 00555b40 -> Dowiden
std::ctype<unsigned_short>,vftable,005a988c,11,0x2c,vfunction12,00555c22,Do_widen_s
std::ctype<unsigned_short>,vftable,005a988c,12,0x30,vfunction13,00555cae,do_narrow
std::ctype<unsigned_short>,vftable,005a988c,13,0x34,vfunction14,00555c63,thunk 00555ca9 -> Donarrow
std::ctype<unsigned_short>,vftable,005a988c,14,0x38,vfunction15,00555ccf,Do_narrow_s
"std::time_put<wchar_t,std::ostreambuf_iterator<wchar_t,std::char_traits<wchar_t>_>_>",vftable,005a98cc,0,0x0,vfunction1,00555d6d,"std::time_put<wchar_t,std::ostreambuf_iterator<wchar_t,std::char_traits<wchar_t>_>_>::deleting_destructor"
"std::time_put<wchar_t,std::ostreambuf_iterator<wchar_t,std::char_traits<wchar_t>_>_>",vftable,005a98cc,1,0x4,vfunction2,0055741e,do_put
"std::num_get<wchar_t,std::istreambuf_iterator<wchar_t,std::char_traits<wchar_t>_>_>",vftable,005a98d8,0,0x0,vfunction1,0055594f,"std::codecvt<unsigned_short,char,int>::deleting_destructor"
"std::num_get<wchar_t,std::istreambuf_iterator<wchar_t,std::char_traits<wchar_t>_>_>",vftable,005a98d8,1,0x4,vfunction2,0055d44a,do_get
"std::num_get<wchar_t,std::istreambuf_iterator<wchar_t,std::char_traits<wchar_t>_>_>",vftable,005a98d8,2,0x8,vfunction3,0055d3a5,do_get
"std::num_get<wchar_t,std::istreambuf_iterator<wchar_t,std::char_traits<wchar_t>_>_>",vftable,005a98d8,3,0xc,vfunction4,0055d300,do_get
"std::num_get<wchar_t,std::istreambuf_iterator<wchar_t,std::char_traits<wchar_t>_>_>",vftable,005a98d8,4,0x10,vfunction5,0055d25b,do_get
"std::num_get<wchar_t,std::istreambuf_iterator<wchar_t,std::char_traits<wchar_t>_>_>",vftable,005a98d8,5,0x14,vfunction6,0055d1b8,do_get
"std::num_get<wchar_t,std::istreambuf_iterator<wchar_t,std::char_traits<wchar_t>_>_>",vftable,005a98d8,6,0x18,vfunction7,0055d115,do_get
"std::num_get<wchar_t,std::istreambuf_iterator<wchar_t,std::char_traits<wchar_t>_>_>",vftable,005a98d8,7,0x1c,vfunction8,0055d06a,do_get
"std::num_get<wchar_t,std::istreambuf_iterator<wchar_t,std::char_traits<wchar_t>_>_>",vftable,005a98d8,8,0x20,vfunction9,0055cfbf,do_get
"std::num_get<wchar_t,std::istreambuf_iterator<wchar_t,std::char_traits<wchar_t>_>_>",vftable,005a98d8,9,0x24,vfunction10,0055cef7,do_get
"std::num_get<wchar_t,std::istreambuf_iterator<wchar_t,std::char_traits<wchar_t>_>_>",vftable,005a98d8,10,0x28,vfunction11,0055ce2b,do_get
"std::num_get<wchar_t,std::istreambuf_iterator<wchar_t,std::char_traits<wchar_t>_>_>",vftable,005a98d8,11,0x2c,vfunction12,0055cc91,do_get
"std::num_put<wchar_t,std::ostreambuf_iterator<wchar_t,std::char_traits<wchar_t>_>_>",vftable,005a990c,0,0x0,vfunction1,0055594f,"std::codecvt<unsigned_short,char,int>::deleting_destructor"
"std::num_put<wchar_t,std::ostreambuf_iterator<wchar_t,std::char_traits<wchar_t>_>_>",vftable,005a990c,1,0x4,vfunction2,0055d9a5,do_put
"std::num_put<wchar_t,std::ostreambuf_iterator<wchar_t,std::char_traits<wchar_t>_>_>",vftable,005a990c,2,0x8,vfunction3,0055d848,"std::num_put<wchar_t,std::ostreambuf_iterator<wchar_t,std::char_traits<wchar_t>_>_>::vfunction3"
"std::num_put<wchar_t,std::ostreambuf_iterator<wchar_t,std::char_traits<wchar_t>_>_>",vftable,005a990c,3,0xc,vfunction4,0055d6e3,"std::num_put<wchar_t,std::ostreambuf_iterator<wchar_t,std::char_traits<wchar_t>_>_>::vfunction4"
"std::num_put<wchar_t,std::ostreambuf_iterator<wchar_t,std::char_traits<wchar_t>_>_>",vftable,005a990c,4,0x10,vfunction5,0055d669,do_put
"std::num_put<wchar_t,std::ostreambuf_iterator<wchar_t,std::char_traits<wchar_t>_>_>",vftable,005a990c,5,0x14,vfunction6,0055d5ef,do_put
"std::num_put<wchar_t,std::ostreambuf_iterator<wchar_t,std::char_traits<wchar_t>_>_>",vftable,005a990c,6,0x18,vfunction7,0055d578,do_put
"std::num_put<wchar_t,std::ostreambuf_iterator<wchar_t,std::char_traits<wchar_t>_>_>",vftable,005a990c,7,0x1c,vfunction8,0055d501,do_put
"std::num_put<wchar_t,std::ostreambuf_iterator<wchar_t,std::char_traits<wchar_t>_>_>",vftable,005a990c,8,0x20,vfunction9,00559c8b,do_put
std::collate<wchar_t>,vftable,005a9934,0,0x0,vfunction1,0055594f,"std::codecvt<unsigned_short,char,int>::deleting_destructor"
std::collate<wchar_t>,vftable,005a9934,1,0x4,vfunction2,00555e84,std::collate<wchar_t>::do_compare
std::collate<wchar_t>,vftable,005a9934,2,0x8,vfunction3,00557679,std::collate<wchar_t>::do_transform
std::collate<wchar_t>,vftable,005a9934,3,0xc,vfunction4,00556092,std::collate<wchar_t>::vfunction4
std::messages<wchar_t>,vftable,005a9948,0,0x0,vfunction1,0055594f,"std::codecvt<unsigned_short,char,int>::deleting_destructor"
std::messages<wchar_t>,vftable,005a9948,1,0x4,vfunction2,00560b11,std::messages<wchar_t>::vfunction2
std::messages<wchar_t>,vftable,005a9948,2,0x8,vfunction3,00557727,std::messages<wchar_t>::vfunction3
std::messages<wchar_t>,vftable,005a9948,3,0xc,vfunction4,00560b17,std::messages<wchar_t>::vfunction4
"std::money_get<wchar_t,std::istreambuf_iterator<wchar_t,std::char_traits<wchar_t>_>_>",vftable,005a995c,0,0x0,vfunction1,0055594f,"std::codecvt<unsigned_short,char,int>::deleting_destructor"
"std::money_get<wchar_t,std::istreambuf_iterator<wchar_t,std::char_traits<wchar_t>_>_>",vftable,005a995c,1,0x4,vfunction2,0056040e,do_get
"std::money_get<wchar_t,std::istreambuf_iterator<wchar_t,std::char_traits<wchar_t>_>_>",vftable,005a995c,2,0x8,vfunction3,005602b9,"std::money_get<wchar_t,std::istreambuf_iterator<wchar_t,std::char_traits<wchar_t>_>_>::vfunction3"
"std::money_put<wchar_t,std::ostreambuf_iterator<wchar_t,std::char_traits<wchar_t>_>_>",vftable,005a996c,0,0x0,vfunction1,0055594f,"std::codecvt<unsigned_short,char,int>::deleting_destructor"
"std::money_put<wchar_t,std::ostreambuf_iterator<wchar_t,std::char_traits<wchar_t>_>_>",vftable,005a996c,1,0x4,vfunction2,005605b8,do_put
"std::money_put<wchar_t,std::ostreambuf_iterator<wchar_t,std::char_traits<wchar_t>_>_>",vftable,005a996c,2,0x8,vfunction3,0056048a,"std::money_put<wchar_t,std::ostreambuf_iterator<wchar_t,std::char_traits<wchar_t>_>_>::vfunction3"
std::_Mpunct<wchar_t>,vftable,005a997c,0,0x0,vfunction1,0055635c,std::_Mpunct<wchar_t>::deleting_destructor
std::_Mpunct<wchar_t>,vftable,005a997c,1,0x4,vfunction2,005562ed,std::_Mpunct<wchar_t>::vfunction2
std::_Mpunct<wchar_t>,vftable,005a997c,2,0x8,vfunction3,005562f2,std::_Mpunct<wchar_t>::vfunction3
std::_Mpunct<wchar_t>,vftable,005a997c,3,0xc,vfunction4,00557645,std::_Mpunct<wchar_t>::vfunction4
std::_Mpunct<wchar_t>,vftable,005a997c,4,0x10,vfunction5,0055765f,std::_Mpunct<wchar_t>::vfunction5
std::_Mpunct<wchar_t>,vftable,005a997c,5,0x14,vfunction6,00557741,std::_Mpunct<wchar_t>::vfunction6
std::_Mpunct<wchar_t>,vftable,005a997c,6,0x18,vfunction7,0055775b,std::_Mpunct<wchar_t>::vfunction7
std::_Mpunct<wchar_t>,vftable,005a997c,7,0x1c,vfunction8,00560b7a,std::_Mpunct<wchar_t>::vfunction8
std::_Mpunct<wchar_t>,vftable,005a997c,8,0x20,vfunction9,005562f7,std::_Mpunct<wchar_t>::vfunction9
std::_Mpunct<wchar_t>,vftable,005a997c,9,0x24,vfunction10,00560b7e,std::_Mpunct<wchar_t>::vfunction10
"std::num_get<unsigned_short,std::istreambuf_iterator<unsigned_short,std::char_traits<unsigned_short>_>_>",vftable,005a99a8,0,0x0,vfunction1,0055594f,"std::codecvt<unsigned_short,char,int>::deleting_destructor"
"std::num_get<unsigned_short,std::istreambuf_iterator<unsigned_short,std::char_traits<unsigned_short>_>_>",vftable,005a99a8,1,0x4,vfunction2,0055e1c4,do_get
"std::num_get<unsigned_short,std::istreambuf_iterator<unsigned_short,std::char_traits<unsigned_short>_>_>",vftable,005a99a8,2,0x8,vfunction3,0055e11f,do_get
"std::num_get<unsigned_short,std::istreambuf_iterator<unsigned_short,std::char_traits<unsigned_short>_>_>",vftable,005a99a8,3,0xc,vfunction4,0055e07a,do_get
"std::num_get<unsigned_short,std::istreambuf_iterator<unsigned_short,std::char_traits<unsigned_short>_>_>",vftable,005a99a8,4,0x10,vfunction5,0055dfd5,do_get
"std::num_get<unsigned_short,std::istreambuf_iterator<unsigned_short,std::char_traits<unsigned_short>_>_>",vftable,005a99a8,5,0x14,vfunction6,0055df32,do_get
"std::num_get<unsigned_short,std::istreambuf_iterator<unsigned_short,std::char_traits<unsigned_short>_>_>",vftable,005a99a8,6,0x18,vfunction7,0055de8f,do_get
"std::num_get<unsigned_short,std::istreambuf_iterator<unsigned_short,std::char_traits<unsigned_short>_>_>",vftable,005a99a8,7,0x1c,vfunction8,0055dde4,do_get
"std::num_get<unsigned_short,std::istreambuf_iterator<unsigned_short,std::char_traits<unsigned_short>_>_>",vftable,005a99a8,8,0x20,vfunction9,0055dd39,do_get
"std::num_get<unsigned_short,std::istreambuf_iterator<unsigned_short,std::char_traits<unsigned_short>_>_>",vftable,005a99a8,9,0x24,vfunction10,0055dc71,do_get
"std::num_get<unsigned_short,std::istreambuf_iterator<unsigned_short,std::char_traits<unsigned_short>_>_>",vftable,005a99a8,10,0x28,vfunction11,0055dba5,do_get
"std::num_get<unsigned_short,std::istreambuf_iterator<unsigned_short,std::char_traits<unsigned_short>_>_>",vftable,005a99a8,11,0x2c,vfunction12,0055da0b,do_get
"std::num_put<unsigned_short,std::ostreambuf_iterator<unsigned_short,std::char_traits<unsigned_short>_>_>",vftable,005a99dc,0,0x0,vfunction1,0055594f,"std::codecvt<unsigned_short,char,int>::deleting_destructor"
"std::num_put<unsigned_short,std::ostreambuf_iterator<unsigned_short,std::char_traits<unsigned_short>_>_>",vftable,005a99dc,1,0x4,vfunction2,0055e71f,do_put
"std::num_put<unsigned_short,std::ostreambuf_iterator<unsigned_short,std::char_traits<unsigned_short>_>_>",vftable,005a99dc,2,0x8,vfunction3,0055e5c2,"std::num_put<unsigned_short,std::ostreambuf_iterator<unsigned_short,std::char_traits<unsigned_short>_>_>::vfunction3"
"std::num_put<unsigned_short,std::ostreambuf_iterator<unsigned_short,std::char_traits<unsigned_short>_>_>",vftable,005a99dc,3,0xc,vfunction4,0055e45d,"std::num_put<unsigned_short,std::ostreambuf_iterator<unsigned_short,std::char_traits<unsigned_short>_>_>::vfunction4"
"std::num_put<unsigned_short,std::ostreambuf_iterator<unsigned_short,std::char_traits<unsigned_short>_>_>",vftable,005a99dc,4,0x10,vfunction5,0055e3e3,do_put
"std::num_put<unsigned_short,std::ostreambuf_iterator<unsigned_short,std::char_traits<unsigned_short>_>_>",vftable,005a99dc,5,0x14,vfunction6,0055e369,do_put
"std::num_put<unsigned_short,std::ostreambuf_iterator<unsigned_short,std::char_traits<unsigned_short>_>_>",vftable,005a99dc,6,0x18,vfunction7,0055e2f2,do_put
"std::num_put<unsigned_short,std::ostreambuf_iterator<unsigned_short,std::char_traits<unsigned_short>_>_>",vftable,005a99dc,7,0x1c,vfunction8,0055e27b,do_put
"std::num_put<unsigned_short,std::ostreambuf_iterator<unsigned_short,std::char_traits<unsigned_short>_>_>",vftable,005a99dc,8,0x20,vfunction9,00559ec2,do_put
std::collate<unsigned_short>,vftable,005a9a04,0,0x0,vfunction1,0055594f,"std::codecvt<unsigned_short,char,int>::deleting_destructor"
std::collate<unsigned_short>,vftable,005a9a04,1,0x4,vfunction2,005561a8,std::collate<unsigned_short>::do_compare
std::collate<unsigned_short>,vftable,005a9a04,2,0x8,vfunction3,005577a9,std::collate<unsigned_short>::do_transform
std::collate<unsigned_short>,vftable,005a9a04,3,0xc,vfunction4,00556092,std::collate<wchar_t>::vfunction4
std::messages<unsigned_short>,vftable,005a9a18,0,0x0,vfunction1,0055594f,"std::codecvt<unsigned_short,char,int>::deleting_destructor"
std::messages<unsigned_short>,vftable,005a9a18,1,0x4,vfunction2,00560b11,std::messages<wchar_t>::vfunction2
std::messages<unsigned_short>,vftable,005a9a18,2,0x8,vfunction3,00557857,do_get
std::messages<unsigned_short>,vftable,005a9a18,3,0xc,vfunction4,00560b17,std::messages<wchar_t>::vfunction4
"std::money_get<unsigned_short,std::istreambuf_iterator<unsigned_short,std::char_traits<unsigned_short>_>_>",vftable,005a9a2c,0,0x0,vfunction1,0055594f,"std::codecvt<unsigned_short,char,int>::deleting_destructor"
"std::money_get<unsigned_short,std::istreambuf_iterator<unsigned_short,std::char_traits<unsigned_short>_>_>",vftable,005a9a2c,1,0x4,vfunction2,005607e8,do_get
"std::money_get<unsigned_short,std::istreambuf_iterator<unsigned_short,std::char_traits<unsigned_short>_>_>",vftable,005a9a2c,2,0x8,vfunction3,00560693,"std::money_get<unsigned_short,std::istreambuf_iterator<unsigned_short,std::char_traits<unsigned_short>_>_>::vfunction3"
"std::money_put<unsigned_short,std::ostreambuf_iterator<unsigned_short,std::char_traits<unsigned_short>_>_>",vftable,005a9a3c,0,0x0,vfunction1,0055594f,"std::codecvt<unsigned_short,char,int>::deleting_destructor"
"std::money_put<unsigned_short,std::ostreambuf_iterator<unsigned_short,std::char_traits<unsigned_short>_>_>",vftable,005a9a3c,1,0x4,vfunction2,00560992,do_put
"std::money_put<unsigned_short,std::ostreambuf_iterator<unsigned_short,std::char_traits<unsigned_short>_>_>",vftable,005a9a3c,2,0x8,vfunction3,00560864,"std::money_put<unsigned_short,std::ostreambuf_iterator<unsigned_short,std::char_traits<unsigned_short>_>_>::vfunction3"
std::_Mpunct<unsigned_short>,vftable,005a9a4c,0,0x0,vfunction1,00556378,std::_Mpunct<unsigned_short>::deleting_destructor
std::_Mpunct<unsigned_short>,vftable,005a9a4c,1,0x4,vfunction2,005562ed,std::_Mpunct<wchar_t>::vfunction2
std::_Mpunct<unsigned_short>,vftable,005a9a4c,2,0x8,vfunction3,005562f2,std::_Mpunct<wchar_t>::vfunction3
std::_Mpunct<unsigned_short>,vftable,005a9a4c,3,0xc,vfunction4,00557645,std::_Mpunct<wchar_t>::vfunction4
std::_Mpunct<unsigned_short>,vftable,005a9a4c,4,0x10,vfunction5,00557775,std::_Mpunct<unsigned_short>::vfunction5
std::_Mpunct<unsigned_short>,vftable,005a9a4c,5,0x14,vfunction6,0055778f,std::_Mpunct<unsigned_short>::vfunction6
std::_Mpunct<unsigned_short>,vftable,005a9a4c,6,0x18,vfunction7,00557871,do_negative_sign
std::_Mpunct<unsigned_short>,vftable,005a9a4c,7,0x1c,vfunction8,00560b7a,std::_Mpunct<wchar_t>::vfunction8
std::_Mpunct<unsigned_short>,vftable,005a9a4c,8,0x20,vfunction9,005562f7,std::_Mpunct<wchar_t>::vfunction9
std::_Mpunct<unsigned_short>,vftable,005a9a4c,9,0x24,vfunction10,00560b7e,std::_Mpunct<wchar_t>::vfunction10
"std::time_put<unsigned_short,std::ostreambuf_iterator<unsigned_short,std::char_traits<unsigned_short>_>_>",vftable,005a9a78,0,0x0,vfunction1,00556340,"std::time_put<unsigned_short,std::ostreambuf_iterator<unsigned_short,std::char_traits<unsigned_short>_>_>::deleting_destructor"
"std::time_put<unsigned_short,std::ostreambuf_iterator<unsigned_short,std::char_traits<unsigned_short>_>_>",vftable,005a9a78,1,0x4,vfunction2,0055741e,do_put
std::numpunct<wchar_t>,vftable,005a9a84,0,0x0,vfunction1,00556912,std::numpunct<wchar_t>::deleting_destructor
std::numpunct<wchar_t>,vftable,005a9a84,1,0x4,vfunction2,005562ed,std::_Mpunct<wchar_t>::vfunction2
std::numpunct<wchar_t>,vftable,005a9a84,2,0x8,vfunction3,005562f2,std::_Mpunct<wchar_t>::vfunction3
std::numpunct<wchar_t>,vftable,005a9a84,3,0xc,vfunction4,00557645,std::_Mpunct<wchar_t>::vfunction4
std::numpunct<wchar_t>,vftable,005a9a84,4,0x10,vfunction5,0055765f,std::_Mpunct<wchar_t>::vfunction5
std::numpunct<wchar_t>,vftable,005a9a84,5,0x14,vfunction6,00557741,std::_Mpunct<wchar_t>::vfunction6
std::numpunct<unsigned_short>,vftable,005a9aa0,0,0x0,vfunction1,00556977,std::numpunct<unsigned_short>::deleting_destructor
std::numpunct<unsigned_short>,vftable,005a9aa0,1,0x4,vfunction2,005562ed,std::_Mpunct<wchar_t>::vfunction2
std::numpunct<unsigned_short>,vftable,005a9aa0,2,0x8,vfunction3,005562f2,std::_Mpunct<wchar_t>::vfunction3
std::numpunct<unsigned_short>,vftable,005a9aa0,3,0xc,vfunction4,00557645,std::_Mpunct<wchar_t>::vfunction4
std::numpunct<unsigned_short>,vftable,005a9aa0,4,0x10,vfunction5,00557775,std::_Mpunct<unsigned_short>::vfunction5
std::numpunct<unsigned_short>,vftable,005a9aa0,5,0x14,vfunction6,0055778f,std::_Mpunct<unsigned_short>::vfunction6
"std::time_get<wchar_t,std::istreambuf_iterator<wchar_t,std::char_traits<wchar_t>_>_>",vftable,005a9c54,0,0x0,vfunction1,0055872b,"std::time_get<wchar_t,std::istreambuf_iterator<wchar_t,std::char_traits<wchar_t>_>_>::deleting_destructor"
"std::time_get<wchar_t,std::istreambuf_iterator<wchar_t,std::char_traits<wchar_t>_>_>",vftable,005a9c54,1,0x4,vfunction2,00558711,"std::time_get<wchar_t,std::istreambuf_iterator<wchar_t,std::char_traits<wchar_t>_>_>::vfunction2"
"std::time_get<wchar_t,std::istreambuf_iterator<wchar_t,std::char_traits<wchar_t>_>_>",vftable,005a9c54,2,0x8,vfunction3,00558b8a,do_get_time
"std::time_get<wchar_t,std::istreambuf_iterator<wchar_t,std::char_traits<wchar_t>_>_>",vftable,005a9c54,3,0xc,vfunction4,00558c5d,do_get_date
"std::time_get<wchar_t,std::istreambuf_iterator<wchar_t,std::char_traits<wchar_t>_>_>",vftable,005a9c54,4,0x10,vfunction5,00559153,do_get_weekday
"std::time_get<wchar_t,std::istreambuf_iterator<wchar_t,std::char_traits<wchar_t>_>_>",vftable,005a9c54,5,0x14,vfunction6,00558747,do_get_monthname
"std::time_get<wchar_t,std::istreambuf_iterator<wchar_t,std::char_traits<wchar_t>_>_>",vftable,005a9c54,6,0x18,vfunction7,005590e6,do_get_year
"std::time_get<unsigned_short,std::istreambuf_iterator<unsigned_short,std::char_traits<unsigned_short>_>_>",vftable,005a9c74,0,0x0,vfunction1,005589d9,"std::time_get<unsigned_short,std::istreambuf_iterator<unsigned_short,std::char_traits<unsigned_short>_>_>::deleting_destructor"
"std::time_get<unsigned_short,std::istreambuf_iterator<unsigned_short,std::char_traits<unsigned_short>_>_>",vftable,005a9c74,1,0x4,vfunction2,00558711,"std::time_get<wchar_t,std::istreambuf_iterator<wchar_t,std::char_traits<wchar_t>_>_>::vfunction2"
"std::time_get<unsigned_short,std::istreambuf_iterator<unsigned_short,std::char_traits<unsigned_short>_>_>",vftable,005a9c74,2,0x8,vfunction3,00558b8a,do_get_time
"std::time_get<unsigned_short,std::istreambuf_iterator<unsigned_short,std::char_traits<unsigned_short>_>_>",vftable,005a9c74,3,0xc,vfunction4,00558c5d,do_get_date
"std::time_get<unsigned_short,std::istreambuf_iterator<unsigned_short,std::char_traits<unsigned_short>_>_>",vftable,005a9c74,4,0x10,vfunction5,00559153,do_get_weekday
"std::time_get<unsigned_short,std::istreambuf_iterator<unsigned_short,std::char_traits<unsigned_short>_>_>",vftable,005a9c74,5,0x14,vfunction6,00558747,do_get_monthname
"std::time_get<unsigned_short,std::istreambuf_iterator<unsigned_short,std::char_traits<unsigned_short>_>_>",vftable,005a9c74,6,0x18,vfunction7,005590e6,do_get_year
std::collate<char>,vftable,005a9c9c,0,0x0,vfunction1,0055594f,"std::codecvt<unsigned_short,char,int>::deleting_destructor"
std::collate<char>,vftable,005a9c9c,1,0x4,vfunction2,00560ad8,std::collate<char>::do_compare
std::collate<char>,vftable,005a9c9c,2,0x8,vfunction3,00560f78,std::collate<char>::do_transform
std::collate<char>,vftable,005a9c9c,3,0xc,vfunction4,00560af7,std::collate<char>::vfunction4
std::messages<char>,vftable,005a9cb0,0,0x0,vfunction1,0055594f,"std::codecvt<unsigned_short,char,int>::deleting_destructor"
std::messages<char>,vftable,005a9cb0,1,0x4,vfunction2,00560b11,std::messages<wchar_t>::vfunction2
std::messages<char>,vftable,005a9cb0,2,0x8,vfunction3,00560e69,std::messages<char>::vfunction3
std::messages<char>,vftable,005a9cb0,3,0xc,vfunction4,00560b17,std::messages<wchar_t>::vfunction4
"std::money_get<char,std::istreambuf_iterator<char,std::char_traits<char>_>_>",vftable,005a9cc4,0,0x0,vfunction1,0055594f,"std::codecvt<unsigned_short,char,int>::deleting_destructor"
"std::money_get<char,std::istreambuf_iterator<char,std::char_traits<char>_>_>",vftable,005a9cc4,1,0x4,vfunction2,0056336b,"std::money_get<char,std::istreambuf_iterator<char,std::char_traits<char>_>_>::do_get"
"std::money_get<char,std::istreambuf_iterator<char,std::char_traits<char>_>_>",vftable,005a9cc4,2,0x8,vfunction3,00563244,"std::money_get<char,std::istreambuf_iterator<char,std::char_traits<char>_>_>::vfunction3"
"std::money_put<char,std::ostreambuf_iterator<char,std::char_traits<char>_>_>",vftable,005a9cd4,0,0x0,vfunction1,0055594f,"std::codecvt<unsigned_short,char,int>::deleting_destructor"
"std::money_put<char,std::ostreambuf_iterator<char,std::char_traits<char>_>_>",vftable,005a9cd4,1,0x4,vfunction2,005634f2,"std::money_put<char,std::ostreambuf_iterator<char,std::char_traits<char>_>_>::do_put"
"std::money_put<char,std::ostreambuf_iterator<char,std::char_traits<char>_>_>",vftable,005a9cd4,2,0x8,vfunction3,005633e7,"std::money_put<char,std::ostreambuf_iterator<char,std::char_traits<char>_>_>::vfunction3"
std::_Mpunct<char>,vftable,005a9ce4,0,0x0,vfunction1,00560be3,std::_Mpunct<char>::deleting_destructor
std::_Mpunct<char>,vftable,005a9ce4,1,0x4,vfunction2,00560b72,std::_Mpunct<char>::vfunction2
std::_Mpunct<char>,vftable,005a9ce4,2,0x8,vfunction3,00560b76,std::_Mpunct<char>::vfunction3
std::_Mpunct<char>,vftable,005a9ce4,3,0xc,vfunction4,00557645,std::_Mpunct<wchar_t>::vfunction4
std::_Mpunct<char>,vftable,005a9ce4,4,0x10,vfunction5,00561023,std::_Mpunct<char>::vfunction5
std::_Mpunct<char>,vftable,005a9ce4,5,0x14,vfunction6,0056103d,std::_Mpunct<char>::vfunction6
std::_Mpunct<char>,vftable,005a9ce4,6,0x18,vfunction7,00561057,std::_Mpunct<char>::vfunction7
std::_Mpunct<char>,vftable,005a9ce4,7,0x1c,vfunction8,00560b7a,std::_Mpunct<wchar_t>::vfunction8
std::_Mpunct<char>,vftable,005a9ce4,8,0x20,vfunction9,005562f7,std::_Mpunct<wchar_t>::vfunction9
std::_Mpunct<char>,vftable,005a9ce4,9,0x24,vfunction10,00560b7e,std::_Mpunct<wchar_t>::vfunction10
"std::time_put<char,std::ostreambuf_iterator<char,std::char_traits<char>_>_>",vftable,005a9d10,0,0x0,vfunction1,00560bc7,"std::time_put<char,std::ostreambuf_iterator<char,std::char_traits<char>_>_>::deleting_destructor"
"std::time_put<char,std::ostreambuf_iterator<char,std::char_traits<char>_>_>",vftable,005a9d10,1,0x4,vfunction2,00560e83,"std::time_put<char,std::ostreambuf_iterator<char,std::char_traits<char>_>_>::do_put"
"std::time_get<char,std::istreambuf_iterator<char,std::char_traits<char>_>_>",vftable,005a9d74,0,0x0,vfunction1,0056147b,"std::time_get<char,std::istreambuf_iterator<char,std::char_traits<char>_>_>::deleting_destructor"
"std::time_get<char,std::istreambuf_iterator<char,std::char_traits<char>_>_>",vftable,005a9d74,1,0x4,vfunction2,00558711,"std::time_get<wchar_t,std::istreambuf_iterator<wchar_t,std::char_traits<wchar_t>_>_>::vfunction2"
"std::time_get<char,std::istreambuf_iterator<char,std::char_traits<char>_>_>",vftable,005a9d74,2,0x8,vfunction3,005615dd,"std::time_get<char,std::istreambuf_iterator<char,std::char_traits<char>_>_>::do_get_time"
"std::time_get<char,std::istreambuf_iterator<char,std::char_traits<char>_>_>",vftable,005a9d74,3,0xc,vfunction4,00561696,"std::time_get<char,std::istreambuf_iterator<char,std::char_traits<char>_>_>::do_get_date"
"std::time_get<char,std::istreambuf_iterator<char,std::char_traits<char>_>_>",vftable,005a9d74,4,0x10,vfunction5,00561af8,"std::time_get<char,std::istreambuf_iterator<char,std::char_traits<char>_>_>::do_get_weekday"
"std::time_get<char,std::istreambuf_iterator<char,std::char_traits<char>_>_>",vftable,005a9d74,5,0x14,vfunction6,00561b37,"std::time_get<char,std::istreambuf_iterator<char,std::char_traits<char>_>_>::do_get_monthname"
"std::time_get<char,std::istreambuf_iterator<char,std::char_traits<char>_>_>",vftable,005a9d74,6,0x18,vfunction7,00561a8b,"std::time_get<char,std::istreambuf_iterator<char,std::char_traits<char>_>_>::do_get_year"
std::exception,vftable,005a9ed0,0,0x0,vfunction1,00563e61,std::exception::deleting_destructor
std::exception,vftable,005a9ed0,1,0x4,vfunction2,00563dac,std::exception::vfunction2
std::bad_cast,vftable,005a9ef0,0,0x0,vfunction1,00563e7d,std::bad_cast::deleting_destructor
std::bad_cast,vftable,005a9ef0,1,0x4,vfunction2,00563dac,std::exception::vfunction2
std::bad_typeid,vftable,005a9efc,0,0x0,vfunction1,00563e9f,std::__non_rtti_object::deleting_destructor
std::bad_typeid,vftable,005a9efc,1,0x4,vfunction2,00563dac,std::exception::vfunction2
std::__non_rtti_object,vftable,005a9f08,0,0x0,vfunction1,00563e9f,std::__non_rtti_object::deleting_destructor
std::__non_rtti_object,vftable,005a9f08,1,0x4,vfunction2,00563dac,std::exception::vfunction2
type_info,vftable,005a9f14,0,0x0,vfunction1,00563ecf,type_info::deleting_destructor
std::bad_exception,vftable,005aa244,0,0x0,vfunction1,0056e699,std::bad_exception::deleting_destructor
std::bad_exception,vftable,005aa244,1,0x4,vfunction2,00563dac,std::exception::vfunction2
_com_error,vftable,005ad4e0,0,0x0,vfunction1,00581910,_com_error::deleting_destructor
std::ios_base,vftable,005b02c4,0,0x0,vfunction1,00421e70,"std::basic_ios<char,std::char_traits<char>_>::deleting_destructor"
"std::basic_ios<char,std::char_traits<char>_>",vftable,005b02cc,0,0x0,vfunction1,00421e70,"std::basic_ios<char,std::char_traits<char>_>::deleting_destructor"
"std::basic_streambuf<char,std::char_traits<char>_>",vftable,005b02d4,0,0x0,vfunction1,00421ee0,"std::basic_streambuf<char,std::char_traits<char>_>::deleting_destructor"
"std::basic_streambuf<char,std::char_traits<char>_>",vftable,005b02d4,1,0x4,vfunction2,0041e0d0,"std::basic_streambuf<char,std::char_traits<char>_>::vfunction2"
"std::basic_streambuf<char,std::char_traits<char>_>",vftable,005b02d4,2,0x8,vfunction3,0041e0d0,"std::basic_streambuf<char,std::char_traits<char>_>::vfunction2"
"std::basic_streambuf<char,std::char_traits<char>_>",vftable,005b02d4,3,0xc,vfunction4,004c7540,"std::basic_streambuf<char,std::char_traits<char>_>::vfunction4"
"std::basic_streambuf<char,std::char_traits<char>_>",vftable,005b02d4,4,0x10,vfunction5,0041e0e0,"std::basic_streambuf<char,std::char_traits<char>_>::vfunction5"
"std::basic_streambuf<char,std::char_traits<char>_>",vftable,005b02d4,5,0x14,vfunction6,0041e0f0,"std::basic_streambuf<char,std::char_traits<char>_>::vfunction6"
"std::basic_streambuf<char,std::char_traits<char>_>",vftable,005b02d4,6,0x18,vfunction7,0041e120,"std::basic_streambuf<char,std::char_traits<char>_>::vfunction7"
"std::basic_streambuf<char,std::char_traits<char>_>",vftable,005b02d4,7,0x1c,vfunction8,0041e140,"std::basic_streambuf<char,std::char_traits<char>_>::vfunction8"
"std::basic_streambuf<char,std::char_traits<char>_>",vftable,005b02d4,8,0x20,vfunction9,0041e1e0,"std::basic_streambuf<char,std::char_traits<char>_>::vfunction9"
"std::basic_streambuf<char,std::char_traits<char>_>",vftable,005b02d4,9,0x24,vfunction10,0041e280,"std::basic_streambuf<char,std::char_traits<char>_>::vfunction10"
"std::basic_streambuf<char,std::char_traits<char>_>",vftable,005b02d4,10,0x28,vfunction11,0041e2a0,"std::basic_streambuf<char,std::char_traits<char>_>::vfunction11"
"std::basic_streambuf<char,std::char_traits<char>_>",vftable,005b02d4,11,0x2c,vfunction12,0041e2c0,"std::basic_streambuf<char,std::char_traits<char>_>::vfunction12"
"std::basic_streambuf<char,std::char_traits<char>_>",vftable,005b02d4,12,0x30,vfunction13,004c7540,"std::basic_streambuf<char,std::char_traits<char>_>::vfunction4"
"std::basic_streambuf<char,std::char_traits<char>_>",vftable,005b02d4,13,0x34,vfunction14,0046c690,Sexy::ResourceManager::vfunction14
"std::basic_istream<char,std::char_traits<char>_>",vftable,005b0310,0,0x0,vfunction1,00421ea0,"std::basic_istream<char,std::char_traits<char>_>::deleting_destructor"
"std::basic_ostream<char,std::char_traits<char>_>",vftable,005b0318,0,0x0,vfunction1,00421e30,"std::basic_ostream<char,std::char_traits<char>_>::deleting_destructor"
"std::basic_iostream<char,std::char_traits<char>_>",vftable,005b0320,0,0x0,vfunction1,00421f90,"std::basic_iostream<char,std::char_traits<char>_>::deleting_destructor"
"std::basic_stringbuf<char,std::char_traits<char>,std::allocator<char>_>",vftable,005b0328,0,0x0,vfunction1,00422060,"std::basic_stringbuf<char,std::char_traits<char>,std::allocator<char>_>::deleting_destructor"
"std::basic_stringbuf<char,std::char_traits<char>,std::allocator<char>_>",vftable,005b0328,1,0x4,vfunction2,00420b30,"std::basic_stringbuf<char,std::char_traits<char>,std::allocator<char>_>::vfunction2"
"std::basic_stringbuf<char,std::char_traits<char>,std::allocator<char>_>",vftable,005b0328,2,0x8,vfunction3,00420ce0,"std::basic_stringbuf<char,std::char_traits<char>,std::allocator<char>_>::vfunction3"
"std::basic_stringbuf<char,std::char_traits<char>,std::allocator<char>_>",vftable,005b0328,3,0xc,vfunction4,004c7540,"std::basic_streambuf<char,std::char_traits<char>_>::vfunction4"
"std::basic_stringbuf<char,std::char_traits<char>,std::allocator<char>_>",vftable,005b0328,4,0x10,vfunction5,00420d30,"std::basic_stringbuf<char,std::char_traits<char>,std::allocator<char>_>::vfunction5"
"std::basic_stringbuf<char,std::char_traits<char>,std::allocator<char>_>",vftable,005b0328,5,0x14,vfunction6,0041e0f0,"std::basic_streambuf<char,std::char_traits<char>_>::vfunction6"
"std::basic_stringbuf<char,std::char_traits<char>,std::allocator<char>_>",vftable,005b0328,6,0x18,vfunction7,0041e120,"std::basic_streambuf<char,std::char_traits<char>_>::vfunction7"
"std::basic_stringbuf<char,std::char_traits<char>,std::allocator<char>_>",vftable,005b0328,7,0x1c,vfunction8,0041e140,"std::basic_streambuf<char,std::char_traits<char>_>::vfunction8"
"std::basic_stringbuf<char,std::char_traits<char>,std::allocator<char>_>",vftable,005b0328,8,0x20,vfunction9,0041e1e0,"std::basic_streambuf<char,std::char_traits<char>_>::vfunction9"
"std::basic_stringbuf<char,std::char_traits<char>,std::allocator<char>_>",vftable,005b0328,9,0x24,vfunction10,00420da0,"std::basic_stringbuf<char,std::char_traits<char>,std::allocator<char>_>::vfunction10"
"std::basic_stringbuf<char,std::char_traits<char>,std::allocator<char>_>",vftable,005b0328,10,0x28,vfunction11,00420f00,"std::basic_stringbuf<char,std::char_traits<char>,std::allocator<char>_>::vfunction11"
"std::basic_stringbuf<char,std::char_traits<char>,std::allocator<char>_>",vftable,005b0328,11,0x2c,vfunction12,0041e2c0,"std::basic_streambuf<char,std::char_traits<char>_>::vfunction12"
"std::basic_stringbuf<char,std::char_traits<char>,std::allocator<char>_>",vftable,005b0328,12,0x30,vfunction13,004c7540,"std::basic_streambuf<char,std::char_traits<char>_>::vfunction4"
"std::basic_stringbuf<char,std::char_traits<char>,std::allocator<char>_>",vftable,005b0328,13,0x34,vfunction14,0046c690,Sexy::ResourceManager::vfunction14
"std::basic_stringstream<char,std::char_traits<char>,std::allocator<char>_>",vftable,005b0364,0,0x0,vfunction1,00422020,"std::basic_stringstream<char,std::char_traits<char>,std::allocator<char>_>::deleting_destructor"
"std::basic_filebuf<char,std::char_traits<char>_>",vftable,005b0374,0,0x0,vfunction1,00422000,"std::basic_filebuf<char,std::char_traits<char>_>::deleting_destructor"
"std::basic_filebuf<char,std::char_traits<char>_>",vftable,005b0374,1,0x4,vfunction2,0041f0b0,"std::basic_filebuf<char,std::char_traits<char>_>::vfunction2"
"std::basic_filebuf<char,std::char_traits<char>_>",vftable,005b0374,2,0x8,vfunction3,0041f490,"std::basic_filebuf<char,std::char_traits<char>_>::vfunction3"
"std::basic_filebuf<char,std::char_traits<char>_>",vftable,005b0374,3,0xc,vfunction4,004c7540,"std::basic_streambuf<char,std::char_traits<char>_>::vfunction4"
"std::basic_filebuf<char,std::char_traits<char>_>",vftable,005b0374,4,0x10,vfunction5,0041f500,"std::basic_filebuf<char,std::char_traits<char>_>::vfunction5"
"std::basic_filebuf<char,std::char_traits<char>_>",vftable,005b0374,5,0x14,vfunction6,0041f550,"std::basic_filebuf<char,std::char_traits<char>_>::vfunction6"
"std::basic_filebuf<char,std::char_traits<char>_>",vftable,005b0374,6,0x18,vfunction7,0041e120,"std::basic_streambuf<char,std::char_traits<char>_>::vfunction7"
"std::basic_filebuf<char,std::char_traits<char>_>",vftable,005b0374,7,0x1c,vfunction8,0041e140,"std::basic_streambuf<char,std::char_traits<char>_>::vfunction8"
"std::basic_filebuf<char,std::char_traits<char>_>",vftable,005b0374,8,0x20,vfunction9,0041e1e0,"std::basic_streambuf<char,std::char_traits<char>_>::vfunction9"
"std::basic_filebuf<char,std::char_traits<char>_>",vftable,005b0374,9,0x24,vfunction10,0041f8c0,"std::basic_filebuf<char,std::char_traits<char>_>::vfunction10"
"std::basic_filebuf<char,std::char_traits<char>_>",vftable,005b0374,10,0x28,vfunction11,0041f9a0,"std::basic_filebuf<char,std::char_traits<char>_>::vfunction11"
"std::basic_filebuf<char,std::char_traits<char>_>",vftable,005b0374,11,0x2c,vfunction12,0041fa90,"std::basic_filebuf<char,std::char_traits<char>_>::vfunction12"
"std::basic_filebuf<char,std::char_traits<char>_>",vftable,005b0374,12,0x30,vfunction13,0041fb20,"std::basic_filebuf<char,std::char_traits<char>_>::vfunction13"
"std::basic_filebuf<char,std::char_traits<char>_>",vftable,005b0374,13,0x34,vfunction14,0041fb50,"std::basic_filebuf<char,std::char_traits<char>_>::vfunction14"
"std::basic_fstream<char,std::char_traits<char>_>",vftable,005b03b0,0,0x0,vfunction1,00421f50,"std::basic_fstream<char,std::char_traits<char>_>::deleting_destructor"
std::ios_base::failure,vftable,005b03c8,0,0x0,vfunction1,00401300,std::ios_base::failure::deleting_destructor
std::ios_base::failure,vftable,005b03c8,1,0x4,vfunction2,004012f0,std::runtime_error::vfunction2
Sexy::XMLParser,vftable,005b03d4,0,0x0,vfunction1,00402610,Sexy::XMLParser::deleting_destructor
Sexy::HTTPTransfer,vftable,005b03dc,0,0x0,vfunction1,0040d0a0,Sexy::HTTPTransfer::deleting_destructor
Sexy::Buffer,vftable,005b03e4,0,0x0,vfunction1,00412e80,Sexy::Buffer::deleting_destructor
Sexy::ResourceManager,vftable,005b03ec,0,0x0,vfunction1,00415de0,Sexy::ResourceManager::vfunction1
Sexy::ResourceManager,vftable,005b03ec,1,0x4,vfunction2,00416350,Sexy::ResourceManager::deleting_destructor
Sexy::ResourceManager,vftable,005b03ec,2,0x8,vfunction3,004166c0,Sexy::ResourceManager::vfunction3
Sexy::ResourceManager,vftable,005b03ec,3,0xc,vfunction4,00417670,Sexy::ResourceManager::deleting_destructor
Sexy::ResourceManager,vftable,005b03ec,4,0x10,vfunction5,00417ca0,Sexy::ResourceManager::vfunction5
Sexy::ResourceManager,vftable,005b03ec,5,0x14,vfunction6,00417f10,Sexy::ResourceManager::vfunction6
Sexy::ResourceManager,vftable,005b03ec,6,0x18,vfunction7,00415b10,Sexy::ResourceManager::vfunction7
Sexy::ResourceManager,vftable,005b03ec,7,0x1c,vfunction8,00415a40,Sexy::ResourceManager::vfunction8
Sexy::ResourceManager,vftable,005b03ec,8,0x20,vfunction9,00418d80,Sexy::ResourceManager::vfunction9
Sexy::ResourceManager,vftable,005b03ec,9,0x24,vfunction10,00419480,Sexy::ResourceManager::vfunction10
Sexy::ResourceManager,vftable,005b03ec,10,0x28,vfunction11,00419320,Sexy::ResourceManager::vfunction11
Sexy::ResourceManager,vftable,005b03ec,11,0x2c,vfunction12,00415810,Sexy::ResourceManager::deleting_destructor
Sexy::ResourceManager,vftable,005b03ec,12,0x30,vfunction13,004199d0,Sexy::ResourceManager::vfunction13
Sexy::ResourceManager,vftable,005b03ec,13,0x34,vfunction14,0046c690,Sexy::ResourceManager::vfunction14
Sexy::ResourceManager,vftable,005b03ec,14,0x38,vfunction15,00419af0,Sexy::ResourceManager::vfunction15
Sexy::ResourceManager,vftable,005b03ec,15,0x3c,vfunction16,00419b50,Sexy::ResourceManager::vfunction16
Sexy::ResourceManager,vftable,005b03ec,16,0x40,vfunction17,00419d50,Sexy::ResourceManager::vfunction17
Sexy::ResourceManager,vftable,005b03ec,17,0x44,vfunction18,00419f40,Sexy::ResourceManager::vfunction18
Sexy::ResourceManager,vftable,005b03ec,18,0x48,vfunction19,0041a080,Sexy::ResourceManager::vfunction19
Sexy::PropertiesParser,vftable,005b043c,0,0x0,vfunction1,00408e00,Sexy::PropertiesParser::deleting_destructor
Sexy::InternetManager,vftable,005b0444,0,0x0,vfunction1,0040b550,Sexy::InternetManager::vfunction1
Sexy::InternetManager,vftable,005b0444,1,0x4,vfunction2,0040b0a0,Sexy::InternetManager::deleting_destructor
Sexy::BetaSupport,vftable,005b0450,0,0x0,vfunction1,00413960,Sexy::BetaSupport::deleting_destructor
Sexy::ResourceManager::BaseRes,vftable,005b0458,0,0x0,vfunction1,004153a0,Sexy::ResourceManager::SoundRes::deleting_destructor
Sexy::ResourceManager::BaseRes,vftable,005b0458,1,0x4,vfunction2,00486bf0,Sexy::ResourceManager::BaseRes::vfunction2
Sexy::ResourceManager::ImageRes,vftable,005b0464,0,0x0,vfunction1,004152f0,Sexy::ResourceManager::ImageRes::deleting_destructor
Sexy::ResourceManager::ImageRes,vftable,005b0464,1,0x4,vfunction2,00415620,Sexy::ResourceManager::ImageRes::vfunction2
Sexy::ResourceManager::SoundRes,vftable,005b0470,0,0x0,vfunction1,004153a0,Sexy::ResourceManager::SoundRes::deleting_destructor
Sexy::ResourceManager::SoundRes,vftable,005b0470,1,0x4,vfunction2,00415630,Sexy::ResourceManager::SoundRes::vfunction2
Sexy::ResourceManager::FontRes,vftable,005b047c,0,0x0,vfunction1,004153c0,Sexy::ResourceManager::FontRes::deleting_destructor
Sexy::ResourceManager::FontRes,vftable,005b047c,1,0x4,vfunction2,00415660,Sexy::ResourceManager::FontRes::vfunction2
Sexy::ResourceManagerException,vftable,005b0488,0,0x0,vfunction1,0042fe80,Sexy::ResourceManagerException::vfunction1
Sexy::ResourceManagerException,vftable,005b0488,1,0x4,vfunction2,00563dac,std::exception::vfunction2
Sexy::DataElement,vftable,005b0494,0,0x0,vfunction1,0041a280,Sexy::DataElement::deleting_destructor
Sexy::DataElement,vftable,005b0494,1,0x4,vfunction2,005693cf,__purecall
Sexy::SingleDataElement,vftable,005b04a0,0,0x0,vfunction1,0041a2e0,Sexy::SingleDataElement::deleting_destructor
Sexy::SingleDataElement,vftable,005b04a0,1,0x4,vfunction2,0041a420,Sexy::SingleDataElement::vfunction2
Sexy::ListDataElement,vftable,005b04ac,0,0x0,vfunction1,0041a570,Sexy::ListDataElement::deleting_destructor
Sexy::ListDataElement,vftable,005b04ac,1,0x4,vfunction2,0041a860,Sexy::ListDataElement::vfunction2
Sexy::DescParser,vftable,005b04b8,0,0x0,vfunction1,0041aa20,Sexy::DescParser::vfunction1
Sexy::DescParser,vftable,005b04b8,1,0x4,vfunction2,0041aa40,Sexy::DescParser::vfunction2
Sexy::DescParser,vftable,005b04b8,2,0x8,vfunction3,005693cf,__purecall
Sexy::DescParser,vftable,005b04b8,3,0xc,vfunction4,0041a960,Sexy::DescParser::deleting_destructor
Sexy::DescParser,vftable,005b04b8,4,0x10,vfunction5,0041c010,Sexy::DescParser::vfunction5
Sexy::NativeDisplay,vftable,005b1290,0,0x0,vfunction1,004572c0,Sexy::NativeDisplay::deleting_destructor
Sexy::DDImage,vftable,005b129c,0,0x0,vfunction1,0043a610,Sexy::DDImage::deleting_destructor
Sexy::DDImage,vftable,005b129c,1,0x4,vfunction2,0043b460,Sexy::DDImage::vfunction2
Sexy::DDImage,vftable,005b129c,2,0x8,vfunction3,0043b4b0,Sexy::DDImage::vfunction3
Sexy::DDImage,vftable,005b129c,3,0xc,vfunction4,004579d0,Sexy::Image::vfunction4
Sexy::DDImage,vftable,005b129c,4,0x10,vfunction5,00460ba0,Sexy::MemoryImage::vfunction5
Sexy::DDImage,vftable,005b129c,5,0x14,vfunction6,0043d3c0,Sexy::DDImage::vfunction6
Sexy::DDImage,vftable,005b129c,6,0x18,vfunction7,0043fd30,Sexy::DDImage::vfunction7
Sexy::DDImage,vftable,005b129c,7,0x1c,vfunction8,00457ae0,Sexy::Image::vfunction8
Sexy::DDImage,vftable,005b129c,8,0x20,vfunction9,00454730,Sexy::DDImage::vfunction9
Sexy::DDImage,vftable,005b129c,9,0x24,vfunction10,00448e80,Sexy::DDImage::vfunction10
Sexy::DDImage,vftable,005b129c,10,0x28,vfunction11,004491b0,Sexy::DDImage::vfunction11
Sexy::DDImage,vftable,005b129c,11,0x2c,vfunction12,00449330,Sexy::DDImage::vfunction12
Sexy::DDImage,vftable,005b129c,12,0x30,vfunction13,00450640,Sexy::DDImage::vfunction13
Sexy::DDImage,vftable,005b129c,13,0x34,vfunction14,004544b0,Sexy::DDImage::vfunction14
Sexy::DDImage,vftable,005b129c,14,0x38,vfunction15,004545e0,Sexy::DDImage::vfunction15
Sexy::DDImage,vftable,005b129c,15,0x3c,vfunction16,004490f0,Sexy::DDImage::vfunction16
Sexy::DDImage,vftable,005b129c,16,0x40,vfunction17,00452710,Sexy::DDImage::vfunction17
Sexy::DDImage,vftable,005b129c,17,0x44,vfunction18,0045fea0,Sexy::MemoryImage::vfunction18
Sexy::DDImage,vftable,005b129c,18,0x48,vfunction19,004600d0,Sexy::MemoryImage::vfunction19
Sexy::DDImage,vftable,005b129c,19,0x4c,vfunction20,00460330,Sexy::MemoryImage::vfunction20
Sexy::DDImage,vftable,005b129c,20,0x50,vfunction21,0043b200,Sexy::DDImage::vfunction21
Sexy::DDImage,vftable,005b129c,21,0x54,vfunction22,004605e0,Sexy::MemoryImage::vfunction22
Sexy::DDImage,vftable,005b129c,22,0x58,vfunction23,00460630,Sexy::MemoryImage::vfunction23
Sexy::DDImage,vftable,005b129c,23,0x5c,vfunction24,0043b2f0,Sexy::DDImage::vfunction24
Sexy::DDImage,vftable,005b129c,24,0x60,vfunction25,0043b1e0,Sexy::DDImage::vfunction25
Sexy::DDImage,vftable,005b129c,25,0x64,vfunction26,0043ffa0,Sexy::DDImage::vfunction26
Sexy::DDImage,vftable,005b129c,26,0x68,vfunction27,0043ff50,Sexy::DDImage::vfunction27
Sexy::DDImage,vftable,005b129c,27,0x6c,vfunction28,0043b2d0,Sexy::DDImage::vfunction28
Sexy::DDImage,vftable,005b129c,28,0x70,vfunction29,00460c10,Sexy::MemoryImage::vfunction29
Sexy::DDImage,vftable,005b129c,29,0x74,vfunction30,004606d0,Sexy::MemoryImage::vfunction30
Sexy::DDImage,vftable,005b129c,30,0x78,vfunction31,0043ff60,Sexy::DDImage::vfunction31
Sexy::DDImage,vftable,005b129c,31,0x7c,vfunction32,0043ffc0,Sexy::DDImage::vfunction32
Sexy::DDImage,vftable,005b129c,32,0x80,vfunction33,0045fe70,Sexy::MemoryImage::vfunction33
Sexy::DDImage,vftable,005b129c,33,0x84,vfunction34,0045fe90,Sexy::MemoryImage::vfunction34
Sexy::DDImage,vftable,005b129c,34,0x88,vfunction35,00454710,Sexy::DDImage::vfunction35
Sexy::DDImage,vftable,005b129c,35,0x8c,vfunction36,0043b310,Sexy::DDImage::vfunction36
Sexy::DDImage,vftable,005b129c,36,0x90,vfunction37,0043b330,Sexy::DDImage::vfunction37
Sexy::DDImage,vftable,005b129c,37,0x94,vfunction38,00440210,Sexy::DDImage::vfunction38
Sexy::DDImage,vftable,005b129c,38,0x98,vfunction39,00440690,Sexy::DDImage::vfunction39
Sexy::DDImage,vftable,005b129c,39,0x9c,vfunction40,00440ab0,Sexy::DDImage::vfunction40
Sexy::DDImage,vftable,005b129c,40,0xa0,vfunction41,00446910,Sexy::DDImage::vfunction41
Sexy::DDImage,vftable,005b129c,41,0xa4,vfunction42,0043b570,Sexy::DDImage::vfunction42
Sexy::DDImage,vftable,005b129c,42,0xa8,vfunction43,0043c760,Sexy::DDImage::vfunction43
Sexy::DDImage,vftable,005b129c,43,0xac,vfunction44,0043d5e0,Sexy::DDImage::vfunction44
Sexy::DDImage,vftable,005b129c,44,0xb0,vfunction45,00457b80,Sexy::Image::vfunction9
Sexy::DDImage,vftable,005b129c,45,0xb4,vfunction46,00444550,Sexy::DDImage::vfunction46
Sexy::DDImage,vftable,005b129c,46,0xb8,vfunction47,00447b70,Sexy::DDImage::vfunction47
Sexy::DDImage,vftable,005b129c,47,0xbc,vfunction48,0043a790,Sexy::DDImage::vfunction48
Sexy::DDImage,vftable,005b129c,48,0xc0,vfunction49,0043a7f0,Sexy::DDImage::vfunction49
Sexy::DDImage,vftable,005b129c,49,0xc4,vfunction50,0043a820,Sexy::DDImage::vfunction50
Sexy::DDImage,vftable,005b129c,50,0xc8,vfunction51,00454e20,Sexy::DDImage::vfunction51
Sexy::Image,vftable,005b136c,0,0x0,vfunction1,00457320,Sexy::Image::deleting_destructor
Sexy::Image,vftable,005b136c,1,0x4,vfunction2,00457b50,Sexy::Image::vfunction2
Sexy::Image,vftable,005b136c,2,0x8,vfunction3,0049b300,Sexy::Image::vfunction3
Sexy::Image,vftable,005b136c,3,0xc,vfunction4,004579d0,Sexy::Image::vfunction4
Sexy::Image,vftable,005b136c,4,0x10,vfunction5,0046c690,Sexy::ResourceManager::vfunction14
Sexy::Image,vftable,005b136c,5,0x14,vfunction6,00457ad0,Sexy::Image::vfunction6
Sexy::Image,vftable,005b136c,6,0x18,vfunction7,00457ad0,Sexy::Image::vfunction6
Sexy::Image,vftable,005b136c,7,0x1c,vfunction8,00457ae0,Sexy::Image::vfunction8
Sexy::Image,vftable,005b136c,8,0x20,vfunction9,00457b80,Sexy::Image::vfunction9
Sexy::Image,vftable,005b136c,9,0x24,vfunction10,00457b90,Sexy::Font::vfunction11
Sexy::Image,vftable,005b136c,10,0x28,vfunction11,00457b60,Sexy::Image::vfunction11
Sexy::Image,vftable,005b136c,11,0x2c,vfunction12,00457b70,Sexy::Image::vfunction12
Sexy::Image,vftable,005b136c,12,0x30,vfunction13,00457b60,Sexy::Image::vfunction11
Sexy::Image,vftable,005b136c,13,0x34,vfunction14,00457b80,Sexy::Image::vfunction9
Sexy::Image,vftable,005b136c,14,0x38,vfunction15,00457b80,Sexy::Image::vfunction9
Sexy::Image,vftable,005b136c,15,0x3c,vfunction16,00457b90,Sexy::Font::vfunction11
Sexy::Image,vftable,005b136c,16,0x40,vfunction17,00457b60,Sexy::Image::vfunction11
Sexy::MemoryImage,vftable,005b13b4,0,0x0,vfunction1,0045d9f0,Sexy::MemoryImage::deleting_destructor
Sexy::MemoryImage,vftable,005b13b4,1,0x4,vfunction2,00457b50,Sexy::Image::vfunction2
Sexy::MemoryImage,vftable,005b13b4,2,0x8,vfunction3,004609c0,Sexy::MemoryImage::vfunction3
Sexy::MemoryImage,vftable,005b13b4,3,0xc,vfunction4,004579d0,Sexy::Image::vfunction4
Sexy::MemoryImage,vftable,005b13b4,4,0x10,vfunction5,00460ba0,Sexy::MemoryImage::vfunction5
Sexy::MemoryImage,vftable,005b13b4,5,0x14,vfunction6,0045ebf0,Sexy::MemoryImage::vfunction6
Sexy::MemoryImage,vftable,005b13b4,6,0x18,vfunction7,0045fc20,Sexy::MemoryImage::vfunction7
Sexy::MemoryImage,vftable,005b13b4,7,0x1c,vfunction8,00457ae0,Sexy::Image::vfunction8
Sexy::MemoryImage,vftable,005b13b4,8,0x20,vfunction9,004672a0,Sexy::MemoryImage::vfunction9
Sexy::MemoryImage,vftable,005b13b4,9,0x24,vfunction10,004625b0,Sexy::MemoryImage::vfunction10
Sexy::MemoryImage,vftable,005b13b4,10,0x28,vfunction11,00462620,Sexy::MemoryImage::vfunction11
Sexy::MemoryImage,vftable,005b13b4,11,0x2c,vfunction12,00462c50,Sexy::MemoryImage::vfunction12
Sexy::MemoryImage,vftable,005b13b4,12,0x30,vfunction13,00466e30,Sexy::MemoryImage::vfunction13
Sexy::MemoryImage,vftable,005b13b4,13,0x34,vfunction14,004670f0,Sexy::MemoryImage::vfunction14
Sexy::MemoryImage,vftable,005b13b4,14,0x38,vfunction15,00467430,Sexy::MemoryImage::vfunction15
Sexy::MemoryImage,vftable,005b13b4,15,0x3c,vfunction16,00457b90,Sexy::Font::vfunction11
Sexy::MemoryImage,vftable,005b13b4,16,0x40,vfunction17,00457b60,Sexy::Image::vfunction11
Sexy::MemoryImage,vftable,005b13b4,17,0x44,vfunction18,0045fea0,Sexy::MemoryImage::vfunction18
Sexy::MemoryImage,vftable,005b13b4,18,0x48,vfunction19,004600d0,Sexy::MemoryImage::vfunction19
Sexy::MemoryImage,vftable,005b13b4,19,0x4c,vfunction20,00460330,Sexy::MemoryImage::vfunction20
Sexy::MemoryImage,vftable,005b13b4,20,0x50,vfunction21,00460560,Sexy::MemoryImage::deleting_destructor
Sexy::MemoryImage,vftable,005b13b4,21,0x54,vfunction22,004605e0,Sexy::MemoryImage::vfunction22
Sexy::MemoryImage,vftable,005b13b4,22,0x58,vfunction23,00460630,Sexy::MemoryImage::vfunction23
Sexy::MemoryImage,vftable,005b13b4,23,0x5c,vfunction24,00460640,Sexy::MemoryImage::vfunction24
Sexy::MemoryImage,vftable,005b13b4,24,0x60,vfunction25,00460660,Sexy::MemoryImage::vfunction25
Sexy::MemoryImage,vftable,005b13b4,25,0x64,vfunction26,0045ddb0,Sexy::MemoryImage::vfunction26
Sexy::MemoryImage,vftable,005b13b4,26,0x68,vfunction27,0045fd90,Sexy::MemoryImage::vfunction27
Sexy::MemoryImage,vftable,005b13b4,27,0x6c,vfunction28,00460690,Sexy::MemoryImage::vfunction28
Sexy::MemoryImage,vftable,005b13b4,28,0x70,vfunction29,00460c10,Sexy::MemoryImage::vfunction29
Sexy::MemoryImage,vftable,005b13b4,29,0x74,vfunction30,004606d0,Sexy::MemoryImage::vfunction30
Sexy::MemoryImage,vftable,005b13b4,30,0x78,vfunction31,004607a0,Sexy::MemoryImage::vfunction31
Sexy::MemoryImage,vftable,005b13b4,31,0x7c,vfunction32,004607e0,Sexy::MemoryImage::vfunction32
Sexy::MemoryImage,vftable,005b13b4,32,0x80,vfunction33,0045fe70,Sexy::MemoryImage::vfunction33
Sexy::MemoryImage,vftable,005b13b4,33,0x84,vfunction34,0045fe90,Sexy::MemoryImage::vfunction34
Sexy::MemoryImage,vftable,005b13b4,34,0x88,vfunction35,004674b0,Sexy::MemoryImage::vfunction35
Sexy::DDInterface,vftable,005b1454,0,0x0,vfunction1,004300d0,Sexy::DDInterface::deleting_destructor
Sexy::Graphics,vftable,005b145c,0,0x0,vfunction1,004555f0,Sexy::Graphics::deleting_destructor
Sexy::SysFont,vftable,005b1464,0,0x0,vfunction1,004675a0,Sexy::SysFont::deleting_destructor
Sexy::SysFont,vftable,005b1464,1,0x4,vfunction2,004553e0,Sexy::Font::vfunction2
Sexy::SysFont,vftable,005b1464,2,0x8,vfunction3,004553f0,Sexy::Font::vfunction3
Sexy::SysFont,vftable,005b1464,3,0xc,vfunction4,00455400,Sexy::Font::vfunction4
Sexy::SysFont,vftable,005b1464,4,0x10,vfunction5,00455410,Sexy::Font::vfunction5
Sexy::SysFont,vftable,005b1464,5,0x14,vfunction6,00455420,Sexy::Font::vfunction6
Sexy::SysFont,vftable,005b1464,6,0x18,vfunction7,00455430,Sexy::Font::vfunction7
Sexy::SysFont,vftable,005b1464,7,0x1c,vfunction8,00467760,Sexy::SysFont::vfunction8
Sexy::SysFont,vftable,005b1464,8,0x20,vfunction9,00455450,Sexy::Font::vfunction9
Sexy::SysFont,vftable,005b1464,9,0x24,vfunction10,004554f0,Sexy::Font::vfunction10
Sexy::SysFont,vftable,005b1464,10,0x28,vfunction11,004677f0,Sexy::SysFont::vfunction11
Sexy::SysFont,vftable,005b1464,11,0x2c,vfunction12,00468000,Sexy::SysFont::vfunction12
Sexy::Font,vftable,005b14ac,0,0x0,vfunction1,00455390,Sexy::Font::deleting_destructor
Sexy::Font,vftable,005b14ac,1,0x4,vfunction2,004553e0,Sexy::Font::vfunction2
Sexy::Font,vftable,005b14ac,2,0x8,vfunction3,004553f0,Sexy::Font::vfunction3
Sexy::Font,vftable,005b14ac,3,0xc,vfunction4,00455400,Sexy::Font::vfunction4
Sexy::Font,vftable,005b14ac,4,0x10,vfunction5,00455410,Sexy::Font::vfunction5
Sexy::Font,vftable,005b14ac,5,0x14,vfunction6,00455420,Sexy::Font::vfunction6
Sexy::Font,vftable,005b14ac,6,0x18,vfunction7,00455430,Sexy::Font::vfunction7
Sexy::Font,vftable,005b14ac,7,0x1c,vfunction8,00455440,Sexy::Font::vfunction8
Sexy::Font,vftable,005b14ac,8,0x20,vfunction9,00455450,Sexy::Font::vfunction9
Sexy::Font,vftable,005b14ac,9,0x24,vfunction10,004554f0,Sexy::Font::vfunction10
Sexy::Font,vftable,005b14ac,10,0x28,vfunction11,00457b90,Sexy::Font::vfunction11
Sexy::Font,vftable,005b14ac,11,0x2c,vfunction12,005693cf,__purecall
Sexy::FontData,vftable,005b14e0,0,0x0,vfunction1,00458230,Sexy::FontData::vfunction1
Sexy::FontData,vftable,005b14e0,1,0x4,vfunction2,0041aa40,Sexy::DescParser::vfunction2
Sexy::FontData,vftable,005b14e0,2,0x8,vfunction3,004586f0,Sexy::FontData::vfunction3
Sexy::FontData,vftable,005b14e0,3,0xc,vfunction4,00458010,Sexy::FontData::deleting_destructor
Sexy::FontData,vftable,005b14e0,4,0x10,vfunction5,0041c010,Sexy::DescParser::vfunction5
Sexy::ActiveFontLayer,vftable,005b14f8,0,0x0,vfunction1,0045b490,Sexy::ActiveFontLayer::deleting_destructor
Sexy::ImageFont,vftable,005b1504,0,0x0,vfunction1,0045b610,Sexy::ImageFont::deleting_destructor
Sexy::ImageFont,vftable,005b1504,1,0x4,vfunction2,004553e0,Sexy::Font::vfunction2
Sexy::ImageFont,vftable,005b1504,2,0x8,vfunction3,004553f0,Sexy::Font::vfunction3
Sexy::ImageFont,vftable,005b1504,3,0xc,vfunction4,00455400,Sexy::Font::vfunction4
Sexy::ImageFont,vftable,005b1504,4,0x10,vfunction5,00455410,Sexy::Font::vfunction5
Sexy::ImageFont,vftable,005b1504,5,0x14,vfunction6,00455420,Sexy::Font::vfunction6
Sexy::ImageFont,vftable,005b1504,6,0x18,vfunction7,00455430,Sexy::Font::vfunction7
Sexy::ImageFont,vftable,005b1504,7,0x1c,vfunction8,0045bf50,Sexy::ImageFont::vfunction8
Sexy::ImageFont,vftable,005b1504,8,0x20,vfunction9,0045c150,Sexy::ImageFont::vfunction9
Sexy::ImageFont,vftable,005b1504,9,0x24,vfunction10,0045bfd0,Sexy::ImageFont::vfunction10
Sexy::ImageFont,vftable,005b1504,10,0x28,vfunction11,0045c8b0,Sexy::ImageFont::vfunction11
Sexy::ImageFont,vftable,005b1504,11,0x2c,vfunction12,0045c8e0,Sexy::ImageFont::vfunction12
Sexy::ImageFont,vftable,005b1504,12,0x30,vfunction13,0045b960,Sexy::ImageFont::vfunction13
Sexy::ImageFont,vftable,005b1504,13,0x34,vfunction14,0045c170,Sexy::ImageFont::vfunction14
Sexy::ImageFont,vftable,005b1504,14,0x38,vfunction15,0045c950,Sexy::ImageFont::vfunction15
Sexy::ImageFont,vftable,005b1504,15,0x3c,vfunction16,0045c970,Sexy::ImageFont::vfunction16
Sexy::ImageFont,vftable,005b1504,16,0x40,vfunction17,0045c960,Sexy::ImageFont::vfunction17
Sexy::ImageFont,vftable,005b1504,17,0x44,vfunction18,0045c980,Sexy::ImageFont::vfunction18
Sexy::ImageFont,vftable,005b1504,18,0x48,vfunction19,0045c990,Sexy::ImageFont::vfunction19
Sexy::ImageFont,vftable,005b1504,19,0x4c,vfunction20,0045ca30,Sexy::ImageFont::vfunction20
Sexy::ImageFont,vftable,005b1504,20,0x50,vfunction21,0045cb40,Sexy::ImageFont::vfunction21
Sexy::ImageFont,vftable,005b1504,21,0x54,vfunction22,0045cbb0,Sexy::ImageFont::vfunction22
Sexy::ImageFont,vftable,005b1504,22,0x58,vfunction23,0045cc10,Sexy::ImageFont::vfunction23
Sexy::ImageFont,vftable,005b1504,23,0x5c,vfunction24,0045d280,Sexy::ImageFont::vfunction24
Sexy::Widget,vftable,005bde5c,0,0x0,vfunction1,0046dd30,Sexy::Slider::deleting_destructor
Sexy::Widget,vftable,005bde5c,1,0x4,vfunction2,0046b5b0,Sexy::WidgetContainer::vfunction2
Sexy::Widget,vftable,005bde5c,2,0x8,vfunction3,0046b5d0,Sexy::WidgetContainer::vfunction3
Sexy::Widget,vftable,005bde5c,3,0xc,vfunction4,0046b640,Sexy::WidgetContainer::vfunction4
Sexy::Widget,vftable,005bde5c,4,0x10,vfunction5,0046b760,Sexy::WidgetContainer::vfunction5
Sexy::Widget,vftable,005bde5c,5,0x14,vfunction6,0046b700,Sexy::WidgetContainer::vfunction6
Sexy::Widget,vftable,005bde5c,6,0x18,vfunction7,0046c690,Sexy::ResourceManager::vfunction14
Sexy::Widget,vftable,005bde5c,7,0x1c,vfunction8,0046b550,Sexy::WidgetContainer::vfunction8
Sexy::Widget,vftable,005bde5c,8,0x20,vfunction9,0046c690,Sexy::ResourceManager::vfunction14
Sexy::Widget,vftable,005bde5c,9,0x24,vfunction10,0046ba90,Sexy::WidgetContainer::vfunction10
Sexy::Widget,vftable,005bde5c,10,0x28,vfunction11,0046bab0,Sexy::WidgetContainer::vfunction11
Sexy::Widget,vftable,005bde5c,11,0x2c,vfunction12,0046bc50,Sexy::WidgetContainer::vfunction12
Sexy::Widget,vftable,005bde5c,12,0x30,vfunction13,0046bd20,Sexy::WidgetContainer::vfunction13
Sexy::Widget,vftable,005bde5c,13,0x34,vfunction14,0046bdf0,Sexy::WidgetContainer::vfunction14
Sexy::Widget,vftable,005bde5c,14,0x38,vfunction15,0046bf00,Sexy::WidgetContainer::vfunction15
Sexy::Widget,vftable,005bde5c,15,0x3c,vfunction16,0046c030,Sexy::WidgetContainer::vfunction16
Sexy::Widget,vftable,005bde5c,16,0x40,vfunction17,0046c430,Sexy::WidgetContainer::vfunction17
Sexy::Widget,vftable,005bde5c,17,0x44,vfunction18,0046c180,Sexy::WidgetContainer::vfunction18
Sexy::Widget,vftable,005bde5c,18,0x48,vfunction19,0046c1c0,Sexy::WidgetContainer::vfunction19
Sexy::Widget,vftable,005bde5c,19,0x4c,vfunction20,0046c1a0,Sexy::WidgetContainer::vfunction20
Sexy::Widget,vftable,005bde5c,20,0x50,vfunction21,0046c090,Sexy::WidgetContainer::vfunction21
Sexy::Widget,vftable,005bde5c,21,0x54,vfunction22,0046c100,Sexy::WidgetContainer::vfunction22
Sexy::Widget,vftable,005bde5c,22,0x58,vfunction23,0046c4f0,thunk 0046e310 -> Sexy::WidgetContainer::vfunction23
Sexy::Widget,vftable,005bde5c,23,0x5c,vfunction24,0046c500,Sexy::WidgetContainer::vfunction24
Sexy::Widget,vftable,005bde5c,24,0x60,vfunction25,0046c690,Sexy::ResourceManager::vfunction14
Sexy::Widget,vftable,005bde5c,25,0x64,vfunction26,0046c6a0,Sexy::WidgetContainer::vfunction26
Sexy::Widget,vftable,005bde5c,26,0x68,vfunction27,0046c690,Sexy::ResourceManager::vfunction14
Sexy::Widget,vftable,005bde5c,27,0x6c,vfunction28,0046c7f0,Sexy::WidgetContainer::vfunction28
Sexy::Widget,vftable,005bde5c,28,0x70,vfunction29,0046c9c0,Sexy::WidgetContainer::vfunction29
Sexy::Widget,vftable,005bde5c,29,0x74,vfunction30,00486bf0,Sexy::ResourceManager::BaseRes::vfunction2
Sexy::Widget,vftable,005bde5c,30,0x78,vfunction31,00486bf0,Sexy::ResourceManager::BaseRes::vfunction2
Sexy::Widget,vftable,005bde5c,31,0x7c,vfunction32,0046de80,Sexy::Widget::vfunction32
Sexy::Widget,vftable,005bde5c,32,0x80,vfunction33,0046df70,Sexy::Widget::vfunction33
Sexy::Widget,vftable,005bde5c,33,0x84,vfunction34,0046ded0,Sexy::Widget::vfunction34
Sexy::Widget,vftable,005bde5c,34,0x88,vfunction35,0046e010,Sexy::Widget::vfunction35
Sexy::Widget,vftable,005bde5c,35,0x8c,vfunction36,0046e130,Sexy::Widget::vfunction36
Sexy::Widget,vftable,005bde5c,36,0x90,vfunction37,0046e0c0,Sexy::Widget::vfunction37
Sexy::Widget,vftable,005bde5c,37,0x94,vfunction38,0046e270,Sexy::Widget::vfunction38
Sexy::Widget,vftable,005bde5c,38,0x98,vfunction39,0046e370,Sexy::Widget::vfunction39
Sexy::Widget,vftable,005bde5c,39,0x9c,vfunction40,0046e210,Sexy::Widget::vfunction40
Sexy::Widget,vftable,005bde5c,40,0xa0,vfunction41,0046e1b0,Sexy::Widget::vfunction41
Sexy::Widget,vftable,005bde5c,41,0xa4,vfunction42,0046e240,Sexy::Widget::vfunction42
Sexy::Widget,vftable,005bde5c,42,0xa8,vfunction43,0046e260,Sexy::Widget::vfunction43
Sexy::Widget,vftable,005bde5c,43,0xac,vfunction44,0046deb0,Sexy::Widget::vfunction44
Sexy::Widget,vftable,005bde5c,44,0xb0,vfunction45,0046c690,Sexy::ResourceManager::vfunction14
Sexy::Widget,vftable,005bde5c,45,0xb4,vfunction46,0046e2f0,Sexy::Widget::vfunction46
Sexy::Widget,vftable,005bde5c,46,0xb8,vfunction47,0046e300,Sexy::Widget::vfunction47
Sexy::Widget,vftable,005bde5c,47,0xbc,vfunction48,0046c690,Sexy::ResourceManager::vfunction14
Sexy::Widget,vftable,005bde5c,48,0xc0,vfunction49,0046e320,Sexy::Widget::vfunction49
Sexy::Widget,vftable,005bde5c,49,0xc4,vfunction50,0046c690,Sexy::ResourceManager::vfunction14
Sexy::Widget,vftable,005bde5c,50,0xc8,vfunction51,00486bf0,Sexy::ResourceManager::BaseRes::vfunction2
Sexy::Widget,vftable,005bde5c,51,0xcc,vfunction52,00486bf0,Sexy::ResourceManager::BaseRes::vfunction2
Sexy::Widget,vftable,005bde5c,52,0xd0,vfunction53,0046eb50,Sexy::DialogListener::vfunction1
Sexy::Widget,vftable,005bde5c,53,0xd4,vfunction54,0046e400,Sexy::MusicInterface::vfunction13
Sexy::Widget,vftable,005bde5c,54,0xd8,vfunction55,0046e3a0,Sexy::Widget::vfunction55
Sexy::Widget,vftable,005bde5c,55,0xdc,vfunction56,0046e400,Sexy::MusicInterface::vfunction13
Sexy::Widget,vftable,005bde5c,56,0xe0,vfunction57,0046e410,Sexy::Widget::vfunction57
Sexy::Widget,vftable,005bde5c,57,0xe4,vfunction58,0046eb50,Sexy::DialogListener::vfunction1
Sexy::Widget,vftable,005bde5c,58,0xe8,vfunction59,0046eb50,Sexy::DialogListener::vfunction1
Sexy::Widget,vftable,005bde5c,59,0xec,vfunction60,0046c690,Sexy::ResourceManager::vfunction14
Sexy::Widget,vftable,005bde5c,60,0xf0,vfunction61,0046de70,Sexy::Widget::vfunction61
Sexy::Widget,vftable,005bde5c,61,0xf4,vfunction62,0046e500,Sexy::Widget::vfunction62
Sexy::Widget,vftable,005bde5c,62,0xf8,vfunction63,0046e480,Sexy::Widget::vfunction63
Sexy::Widget,vftable,005bde5c,63,0xfc,vfunction64,0046e620,Sexy::Widget::vfunction64
Sexy::Widget,vftable,005bde5c,64,0x100,vfunction65,0046e670,Sexy::Widget::vfunction65
Sexy::Widget,vftable,005bde5c,65,0x104,vfunction66,0046e6b0,Sexy::Widget::vfunction66
Sexy::Widget,vftable,005bde5c,66,0x108,vfunction67,0046e6d0,Sexy::Widget::vfunction67
Sexy::Widget,vftable,005bde5c,67,0x10c,vfunction68,0046e700,Sexy::Widget::vfunction68
Sexy::Widget,vftable,005bde5c,68,0x110,vfunction69,0046e800,Sexy::Widget::vfunction69
Sexy::Widget,vftable,005bde5c,69,0x114,vfunction70,0046e840,Sexy::Widget::vfunction70
Sexy::WidgetManager,vftable,005bdf7c,0,0x0,vfunction1,0046cb90,Sexy::WidgetManager::deleting_destructor
Sexy::WidgetManager,vftable,005bdf7c,1,0x4,vfunction2,0046b5b0,Sexy::WidgetContainer::vfunction2
Sexy::WidgetManager,vftable,005bdf7c,2,0x8,vfunction3,0046b5d0,Sexy::WidgetContainer::vfunction3
Sexy::WidgetManager,vftable,005bdf7c,3,0xc,vfunction4,0046b640,Sexy::WidgetContainer::vfunction4
Sexy::WidgetManager,vftable,005bdf7c,4,0x10,vfunction5,0046b760,Sexy::WidgetContainer::vfunction5
Sexy::WidgetManager,vftable,005bdf7c,5,0x14,vfunction6,0046b700,Sexy::WidgetContainer::vfunction6
Sexy::WidgetManager,vftable,005bdf7c,6,0x18,vfunction7,0046cbf0,Sexy::WidgetManager::vfunction7
Sexy::WidgetManager,vftable,005bdf7c,7,0x1c,vfunction8,0046b550,Sexy::WidgetContainer::vfunction8
Sexy::WidgetManager,vftable,005bdf7c,8,0x20,vfunction9,0046d340,Sexy::WidgetManager::vfunction9
Sexy::WidgetManager,vftable,005bdf7c,9,0x24,vfunction10,0046ba90,Sexy::WidgetContainer::vfunction10
Sexy::WidgetManager,vftable,005bdf7c,10,0x28,vfunction11,0046bab0,Sexy::WidgetContainer::vfunction11
Sexy::WidgetManager,vftable,005bdf7c,11,0x2c,vfunction12,0046bc50,Sexy::WidgetContainer::vfunction12
Sexy::WidgetManager,vftable,005bdf7c,12,0x30,vfunction13,0046bd20,Sexy::WidgetContainer::vfunction13
Sexy::WidgetManager,vftable,005bdf7c,13,0x34,vfunction14,0046bdf0,Sexy::WidgetContainer::vfunction14
Sexy::WidgetManager,vftable,005bdf7c,14,0x38,vfunction15,0046bf00,Sexy::WidgetContainer::vfunction15
Sexy::WidgetManager,vftable,005bdf7c,15,0x3c,vfunction16,0046c030,Sexy::WidgetContainer::vfunction16
Sexy::WidgetManager,vftable,005bdf7c,16,0x40,vfunction17,0046c430,Sexy::WidgetContainer::vfunction17
Sexy::WidgetManager,vftable,005bdf7c,17,0x44,vfunction18,0046c180,Sexy::WidgetContainer::vfunction18
Sexy::WidgetManager,vftable,005bdf7c,18,0x48,vfunction19,0046c1c0,Sexy::WidgetContainer::vfunction19
Sexy::WidgetManager,vftable,005bdf7c,19,0x4c,vfunction20,0046c1a0,Sexy::WidgetContainer::vfunction20
Sexy::WidgetManager,vftable,005bdf7c,20,0x50,vfunction21,0046c090,Sexy::WidgetContainer::vfunction21
Sexy::WidgetManager,vftable,005bdf7c,21,0x54,vfunction22,0046c100,Sexy::WidgetContainer::vfunction22
Sexy::WidgetManager,vftable,005bdf7c,22,0x58,vfunction23,0046c4f0,Sexy::WidgetContainer::vfunction23
Sexy::WidgetManager,vftable,005bdf7c,23,0x5c,vfunction24,0046c500,Sexy::WidgetContainer::vfunction24
Sexy::WidgetManager,vftable,005bdf7c,24,0x60,vfunction25,0046c690,Sexy::ResourceManager::vfunction14
Sexy::WidgetManager,vftable,005bdf7c,25,0x64,vfunction26,0046c6a0,Sexy::WidgetContainer::vfunction26
Sexy::WidgetManager,vftable,005bdf7c,26,0x68,vfunction27,0046c690,Sexy::ResourceManager::vfunction14
Sexy::WidgetManager,vftable,005bdf7c,27,0x6c,vfunction28,0046c7f0,Sexy::WidgetContainer::vfunction28
Sexy::WidgetManager,vftable,005bdf7c,28,0x70,vfunction29,0046c9c0,Sexy::WidgetContainer::vfunction29
Sexy::WidgetManager,vftable,005bdf7c,29,0x74,vfunction30,00486bf0,Sexy::ResourceManager::BaseRes::vfunction2
Sexy::WidgetContainer,vftable,005bdffc,0,0x0,vfunction1,0046b510,Sexy::WidgetContainer::deleting_destructor
Sexy::WidgetContainer,vftable,005bdffc,1,0x4,vfunction2,0046b5b0,Sexy::WidgetContainer::vfunction2
Sexy::WidgetContainer,vftable,005bdffc,2,0x8,vfunction3,0046b5d0,Sexy::WidgetContainer::vfunction3
Sexy::WidgetContainer,vftable,005bdffc,3,0xc,vfunction4,0046b640,Sexy::WidgetContainer::vfunction4
Sexy::WidgetContainer,vftable,005bdffc,4,0x10,vfunction5,0046b760,Sexy::WidgetContainer::vfunction5
Sexy::WidgetContainer,vftable,005bdffc,5,0x14,vfunction6,0046b700,Sexy::WidgetContainer::vfunction6
Sexy::WidgetContainer,vftable,005bdffc,6,0x18,vfunction7,0046c690,Sexy::ResourceManager::vfunction14
Sexy::WidgetContainer,vftable,005bdffc,7,0x1c,vfunction8,0046b550,Sexy::WidgetContainer::vfunction8
Sexy::WidgetContainer,vftable,005bdffc,8,0x20,vfunction9,0046c690,Sexy::ResourceManager::vfunction14
Sexy::WidgetContainer,vftable,005bdffc,9,0x24,vfunction10,0046ba90,Sexy::WidgetContainer::vfunction10
Sexy::WidgetContainer,vftable,005bdffc,10,0x28,vfunction11,0046bab0,Sexy::WidgetContainer::vfunction11
Sexy::WidgetContainer,vftable,005bdffc,11,0x2c,vfunction12,0046bc50,Sexy::WidgetContainer::vfunction12
Sexy::WidgetContainer,vftable,005bdffc,12,0x30,vfunction13,0046bd20,Sexy::WidgetContainer::vfunction13
Sexy::WidgetContainer,vftable,005bdffc,13,0x34,vfunction14,0046bdf0,Sexy::WidgetContainer::vfunction14
Sexy::WidgetContainer,vftable,005bdffc,14,0x38,vfunction15,0046bf00,Sexy::WidgetContainer::vfunction15
Sexy::WidgetContainer,vftable,005bdffc,15,0x3c,vfunction16,0046c030,Sexy::WidgetContainer::vfunction16
Sexy::WidgetContainer,vftable,005bdffc,16,0x40,vfunction17,0046c430,Sexy::WidgetContainer::vfunction17
Sexy::WidgetContainer,vftable,005bdffc,17,0x44,vfunction18,0046c180,Sexy::WidgetContainer::vfunction18
Sexy::WidgetContainer,vftable,005bdffc,18,0x48,vfunction19,0046c1c0,Sexy::WidgetContainer::vfunction19
Sexy::WidgetContainer,vftable,005bdffc,19,0x4c,vfunction20,0046c1a0,Sexy::WidgetContainer::vfunction20
Sexy::WidgetContainer,vftable,005bdffc,20,0x50,vfunction21,0046c090,Sexy::WidgetContainer::vfunction21
Sexy::WidgetContainer,vftable,005bdffc,21,0x54,vfunction22,0046c100,Sexy::WidgetContainer::vfunction22
Sexy::WidgetContainer,vftable,005bdffc,22,0x58,vfunction23,0046c4f0,Sexy::WidgetContainer::vfunction23
Sexy::WidgetContainer,vftable,005bdffc,23,0x5c,vfunction24,0046c500,Sexy::WidgetContainer::vfunction24
Sexy::WidgetContainer,vftable,005bdffc,24,0x60,vfunction25,0046c690,Sexy::ResourceManager::vfunction14
Sexy::WidgetContainer,vftable,005bdffc,25,0x64,vfunction26,0046c6a0,Sexy::WidgetContainer::vfunction26
Sexy::WidgetContainer,vftable,005bdffc,26,0x68,vfunction27,0046c690,Sexy::ResourceManager::vfunction14
Sexy::WidgetContainer,vftable,005bdffc,27,0x6c,vfunction28,0046c7f0,Sexy::WidgetContainer::vfunction28
Sexy::WidgetContainer,vftable,005bdffc,28,0x70,vfunction29,0046c9c0,Sexy::WidgetContainer::vfunction29
Sexy::WidgetContainer,vftable,005bdffc,29,0x74,vfunction30,00486bf0,Sexy::ResourceManager::BaseRes::vfunction2
Sexy::Dialog,vftable_for_Widget,005be07c,0,0x0,vfunction1,00476180,Sexy::Dialog::deleting_destructor_for_Widget
Sexy::Dialog,vftable_for_Widget,005be07c,1,0x4,vfunction2,0046b5b0,Sexy::WidgetContainer::vfunction2
Sexy::Dialog,vftable_for_Widget,005be07c,2,0x8,vfunction3,0046b5d0,Sexy::WidgetContainer::vfunction3
Sexy::Dialog,vftable_for_Widget,005be07c,3,0xc,vfunction4,0046b640,Sexy::WidgetContainer::vfunction4
Sexy::Dialog,vftable_for_Widget,005be07c,4,0x10,vfunction5,0046b760,Sexy::WidgetContainer::vfunction5
Sexy::Dialog,vftable_for_Widget,005be07c,5,0x14,vfunction6,0046b700,Sexy::WidgetContainer::vfunction6
Sexy::Dialog,vftable_for_Widget,005be07c,6,0x18,vfunction7,0046c690,Sexy::ResourceManager::vfunction14
Sexy::Dialog,vftable_for_Widget,005be07c,7,0x1c,vfunction8,0046b550,Sexy::WidgetContainer::vfunction8
Sexy::Dialog,vftable_for_Widget,005be07c,8,0x20,vfunction9,0046c690,Sexy::ResourceManager::vfunction14
Sexy::Dialog,vftable_for_Widget,005be07c,9,0x24,vfunction10,0046ba90,Sexy::WidgetContainer::vfunction10
Sexy::Dialog,vftable_for_Widget,005be07c,10,0x28,vfunction11,0046bab0,Sexy::WidgetContainer::vfunction11
Sexy::Dialog,vftable_for_Widget,005be07c,11,0x2c,vfunction12,0046bc50,Sexy::WidgetContainer::vfunction12
Sexy::Dialog,vftable_for_Widget,005be07c,12,0x30,vfunction13,0046bd20,Sexy::WidgetContainer::vfunction13
Sexy::Dialog,vftable_for_Widget,005be07c,13,0x34,vfunction14,0046bdf0,Sexy::WidgetContainer::vfunction14
Sexy::Dialog,vftable_for_Widget,005be07c,14,0x38,vfunction15,0046bf00,Sexy::WidgetContainer::vfunction15
Sexy::Dialog,vftable_for_Widget,005be07c,15,0x3c,vfunction16,0046c030,Sexy::WidgetContainer::vfunction16
Sexy::Dialog,vftable_for_Widget,005be07c,16,0x40,vfunction17,0046c430,Sexy::WidgetContainer::vfunction17
Sexy::Dialog,vftable_for_Widget,005be07c,17,0x44,vfunction18,0046c180,Sexy::WidgetContainer::vfunction18
Sexy::Dialog,vftable_for_Widget,005be07c,18,0x48,vfunction19,0046c1c0,Sexy::WidgetContainer::vfunction19
Sexy::Dialog,vftable_for_Widget,005be07c,19,0x4c,vfunction20,0046c1a0,Sexy::WidgetContainer::vfunction20
Sexy::Dialog,vftable_for_Widget,005be07c,20,0x50,vfunction21,00476a30,Sexy::Dialog::vfunction21_for_Widget
Sexy::Dialog,vftable_for_Widget,005be07c,21,0x54,vfunction22,00476a70,Sexy::Dialog::vfunction22_for_Widget
Sexy::Dialog,vftable_for_Widget,005be07c,22,0x58,vfunction23,00476dc0,?
Sexy::Dialog,vftable_for_Widget,005be07c,23,0x5c,vfunction24,0046c500,Sexy::WidgetContainer::vfunction24
Sexy::Dialog,vftable_for_Widget,005be07c,24,0x60,vfunction25,0046c690,Sexy::ResourceManager::vfunction14
Sexy::Dialog,vftable_for_Widget,005be07c,25,0x64,vfunction26,0046c6a0,Sexy::WidgetContainer::vfunction26
Sexy::Dialog,vftable_for_Widget,005be07c,26,0x68,vfunction27,00476710,Sexy::Dialog::vfunction27_for_Widget
Sexy::Dialog,vftable_for_Widget,005be07c,27,0x6c,vfunction28,0046c7f0,Sexy::WidgetContainer::vfunction28
Sexy::Dialog,vftable_for_Widget,005be07c,28,0x70,vfunction29,0046c9c0,Sexy::WidgetContainer::vfunction29
Sexy::Dialog,vftable_for_Widget,005be07c,29,0x74,vfunction30,00486bf0,Sexy::ResourceManager::BaseRes::vfunction2
Sexy::Dialog,vftable_for_Widget,005be07c,30,0x78,vfunction31,00476ab0,Sexy::Dialog::vfunction31_for_Widget
Sexy::Dialog,vftable_for_Widget,005be07c,31,0x7c,vfunction32,0046de80,Sexy::Widget::vfunction32
Sexy::Dialog,vftable_for_Widget,005be07c,32,0x80,vfunction33,0046df70,Sexy::Widget::vfunction33
Sexy::Dialog,vftable_for_Widget,005be07c,33,0x84,vfunction34,0046ded0,Sexy::Widget::vfunction34
Sexy::Dialog,vftable_for_Widget,005be07c,34,0x88,vfunction35,004762d0,Sexy::Dialog::vfunction35_for_Widget
Sexy::Dialog,vftable_for_Widget,005be07c,35,0x8c,vfunction36,0046e130,Sexy::Widget::vfunction36
Sexy::Dialog,vftable_for_Widget,005be07c,36,0x90,vfunction37,0046e0c0,Sexy::Widget::vfunction37
Sexy::Dialog,vftable_for_Widget,005be07c,37,0x94,vfunction38,0046e270,Sexy::Widget::vfunction38
Sexy::Dialog,vftable_for_Widget,005be07c,38,0x98,vfunction39,0046e370,Sexy::Widget::vfunction39
Sexy::Dialog,vftable_for_Widget,005be07c,39,0x9c,vfunction40,0046e210,Sexy::Widget::vfunction40
Sexy::Dialog,vftable_for_Widget,005be07c,40,0xa0,vfunction41,00476af0,Sexy::Dialog::vfunction41_for_Widget
Sexy::Dialog,vftable_for_Widget,005be07c,41,0xa4,vfunction42,0046e240,Sexy::Widget::vfunction42
Sexy::Dialog,vftable_for_Widget,005be07c,42,0xa8,vfunction43,0046e260,Sexy::Widget::vfunction43
Sexy::Dialog,vftable_for_Widget,005be07c,43,0xac,vfunction44,0046deb0,Sexy::Widget::vfunction44
Sexy::Dialog,vftable_for_Widget,005be07c,44,0xb0,vfunction45,0046c690,Sexy::ResourceManager::vfunction14
Sexy::Dialog,vftable_for_Widget,005be07c,45,0xb4,vfunction46,0046e2f0,Sexy::Widget::vfunction46
Sexy::Dialog,vftable_for_Widget,005be07c,46,0xb8,vfunction47,0046e300,Sexy::Widget::vfunction47
Sexy::Dialog,vftable_for_Widget,005be07c,47,0xbc,vfunction48,0046c690,Sexy::ResourceManager::vfunction14
Sexy::Dialog,vftable_for_Widget,005be07c,48,0xc0,vfunction49,0046e320,Sexy::Widget::vfunction49
Sexy::Dialog,vftable_for_Widget,005be07c,49,0xc4,vfunction50,0046c690,Sexy::ResourceManager::vfunction14
Sexy::Dialog,vftable_for_Widget,005be07c,50,0xc8,vfunction51,00486bf0,Sexy::ResourceManager::BaseRes::vfunction2
Sexy::Dialog,vftable_for_Widget,005be07c,51,0xcc,vfunction52,00486bf0,Sexy::ResourceManager::BaseRes::vfunction2
Sexy::Dialog,vftable_for_Widget,005be07c,52,0xd0,vfunction53,0046eb50,Sexy::DialogListener::vfunction1
Sexy::Dialog,vftable_for_Widget,005be07c,53,0xd4,vfunction54,00476c40,Sexy::Dialog::vfunction54_for_Widget
Sexy::Dialog,vftable_for_Widget,005be07c,54,0xd8,vfunction55,0046e3a0,thunk 00470b50 -> Sexy::Widget::vfunction55
Sexy::Dialog,vftable_for_Widget,005be07c,55,0xdc,vfunction56,00476d90,Sexy::Dialog::vfunction56_for_Widget
Sexy::Dialog,vftable_for_Widget,005be07c,56,0xe0,vfunction57,0046e410,thunk 0046eb40 -> Sexy::Widget::vfunction57
Sexy::Dialog,vftable_for_Widget,005be07c,57,0xe4,vfunction58,0046eb50,Sexy::DialogListener::vfunction1
Sexy::Dialog,vftable_for_Widget,005be07c,58,0xe8,vfunction59,00476c80,Sexy::Dialog::vfunction59_for_Widget
Sexy::Dialog,vftable_for_Widget,005be07c,59,0xec,vfunction60,0046c690,Sexy::ResourceManager::vfunction14
Sexy::Dialog,vftable_for_Widget,005be07c,60,0xf0,vfunction61,0046de70,Sexy::Widget::vfunction61
Sexy::Dialog,vftable_for_Widget,005be07c,61,0xf4,vfunction62,0046e500,Sexy::Widget::vfunction62
Sexy::Dialog,vftable_for_Widget,005be07c,62,0xf8,vfunction63,0046e480,Sexy::Widget::vfunction63
Sexy::Dialog,vftable_for_Widget,005be07c,63,0xfc,vfunction64,0046e620,Sexy::Widget::vfunction64
Sexy::Dialog,vftable_for_Widget,005be07c,64,0x100,vfunction65,0046e670,Sexy::Widget::vfunction65
Sexy::Dialog,vftable_for_Widget,005be07c,65,0x104,vfunction66,0046e6b0,Sexy::Widget::vfunction66
Sexy::Dialog,vftable_for_Widget,005be07c,66,0x108,vfunction67,0046e6d0,Sexy::Widget::vfunction67
Sexy::Dialog,vftable_for_Widget,005be07c,67,0x10c,vfunction68,0046e700,Sexy::Widget::vfunction68
Sexy::Dialog,vftable_for_Widget,005be07c,68,0x110,vfunction69,0046e800,Sexy::Widget::vfunction69
Sexy::Dialog,vftable_for_Widget,005be07c,69,0x114,vfunction70,0046e840,Sexy::Widget::vfunction70
Sexy::Dialog,vftable_for_Widget,005be07c,70,0x118,vfunction71,00476360,Sexy::Dialog::vfunction71_for_Widget
Sexy::Dialog,vftable_for_Widget,005be07c,71,0x11c,vfunction72,004763b0,Sexy::Dialog::vfunction72_for_Widget
Sexy::Dialog,vftable_for_Widget,005be07c,72,0x120,vfunction73,004763e0,Sexy::Dialog::vfunction73_for_Widget
Sexy::Dialog,vftable_for_Widget,005be07c,73,0x124,vfunction74,00476570,Sexy::Dialog::vfunction74_for_Widget
Sexy::Dialog,vftable_for_Widget,005be07c,74,0x128,vfunction75,00476dd0,Sexy::Dialog::vfunction75_for_Widget
Sexy::Dialog,vftable_for_Widget,005be07c,75,0x12c,vfunction76,00476de0,Sexy::Dialog::vfunction76_for_Widget
Sexy::Dialog,vftable_for_ButtonListener,005be1b0,0,0x0,vfunction1,0046ca30,Sexy::ButtonListener::vfunction1
Sexy::Dialog,vftable_for_ButtonListener,005be1b0,1,0x4,vfunction2,00476e40,Sexy::Dialog::vfunction2_for_ButtonListener
Sexy::Dialog,vftable_for_ButtonListener,005be1b0,2,0x8,vfunction3,00476e70,Sexy::Dialog::vfunction3_for_ButtonListener
Sexy::Dialog,vftable_for_ButtonListener,005be1b0,3,0xc,vfunction4,0046c690,Sexy::ResourceManager::vfunction14
Sexy::Dialog,vftable_for_ButtonListener,005be1b0,4,0x10,vfunction5,0046c690,Sexy::ResourceManager::vfunction14
Sexy::Dialog,vftable_for_ButtonListener,005be1b0,5,0x14,vfunction6,0046c690,Sexy::ResourceManager::vfunction14
Sexy::Dialog,vftable_for_ButtonListener,005be1b0,6,0x18,vfunction7,0049b300,Sexy::Image::vfunction3
Sexy::ButtonWidget,vftable,005be1d4,0,0x0,vfunction1,00476f50,Sexy::DialogButton::deleting_destructor
Sexy::ButtonWidget,vftable,005be1d4,1,0x4,vfunction2,0046b5b0,Sexy::WidgetContainer::vfunction2
Sexy::ButtonWidget,vftable,005be1d4,2,0x8,vfunction3,0046b5d0,Sexy::WidgetContainer::vfunction3
Sexy::ButtonWidget,vftable,005be1d4,3,0xc,vfunction4,0046b640,Sexy::WidgetContainer::vfunction4
Sexy::ButtonWidget,vftable,005be1d4,4,0x10,vfunction5,0046b760,Sexy::WidgetContainer::vfunction5
Sexy::ButtonWidget,vftable,005be1d4,5,0x14,vfunction6,0046b700,Sexy::WidgetContainer::vfunction6
Sexy::ButtonWidget,vftable,005be1d4,6,0x18,vfunction7,0046c690,Sexy::ResourceManager::vfunction14
Sexy::ButtonWidget,vftable,005be1d4,7,0x1c,vfunction8,0046b550,Sexy::WidgetContainer::vfunction8
Sexy::ButtonWidget,vftable,005be1d4,8,0x20,vfunction9,0046c690,Sexy::ResourceManager::vfunction14
Sexy::ButtonWidget,vftable,005be1d4,9,0x24,vfunction10,0046ba90,Sexy::WidgetContainer::vfunction10
Sexy::ButtonWidget,vftable,005be1d4,10,0x28,vfunction11,0046bab0,Sexy::WidgetContainer::vfunction11
Sexy::ButtonWidget,vftable,005be1d4,11,0x2c,vfunction12,0046bc50,Sexy::WidgetContainer::vfunction12
Sexy::ButtonWidget,vftable,005be1d4,12,0x30,vfunction13,0046bd20,Sexy::WidgetContainer::vfunction13
Sexy::ButtonWidget,vftable,005be1d4,13,0x34,vfunction14,0046bdf0,Sexy::WidgetContainer::vfunction14
Sexy::ButtonWidget,vftable,005be1d4,14,0x38,vfunction15,0046bf00,Sexy::WidgetContainer::vfunction15
Sexy::ButtonWidget,vftable,005be1d4,15,0x3c,vfunction16,0046c030,Sexy::WidgetContainer::vfunction16
Sexy::ButtonWidget,vftable,005be1d4,16,0x40,vfunction17,0046c430,Sexy::WidgetContainer::vfunction17
Sexy::ButtonWidget,vftable,005be1d4,17,0x44,vfunction18,0046c180,Sexy::WidgetContainer::vfunction18
Sexy::ButtonWidget,vftable,005be1d4,18,0x48,vfunction19,0046c1c0,Sexy::WidgetContainer::vfunction19
Sexy::ButtonWidget,vftable,005be1d4,19,0x4c,vfunction20,0046c1a0,Sexy::WidgetContainer::vfunction20
Sexy::ButtonWidget,vftable,005be1d4,20,0x50,vfunction21,0046c090,Sexy::WidgetContainer::vfunction21
Sexy::ButtonWidget,vftable,005be1d4,21,0x54,vfunction22,0046c100,Sexy::WidgetContainer::vfunction22
Sexy::ButtonWidget,vftable,005be1d4,22,0x58,vfunction23,00475b60,Sexy::ButtonWidget::vfunction23
Sexy::ButtonWidget,vftable,005be1d4,23,0x5c,vfunction24,0046c500,Sexy::WidgetContainer::vfunction24
Sexy::ButtonWidget,vftable,005be1d4,24,0x60,vfunction25,0046c690,Sexy::ResourceManager::vfunction14
Sexy::ButtonWidget,vftable,005be1d4,25,0x64,vfunction26,0046c6a0,Sexy::WidgetContainer::vfunction26
Sexy::ButtonWidget,vftable,005be1d4,26,0x68,vfunction27,00475330,Sexy::ButtonWidget::vfunction27
Sexy::ButtonWidget,vftable,005be1d4,27,0x6c,vfunction28,0046c7f0,Sexy::WidgetContainer::vfunction28
Sexy::ButtonWidget,vftable,005be1d4,28,0x70,vfunction29,0046c9c0,Sexy::WidgetContainer::vfunction29
Sexy::ButtonWidget,vftable,005be1d4,29,0x74,vfunction30,00486bf0,Sexy::ResourceManager::BaseRes::vfunction2
Sexy::ButtonWidget,vftable,005be1d4,30,0x78,vfunction31,00486bf0,Sexy::ResourceManager::BaseRes::vfunction2
Sexy::ButtonWidget,vftable,005be1d4,31,0x7c,vfunction32,0046de80,Sexy::Widget::vfunction32
Sexy::ButtonWidget,vftable,005be1d4,32,0x80,vfunction33,0046df70,Sexy::Widget::vfunction33
Sexy::ButtonWidget,vftable,005be1d4,33,0x84,vfunction34,0046ded0,Sexy::Widget::vfunction34
Sexy::ButtonWidget,vftable,005be1d4,34,0x88,vfunction35,0046e010,Sexy::Widget::vfunction35
Sexy::ButtonWidget,vftable,005be1d4,35,0x8c,vfunction36,0046e130,Sexy::Widget::vfunction36
Sexy::ButtonWidget,vftable,005be1d4,36,0x90,vfunction37,0046e0c0,Sexy::Widget::vfunction37
Sexy::ButtonWidget,vftable,005be1d4,37,0x94,vfunction38,00475900,Sexy::ButtonWidget::vfunction38
Sexy::ButtonWidget,vftable,005be1d4,38,0x98,vfunction39,0046e370,Sexy::Widget::vfunction39
Sexy::ButtonWidget,vftable,005be1d4,39,0x9c,vfunction40,0046e210,Sexy::Widget::vfunction40
Sexy::ButtonWidget,vftable,005be1d4,40,0xa0,vfunction41,0046e1b0,Sexy::Widget::vfunction41
Sexy::ButtonWidget,vftable,005be1d4,41,0xa4,vfunction42,0046e240,Sexy::Widget::vfunction42
Sexy::ButtonWidget,vftable,005be1d4,42,0xa8,vfunction43,0046e260,Sexy::Widget::vfunction43
Sexy::ButtonWidget,vftable,005be1d4,43,0xac,vfunction44,0046deb0,Sexy::Widget::vfunction44
Sexy::ButtonWidget,vftable,005be1d4,44,0xb0,vfunction45,0046c690,Sexy::ResourceManager::vfunction14
Sexy::ButtonWidget,vftable,005be1d4,45,0xb4,vfunction46,0046e2f0,Sexy::Widget::vfunction46
Sexy::ButtonWidget,vftable,005be1d4,46,0xb8,vfunction47,0046e300,Sexy::Widget::vfunction47
Sexy::ButtonWidget,vftable,005be1d4,47,0xbc,vfunction48,0046c690,Sexy::ResourceManager::vfunction14
Sexy::ButtonWidget,vftable,005be1d4,48,0xc0,vfunction49,0046e320,Sexy::Widget::vfunction49
Sexy::ButtonWidget,vftable,005be1d4,49,0xc4,vfunction50,0046c690,Sexy::ResourceManager::vfunction14
Sexy::ButtonWidget,vftable,005be1d4,50,0xc8,vfunction51,00475930,Sexy::ButtonWidget::vfunction51
Sexy::ButtonWidget,vftable,005be1d4,51,0xcc,vfunction52,004759e0,Sexy::ButtonWidget::vfunction52
Sexy::ButtonWidget,vftable,005be1d4,52,0xd0,vfunction53,00475ac0,Sexy::ButtonWidget::vfunction53
Sexy::ButtonWidget,vftable,005be1d4,53,0xd4,vfunction54,00475af0,Sexy::ButtonWidget::vfunction54
Sexy::ButtonWidget,vftable,005be1d4,54,0xd8,vfunction55,0046e3a0,thunk 00470b50 -> Sexy::Widget::vfunction55
Sexy::ButtonWidget,vftable,005be1d4,55,0xdc,vfunction56,00475b20,Sexy::ButtonWidget::vfunction56
Sexy::ButtonWidget,vftable,005be1d4,56,0xe0,vfunction57,0046e410,thunk 0046eb40 -> Sexy::Widget::vfunction57
Sexy::ButtonWidget,vftable,005be1d4,57,0xe4,vfunction58,0046eb50,Sexy::DialogListener::vfunction1
Sexy::ButtonWidget,vftable,005be1d4,58,0xe8,vfunction59,0046eb50,Sexy::DialogListener::vfunction1
Sexy::ButtonWidget,vftable,005be1d4,59,0xec,vfunction60,0046c690,Sexy::ResourceManager::vfunction14
Sexy::ButtonWidget,vftable,005be1d4,60,0xf0,vfunction61,0046de70,Sexy::Widget::vfunction61
Sexy::ButtonWidget,vftable,005be1d4,61,0xf4,vfunction62,0046e500,Sexy::Widget::vfunction62
Sexy::ButtonWidget,vftable,005be1d4,62,0xf8,vfunction63,0046e480,Sexy::Widget::vfunction63
Sexy::ButtonWidget,vftable,005be1d4,63,0xfc,vfunction64,0046e620,Sexy::Widget::vfunction64
Sexy::ButtonWidget,vftable,005be1d4,64,0x100,vfunction65,0046e670,Sexy::Widget::vfunction65
Sexy::ButtonWidget,vftable,005be1d4,65,0x104,vfunction66,0046e6b0,Sexy::Widget::vfunction66
Sexy::ButtonWidget,vftable,005be1d4,66,0x108,vfunction67,0046e6d0,Sexy::Widget::vfunction67
Sexy::ButtonWidget,vftable,005be1d4,67,0x10c,vfunction68,0046e700,Sexy::Widget::vfunction68
Sexy::ButtonWidget,vftable,005be1d4,68,0x110,vfunction69,0046e800,Sexy::Widget::vfunction69
Sexy::ButtonWidget,vftable,005be1d4,69,0x114,vfunction70,0046e840,Sexy::Widget::vfunction70
Sexy::ButtonWidget,vftable,005be1d4,70,0x118,vfunction71,004752e0,Sexy::ButtonWidget::vfunction71
Sexy::ButtonWidget,vftable,005be1d4,71,0x11c,vfunction72,00475270,Sexy::ButtonWidget::vfunction72
Sexy::ButtonWidget,vftable,005be1d4,72,0x120,vfunction73,004752a0,Sexy::ButtonWidget::vfunction73
Sexy::DialogButton,vftable,005be2fc,0,0x0,vfunction1,00476f50,Sexy::DialogButton::deleting_destructor
Sexy::DialogButton,vftable,005be2fc,1,0x4,vfunction2,0046b5b0,Sexy::WidgetContainer::vfunction2
Sexy::DialogButton,vftable,005be2fc,2,0x8,vfunction3,0046b5d0,Sexy::WidgetContainer::vfunction3
Sexy::DialogButton,vftable,005be2fc,3,0xc,vfunction4,0046b640,Sexy::WidgetContainer::vfunction4
Sexy::DialogButton,vftable,005be2fc,4,0x10,vfunction5,0046b760,Sexy::WidgetContainer::vfunction5
Sexy::DialogButton,vftable,005be2fc,5,0x14,vfunction6,0046b700,Sexy::WidgetContainer::vfunction6
Sexy::DialogButton,vftable,005be2fc,6,0x18,vfunction7,0046c690,Sexy::ResourceManager::vfunction14
Sexy::DialogButton,vftable,005be2fc,7,0x1c,vfunction8,0046b550,Sexy::WidgetContainer::vfunction8
Sexy::DialogButton,vftable,005be2fc,8,0x20,vfunction9,0046c690,Sexy::ResourceManager::vfunction14
Sexy::DialogButton,vftable,005be2fc,9,0x24,vfunction10,0046ba90,Sexy::WidgetContainer::vfunction10
Sexy::DialogButton,vftable,005be2fc,10,0x28,vfunction11,0046bab0,Sexy::WidgetContainer::vfunction11
Sexy::DialogButton,vftable,005be2fc,11,0x2c,vfunction12,0046bc50,Sexy::WidgetContainer::vfunction12
Sexy::DialogButton,vftable,005be2fc,12,0x30,vfunction13,0046bd20,Sexy::WidgetContainer::vfunction13
Sexy::DialogButton,vftable,005be2fc,13,0x34,vfunction14,0046bdf0,Sexy::WidgetContainer::vfunction14
Sexy::DialogButton,vftable,005be2fc,14,0x38,vfunction15,0046bf00,Sexy::WidgetContainer::vfunction15
Sexy::DialogButton,vftable,005be2fc,15,0x3c,vfunction16,0046c030,Sexy::WidgetContainer::vfunction16
Sexy::DialogButton,vftable,005be2fc,16,0x40,vfunction17,0046c430,Sexy::WidgetContainer::vfunction17
Sexy::DialogButton,vftable,005be2fc,17,0x44,vfunction18,0046c180,Sexy::WidgetContainer::vfunction18
Sexy::DialogButton,vftable,005be2fc,18,0x48,vfunction19,0046c1c0,Sexy::WidgetContainer::vfunction19
Sexy::DialogButton,vftable,005be2fc,19,0x4c,vfunction20,0046c1a0,Sexy::WidgetContainer::vfunction20
Sexy::DialogButton,vftable,005be2fc,20,0x50,vfunction21,0046c090,Sexy::WidgetContainer::vfunction21
Sexy::DialogButton,vftable,005be2fc,21,0x54,vfunction22,0046c100,Sexy::WidgetContainer::vfunction22
Sexy::DialogButton,vftable,005be2fc,22,0x58,vfunction23,00475b60,Sexy::ButtonWidget::vfunction23
Sexy::DialogButton,vftable,005be2fc,23,0x5c,vfunction24,0046c500,Sexy::WidgetContainer::vfunction24
Sexy::DialogButton,vftable,005be2fc,24,0x60,vfunction25,0046c690,Sexy::ResourceManager::vfunction14
Sexy::DialogButton,vftable,005be2fc,25,0x64,vfunction26,0046c6a0,Sexy::WidgetContainer::vfunction26
Sexy::DialogButton,vftable,005be2fc,26,0x68,vfunction27,00476f70,Sexy::DialogButton::vfunction27
Sexy::DialogButton,vftable,005be2fc,27,0x6c,vfunction28,0046c7f0,Sexy::WidgetContainer::vfunction28
Sexy::DialogButton,vftable,005be2fc,28,0x70,vfunction29,0046c9c0,Sexy::WidgetContainer::vfunction29
Sexy::DialogButton,vftable,005be2fc,29,0x74,vfunction30,00486bf0,Sexy::ResourceManager::BaseRes::vfunction2
Sexy::DialogButton,vftable,005be2fc,30,0x78,vfunction31,00486bf0,Sexy::ResourceManager::BaseRes::vfunction2
Sexy::DialogButton,vftable,005be2fc,31,0x7c,vfunction32,0046de80,Sexy::Widget::vfunction32
Sexy::DialogButton,vftable,005be2fc,32,0x80,vfunction33,0046df70,Sexy::Widget::vfunction33
Sexy::DialogButton,vftable,005be2fc,33,0x84,vfunction34,0046ded0,Sexy::Widget::vfunction34
Sexy::DialogButton,vftable,005be2fc,34,0x88,vfunction35,0046e010,Sexy::Widget::vfunction35
Sexy::DialogButton,vftable,005be2fc,35,0x8c,vfunction36,0046e130,Sexy::Widget::vfunction36
Sexy::DialogButton,vftable,005be2fc,36,0x90,vfunction37,0046e0c0,Sexy::Widget::vfunction37
Sexy::DialogButton,vftable,005be2fc,37,0x94,vfunction38,00475900,Sexy::ButtonWidget::vfunction38
Sexy::DialogButton,vftable,005be2fc,38,0x98,vfunction39,0046e370,Sexy::Widget::vfunction39
Sexy::DialogButton,vftable,005be2fc,39,0x9c,vfunction40,0046e210,Sexy::Widget::vfunction40
Sexy::DialogButton,vftable,005be2fc,40,0xa0,vfunction41,0046e1b0,Sexy::Widget::vfunction41
Sexy::DialogButton,vftable,005be2fc,41,0xa4,vfunction42,0046e240,Sexy::Widget::vfunction42
Sexy::DialogButton,vftable,005be2fc,42,0xa8,vfunction43,0046e260,Sexy::Widget::vfunction43
Sexy::DialogButton,vftable,005be2fc,43,0xac,vfunction44,0046deb0,Sexy::Widget::vfunction44
Sexy::DialogButton,vftable,005be2fc,44,0xb0,vfunction45,0046c690,Sexy::ResourceManager::vfunction14
Sexy::DialogButton,vftable,005be2fc,45,0xb4,vfunction46,0046e2f0,Sexy::Widget::vfunction46
Sexy::DialogButton,vftable,005be2fc,46,0xb8,vfunction47,0046e300,Sexy::Widget::vfunction47
Sexy::DialogButton,vftable,005be2fc,47,0xbc,vfunction48,0046c690,Sexy::ResourceManager::vfunction14
Sexy::DialogButton,vftable,005be2fc,48,0xc0,vfunction49,0046e320,Sexy::Widget::vfunction49
Sexy::DialogButton,vftable,005be2fc,49,0xc4,vfunction50,0046c690,Sexy::ResourceManager::vfunction14
Sexy::DialogButton,vftable,005be2fc,50,0xc8,vfunction51,00475930,Sexy::ButtonWidget::vfunction51
Sexy::DialogButton,vftable,005be2fc,51,0xcc,vfunction52,004759e0,Sexy::ButtonWidget::vfunction52
Sexy::DialogButton,vftable,005be2fc,52,0xd0,vfunction53,00475ac0,Sexy::ButtonWidget::vfunction53
Sexy::DialogButton,vftable,005be2fc,53,0xd4,vfunction54,00475af0,Sexy::ButtonWidget::vfunction54
Sexy::DialogButton,vftable,005be2fc,54,0xd8,vfunction55,0046e3a0,thunk 00470b50 -> Sexy::Widget::vfunction55
Sexy::DialogButton,vftable,005be2fc,55,0xdc,vfunction56,00475b20,Sexy::ButtonWidget::vfunction56
Sexy::DialogButton,vftable,005be2fc,56,0xe0,vfunction57,0046e410,thunk 0046eb40 -> Sexy::Widget::vfunction57
Sexy::DialogButton,vftable,005be2fc,57,0xe4,vfunction58,0046eb50,Sexy::DialogListener::vfunction1
Sexy::DialogButton,vftable,005be2fc,58,0xe8,vfunction59,0046eb50,Sexy::DialogListener::vfunction1
Sexy::DialogButton,vftable,005be2fc,59,0xec,vfunction60,0046c690,Sexy::ResourceManager::vfunction14
Sexy::DialogButton,vftable,005be2fc,60,0xf0,vfunction61,0046de70,Sexy::Widget::vfunction61
Sexy::DialogButton,vftable,005be2fc,61,0xf4,vfunction62,0046e500,Sexy::Widget::vfunction62
Sexy::DialogButton,vftable,005be2fc,62,0xf8,vfunction63,0046e480,Sexy::Widget::vfunction63
Sexy::DialogButton,vftable,005be2fc,63,0xfc,vfunction64,0046e620,Sexy::Widget::vfunction64
Sexy::DialogButton,vftable,005be2fc,64,0x100,vfunction65,0046e670,Sexy::Widget::vfunction65
Sexy::DialogButton,vftable,005be2fc,65,0x104,vfunction66,0046e6b0,Sexy::Widget::vfunction66
Sexy::DialogButton,vftable,005be2fc,66,0x108,vfunction67,0046e6d0,Sexy::Widget::vfunction67
Sexy::DialogButton,vftable,005be2fc,67,0x10c,vfunction68,0046e700,Sexy::Widget::vfunction68
Sexy::DialogButton,vftable,005be2fc,68,0x110,vfunction69,0046e800,Sexy::Widget::vfunction69
Sexy::DialogButton,vftable,005be2fc,69,0x114,vfunction70,0046e840,Sexy::Widget::vfunction70
Sexy::DialogButton,vftable,005be2fc,70,0x118,vfunction71,004752e0,Sexy::ButtonWidget::vfunction71
Sexy::DialogButton,vftable,005be2fc,71,0x11c,vfunction72,00475270,Sexy::ButtonWidget::vfunction72
Sexy::DialogButton,vftable,005be2fc,72,0x120,vfunction73,004752a0,Sexy::ButtonWidget::vfunction73
Sexy::UpdateCheckDialog,vftable_for_Widget,005be424,0,0x0,vfunction1,0046edb0,Sexy::UpdateCheckDialog::deleting_destructor_for_Widget
Sexy::UpdateCheckDialog,vftable_for_Widget,005be424,1,0x4,vfunction2,0046b5b0,Sexy::WidgetContainer::vfunction2
Sexy::UpdateCheckDialog,vftable_for_Widget,005be424,2,0x8,vfunction3,0046b5d0,Sexy::WidgetContainer::vfunction3
Sexy::UpdateCheckDialog,vftable_for_Widget,005be424,3,0xc,vfunction4,0046b640,Sexy::WidgetContainer::vfunction4
Sexy::UpdateCheckDialog,vftable_for_Widget,005be424,4,0x10,vfunction5,0046b760,Sexy::WidgetContainer::vfunction5
Sexy::UpdateCheckDialog,vftable_for_Widget,005be424,5,0x14,vfunction6,0046b700,Sexy::WidgetContainer::vfunction6
Sexy::UpdateCheckDialog,vftable_for_Widget,005be424,6,0x18,vfunction7,0046c690,Sexy::ResourceManager::vfunction14
Sexy::UpdateCheckDialog,vftable_for_Widget,005be424,7,0x1c,vfunction8,0046b550,Sexy::WidgetContainer::vfunction8
Sexy::UpdateCheckDialog,vftable_for_Widget,005be424,8,0x20,vfunction9,0046c690,Sexy::ResourceManager::vfunction14
Sexy::UpdateCheckDialog,vftable_for_Widget,005be424,9,0x24,vfunction10,0046ba90,Sexy::WidgetContainer::vfunction10
Sexy::UpdateCheckDialog,vftable_for_Widget,005be424,10,0x28,vfunction11,0046bab0,Sexy::WidgetContainer::vfunction11
Sexy::UpdateCheckDialog,vftable_for_Widget,005be424,11,0x2c,vfunction12,0046bc50,Sexy::WidgetContainer::vfunction12
Sexy::UpdateCheckDialog,vftable_for_Widget,005be424,12,0x30,vfunction13,0046bd20,Sexy::WidgetContainer::vfunction13
Sexy::UpdateCheckDialog,vftable_for_Widget,005be424,13,0x34,vfunction14,0046bdf0,Sexy::WidgetContainer::vfunction14
Sexy::UpdateCheckDialog,vftable_for_Widget,005be424,14,0x38,vfunction15,0046bf00,Sexy::WidgetContainer::vfunction15
Sexy::UpdateCheckDialog,vftable_for_Widget,005be424,15,0x3c,vfunction16,0046c030,Sexy::WidgetContainer::vfunction16
Sexy::UpdateCheckDialog,vftable_for_Widget,005be424,16,0x40,vfunction17,0046c430,Sexy::WidgetContainer::vfunction17
Sexy::UpdateCheckDialog,vftable_for_Widget,005be424,17,0x44,vfunction18,0046c180,Sexy::WidgetContainer::vfunction18
Sexy::UpdateCheckDialog,vftable_for_Widget,005be424,18,0x48,vfunction19,0046c1c0,Sexy::WidgetContainer::vfunction19
Sexy::UpdateCheckDialog,vftable_for_Widget,005be424,19,0x4c,vfunction20,0046c1a0,Sexy::WidgetContainer::vfunction20
Sexy::UpdateCheckDialog,vftable_for_Widget,005be424,20,0x50,vfunction21,00476a30,Sexy::Dialog::vfunction21_for_Widget
Sexy::UpdateCheckDialog,vftable_for_Widget,005be424,21,0x54,vfunction22,00476a70,Sexy::Dialog::vfunction22_for_Widget
Sexy::UpdateCheckDialog,vftable_for_Widget,005be424,22,0x58,vfunction23,0046ef40,Sexy::UpdateCheckDialog::vfunction23_for_Widget
Sexy::UpdateCheckDialog,vftable_for_Widget,005be424,23,0x5c,vfunction24,0046c500,Sexy::WidgetContainer::vfunction24
Sexy::UpdateCheckDialog,vftable_for_Widget,005be424,24,0x60,vfunction25,0046c690,Sexy::ResourceManager::vfunction14
Sexy::UpdateCheckDialog,vftable_for_Widget,005be424,25,0x64,vfunction26,0046c6a0,Sexy::WidgetContainer::vfunction26
Sexy::UpdateCheckDialog,vftable_for_Widget,005be424,26,0x68,vfunction27,0046ee00,Sexy::UpdateCheckDialog::vfunction27_for_Widget
Sexy::UpdateCheckDialog,vftable_for_Widget,005be424,27,0x6c,vfunction28,0046c7f0,Sexy::WidgetContainer::vfunction28
Sexy::UpdateCheckDialog,vftable_for_Widget,005be424,28,0x70,vfunction29,0046c9c0,Sexy::WidgetContainer::vfunction29
Sexy::UpdateCheckDialog,vftable_for_Widget,005be424,29,0x74,vfunction30,00486bf0,Sexy::ResourceManager::BaseRes::vfunction2
Sexy::UpdateCheckDialog,vftable_for_Widget,005be424,30,0x78,vfunction31,00476ab0,Sexy::Dialog::vfunction31_for_Widget
Sexy::UpdateCheckDialog,vftable_for_Widget,005be424,31,0x7c,vfunction32,0046de80,Sexy::Widget::vfunction32
Sexy::UpdateCheckDialog,vftable_for_Widget,005be424,32,0x80,vfunction33,0046df70,Sexy::Widget::vfunction33
Sexy::UpdateCheckDialog,vftable_for_Widget,005be424,33,0x84,vfunction34,0046ded0,Sexy::Widget::vfunction34
Sexy::UpdateCheckDialog,vftable_for_Widget,005be424,34,0x88,vfunction35,004762d0,Sexy::Dialog::vfunction35_for_Widget
Sexy::UpdateCheckDialog,vftable_for_Widget,005be424,35,0x8c,vfunction36,0046e130,Sexy::Widget::vfunction36
Sexy::UpdateCheckDialog,vftable_for_Widget,005be424,36,0x90,vfunction37,0046e0c0,Sexy::Widget::vfunction37
Sexy::UpdateCheckDialog,vftable_for_Widget,005be424,37,0x94,vfunction38,0046e270,Sexy::Widget::vfunction38
Sexy::UpdateCheckDialog,vftable_for_Widget,005be424,38,0x98,vfunction39,0046e370,Sexy::Widget::vfunction39
Sexy::UpdateCheckDialog,vftable_for_Widget,005be424,39,0x9c,vfunction40,0046e210,Sexy::Widget::vfunction40
Sexy::UpdateCheckDialog,vftable_for_Widget,005be424,40,0xa0,vfunction41,00476af0,Sexy::Dialog::vfunction41_for_Widget
Sexy::UpdateCheckDialog,vftable_for_Widget,005be424,41,0xa4,vfunction42,0046e240,Sexy::Widget::vfunction42
Sexy::UpdateCheckDialog,vftable_for_Widget,005be424,42,0xa8,vfunction43,0046e260,Sexy::Widget::vfunction43
Sexy::UpdateCheckDialog,vftable_for_Widget,005be424,43,0xac,vfunction44,0046deb0,Sexy::Widget::vfunction44
Sexy::UpdateCheckDialog,vftable_for_Widget,005be424,44,0xb0,vfunction45,0046c690,Sexy::ResourceManager::vfunction14
Sexy::UpdateCheckDialog,vftable_for_Widget,005be424,45,0xb4,vfunction46,0046e2f0,Sexy::Widget::vfunction46
Sexy::UpdateCheckDialog,vftable_for_Widget,005be424,46,0xb8,vfunction47,0046e300,Sexy::Widget::vfunction47
Sexy::UpdateCheckDialog,vftable_for_Widget,005be424,47,0xbc,vfunction48,0046c690,Sexy::ResourceManager::vfunction14
Sexy::UpdateCheckDialog,vftable_for_Widget,005be424,48,0xc0,vfunction49,0046e320,Sexy::Widget::vfunction49
Sexy::UpdateCheckDialog,vftable_for_Widget,005be424,49,0xc4,vfunction50,0046c690,Sexy::ResourceManager::vfunction14
Sexy::UpdateCheckDialog,vftable_for_Widget,005be424,50,0xc8,vfunction51,00486bf0,Sexy::ResourceManager::BaseRes::vfunction2
Sexy::UpdateCheckDialog,vftable_for_Widget,005be424,51,0xcc,vfunction52,00486bf0,Sexy::ResourceManager::BaseRes::vfunction2
Sexy::UpdateCheckDialog,vftable_for_Widget,005be424,52,0xd0,vfunction53,0046eb50,Sexy::DialogListener::vfunction1
Sexy::UpdateCheckDialog,vftable_for_Widget,005be424,53,0xd4,vfunction54,00476c40,Sexy::Dialog::vfunction54_for_Widget
Sexy::UpdateCheckDialog,vftable_for_Widget,005be424,54,0xd8,vfunction55,0046e3a0,thunk 00470b50 -> Sexy::Widget::vfunction55
Sexy::UpdateCheckDialog,vftable_for_Widget,005be424,55,0xdc,vfunction56,00476d90,Sexy::Dialog::vfunction56_for_Widget
Sexy::UpdateCheckDialog,vftable_for_Widget,005be424,56,0xe0,vfunction57,0046e410,thunk 0046eb40 -> Sexy::Widget::vfunction57
Sexy::UpdateCheckDialog,vftable_for_Widget,005be424,57,0xe4,vfunction58,0046eb50,Sexy::DialogListener::vfunction1
Sexy::UpdateCheckDialog,vftable_for_Widget,005be424,58,0xe8,vfunction59,00476c80,Sexy::Dialog::vfunction59_for_Widget
Sexy::UpdateCheckDialog,vftable_for_Widget,005be424,59,0xec,vfunction60,0046c690,Sexy::ResourceManager::vfunction14
Sexy::UpdateCheckDialog,vftable_for_Widget,005be424,60,0xf0,vfunction61,0046de70,Sexy::Widget::vfunction61
Sexy::UpdateCheckDialog,vftable_for_Widget,005be424,61,0xf4,vfunction62,0046e500,Sexy::Widget::vfunction62
Sexy::UpdateCheckDialog,vftable_for_Widget,005be424,62,0xf8,vfunction63,0046e480,Sexy::Widget::vfunction63
Sexy::UpdateCheckDialog,vftable_for_Widget,005be424,63,0xfc,vfunction64,0046e620,Sexy::Widget::vfunction64
Sexy::UpdateCheckDialog,vftable_for_Widget,005be424,64,0x100,vfunction65,0046e670,Sexy::Widget::vfunction65
Sexy::UpdateCheckDialog,vftable_for_Widget,005be424,65,0x104,vfunction66,0046e6b0,Sexy::Widget::vfunction66
Sexy::UpdateCheckDialog,vftable_for_Widget,005be424,66,0x108,vfunction67,0046e6d0,Sexy::Widget::vfunction67
Sexy::UpdateCheckDialog,vftable_for_Widget,005be424,67,0x10c,vfunction68,0046e700,Sexy::Widget::vfunction68
Sexy::UpdateCheckDialog,vftable_for_Widget,005be424,68,0x110,vfunction69,0046e800,Sexy::Widget::vfunction69
Sexy::UpdateCheckDialog,vftable_for_Widget,005be424,69,0x114,vfunction70,0046e840,Sexy::Widget::vfunction70
Sexy::UpdateCheckDialog,vftable_for_Widget,005be424,70,0x118,vfunction71,00476360,Sexy::Dialog::vfunction71_for_Widget
Sexy::UpdateCheckDialog,vftable_for_Widget,005be424,71,0x11c,vfunction72,004763b0,Sexy::Dialog::vfunction72_for_Widget
Sexy::UpdateCheckDialog,vftable_for_Widget,005be424,72,0x120,vfunction73,004763e0,Sexy::Dialog::vfunction73_for_Widget
Sexy::UpdateCheckDialog,vftable_for_Widget,005be424,73,0x124,vfunction74,0046edf0,Sexy::UpdateCheckDialog::vfunction74_for_Widget
Sexy::UpdateCheckDialog,vftable_for_Widget,005be424,74,0x128,vfunction75,00476dd0,Sexy::Dialog::vfunction75_for_Widget
Sexy::UpdateCheckDialog,vftable_for_Widget,005be424,75,0x12c,vfunction76,00476de0,Sexy::Dialog::vfunction76_for_Widget
Sexy::UpdateCheckDialog,vftable_for_ButtonListener,005be558,0,0x0,vfunction1,0046ca30,Sexy::ButtonListener::vfunction1
Sexy::UpdateCheckDialog,vftable_for_ButtonListener,005be558,1,0x4,vfunction2,00476e40,Sexy::Dialog::vfunction2_for_ButtonListener
Sexy::UpdateCheckDialog,vftable_for_ButtonListener,005be558,2,0x8,vfunction3,00476e70,Sexy::Dialog::vfunction3_for_ButtonListener
Sexy::UpdateCheckDialog,vftable_for_ButtonListener,005be558,3,0xc,vfunction4,0046c690,Sexy::ResourceManager::vfunction14
Sexy::UpdateCheckDialog,vftable_for_ButtonListener,005be558,4,0x10,vfunction5,0046c690,Sexy::ResourceManager::vfunction14
Sexy::UpdateCheckDialog,vftable_for_ButtonListener,005be558,5,0x14,vfunction6,0046c690,Sexy::ResourceManager::vfunction14
Sexy::UpdateCheckDialog,vftable_for_ButtonListener,005be558,6,0x18,vfunction7,0049b300,Sexy::Image::vfunction3
Sexy::ScrollListener,vftable,005be578,0,0x0,vfunction1,0049b300,Sexy::Image::vfunction3
Sexy::ScrollbarWidget,vftable_for_Widget,005be584,0,0x0,vfunction1,0046ff60,Sexy::ScrollbarWidget::deleting_destructor_for_Widget
Sexy::ScrollbarWidget,vftable_for_Widget,005be584,1,0x4,vfunction2,0046b5b0,Sexy::WidgetContainer::vfunction2
Sexy::ScrollbarWidget,vftable_for_Widget,005be584,2,0x8,vfunction3,0046b5d0,Sexy::WidgetContainer::vfunction3
Sexy::ScrollbarWidget,vftable_for_Widget,005be584,3,0xc,vfunction4,0046b640,Sexy::WidgetContainer::vfunction4
Sexy::ScrollbarWidget,vftable_for_Widget,005be584,4,0x10,vfunction5,0046b760,Sexy::WidgetContainer::vfunction5
Sexy::ScrollbarWidget,vftable_for_Widget,005be584,5,0x14,vfunction6,0046b700,Sexy::WidgetContainer::vfunction6
Sexy::ScrollbarWidget,vftable_for_Widget,005be584,6,0x18,vfunction7,0046c690,Sexy::ResourceManager::vfunction14
Sexy::ScrollbarWidget,vftable_for_Widget,005be584,7,0x1c,vfunction8,0046b550,Sexy::WidgetContainer::vfunction8
Sexy::ScrollbarWidget,vftable_for_Widget,005be584,8,0x20,vfunction9,0046c690,Sexy::ResourceManager::vfunction14
Sexy::ScrollbarWidget,vftable_for_Widget,005be584,9,0x24,vfunction10,0046ba90,Sexy::WidgetContainer::vfunction10
Sexy::ScrollbarWidget,vftable_for_Widget,005be584,10,0x28,vfunction11,0046bab0,Sexy::WidgetContainer::vfunction11
Sexy::ScrollbarWidget,vftable_for_Widget,005be584,11,0x2c,vfunction12,0046bc50,Sexy::WidgetContainer::vfunction12
Sexy::ScrollbarWidget,vftable_for_Widget,005be584,12,0x30,vfunction13,0046bd20,Sexy::WidgetContainer::vfunction13
Sexy::ScrollbarWidget,vftable_for_Widget,005be584,13,0x34,vfunction14,0046bdf0,Sexy::WidgetContainer::vfunction14
Sexy::ScrollbarWidget,vftable_for_Widget,005be584,14,0x38,vfunction15,0046bf00,Sexy::WidgetContainer::vfunction15
Sexy::ScrollbarWidget,vftable_for_Widget,005be584,15,0x3c,vfunction16,0046c030,Sexy::WidgetContainer::vfunction16
Sexy::ScrollbarWidget,vftable_for_Widget,005be584,16,0x40,vfunction17,0046c430,Sexy::WidgetContainer::vfunction17
Sexy::ScrollbarWidget,vftable_for_Widget,005be584,17,0x44,vfunction18,0046c180,Sexy::WidgetContainer::vfunction18
Sexy::ScrollbarWidget,vftable_for_Widget,005be584,18,0x48,vfunction19,0046c1c0,Sexy::WidgetContainer::vfunction19
Sexy::ScrollbarWidget,vftable_for_Widget,005be584,19,0x4c,vfunction20,0046c1a0,Sexy::WidgetContainer::vfunction20
Sexy::ScrollbarWidget,vftable_for_Widget,005be584,20,0x50,vfunction21,0046c090,Sexy::WidgetContainer::vfunction21
Sexy::ScrollbarWidget,vftable_for_Widget,005be584,21,0x54,vfunction22,0046c100,Sexy::WidgetContainer::vfunction22
Sexy::ScrollbarWidget,vftable_for_Widget,005be584,22,0x58,vfunction23,00470850,Sexy::ScrollbarWidget::vfunction23_for_Widget
Sexy::ScrollbarWidget,vftable_for_Widget,005be584,23,0x5c,vfunction24,0046c500,Sexy::WidgetContainer::vfunction24
Sexy::ScrollbarWidget,vftable_for_Widget,005be584,24,0x60,vfunction25,0046c690,Sexy::ResourceManager::vfunction14
Sexy::ScrollbarWidget,vftable_for_Widget,005be584,25,0x64,vfunction26,0046c6a0,Sexy::WidgetContainer::vfunction26
Sexy::ScrollbarWidget,vftable_for_Widget,005be584,26,0x68,vfunction27,00470480,Sexy::ScrollbarWidget::vfunction27_for_Widget
Sexy::ScrollbarWidget,vftable_for_Widget,005be584,27,0x6c,vfunction28,0046c7f0,Sexy::WidgetContainer::vfunction28
Sexy::ScrollbarWidget,vftable_for_Widget,005be584,28,0x70,vfunction29,0046c9c0,Sexy::WidgetContainer::vfunction29
Sexy::ScrollbarWidget,vftable_for_Widget,005be584,29,0x74,vfunction30,00486bf0,Sexy::ResourceManager::BaseRes::vfunction2
Sexy::ScrollbarWidget,vftable_for_Widget,005be584,30,0x78,vfunction31,00486bf0,Sexy::ResourceManager::BaseRes::vfunction2
Sexy::ScrollbarWidget,vftable_for_Widget,005be584,31,0x7c,vfunction32,0046de80,Sexy::Widget::vfunction32
Sexy::ScrollbarWidget,vftable_for_Widget,005be584,32,0x80,vfunction33,0046df70,Sexy::Widget::vfunction33
Sexy::ScrollbarWidget,vftable_for_Widget,005be584,33,0x84,vfunction34,0046ded0,Sexy::Widget::vfunction34
Sexy::ScrollbarWidget,vftable_for_Widget,005be584,34,0x88,vfunction35,0046e010,Sexy::Widget::vfunction35
Sexy::ScrollbarWidget,vftable_for_Widget,005be584,35,0x8c,vfunction36,0046e130,Sexy::Widget::vfunction36
Sexy::ScrollbarWidget,vftable_for_Widget,005be584,36,0x90,vfunction37,0046e0c0,Sexy::Widget::vfunction37
Sexy::ScrollbarWidget,vftable_for_Widget,005be584,37,0x94,vfunction38,0046e270,Sexy::Widget::vfunction38
Sexy::ScrollbarWidget,vftable_for_Widget,005be584,38,0x98,vfunction39,0046e370,Sexy::Widget::vfunction39
Sexy::ScrollbarWidget,vftable_for_Widget,005be584,39,0x9c,vfunction40,0046e210,Sexy::Widget::vfunction40
Sexy::ScrollbarWidget,vftable_for_Widget,005be584,40,0xa0,vfunction41,0046e1b0,Sexy::Widget::vfunction41
Sexy::ScrollbarWidget,vftable_for_Widget,005be584,41,0xa4,vfunction42,0046e240,Sexy::Widget::vfunction42
Sexy::ScrollbarWidget,vftable_for_Widget,005be584,42,0xa8,vfunction43,0046e260,Sexy::Widget::vfunction43
Sexy::ScrollbarWidget,vftable_for_Widget,005be584,43,0xac,vfunction44,0046deb0,Sexy::Widget::vfunction44
Sexy::ScrollbarWidget,vftable_for_Widget,005be584,44,0xb0,vfunction45,0046c690,Sexy::ResourceManager::vfunction14
Sexy::ScrollbarWidget,vftable_for_Widget,005be584,45,0xb4,vfunction46,0046e2f0,Sexy::Widget::vfunction46
Sexy::ScrollbarWidget,vftable_for_Widget,005be584,46,0xb8,vfunction47,0046e300,Sexy::Widget::vfunction47
Sexy::ScrollbarWidget,vftable_for_Widget,005be584,47,0xbc,vfunction48,0046c690,Sexy::ResourceManager::vfunction14
Sexy::ScrollbarWidget,vftable_for_Widget,005be584,48,0xc0,vfunction49,0046e320,Sexy::Widget::vfunction49
Sexy::ScrollbarWidget,vftable_for_Widget,005be584,49,0xc4,vfunction50,0046c690,Sexy::ResourceManager::vfunction14
Sexy::ScrollbarWidget,vftable_for_Widget,005be584,50,0xc8,vfunction51,00486bf0,Sexy::ResourceManager::BaseRes::vfunction2
Sexy::ScrollbarWidget,vftable_for_Widget,005be584,51,0xcc,vfunction52,00486bf0,Sexy::ResourceManager::BaseRes::vfunction2
Sexy::ScrollbarWidget,vftable_for_Widget,005be584,52,0xd0,vfunction53,0046eb50,Sexy::DialogListener::vfunction1
Sexy::ScrollbarWidget,vftable_for_Widget,005be584,53,0xd4,vfunction54,004709b0,Sexy::ScrollbarWidget::vfunction54_for_Widget
Sexy::ScrollbarWidget,vftable_for_Widget,005be584,54,0xd8,vfunction55,0046e3a0,thunk 00470b50 -> Sexy::Widget::vfunction55
Sexy::ScrollbarWidget,vftable_for_Widget,005be584,55,0xdc,vfunction56,00470a90,Sexy::ScrollbarWidget::vfunction56_for_Widget
Sexy::ScrollbarWidget,vftable_for_Widget,005be584,56,0xe0,vfunction57,0046e410,Sexy::Widget::vfunction57
Sexy::ScrollbarWidget,vftable_for_Widget,005be584,57,0xe4,vfunction58,0046eb50,Sexy::DialogListener::vfunction1
Sexy::ScrollbarWidget,vftable_for_Widget,005be584,58,0xe8,vfunction59,00470ab0,Sexy::ScrollbarWidget::vfunction59_for_Widget
Sexy::ScrollbarWidget,vftable_for_Widget,005be584,59,0xec,vfunction60,0046c690,Sexy::ResourceManager::vfunction14
Sexy::ScrollbarWidget,vftable_for_Widget,005be584,60,0xf0,vfunction61,0046de70,Sexy::Widget::vfunction61
Sexy::ScrollbarWidget,vftable_for_Widget,005be584,61,0xf4,vfunction62,0046e500,Sexy::Widget::vfunction62
Sexy::ScrollbarWidget,vftable_for_Widget,005be584,62,0xf8,vfunction63,0046e480,Sexy::Widget::vfunction63
Sexy::ScrollbarWidget,vftable_for_Widget,005be584,63,0xfc,vfunction64,0046e620,Sexy::Widget::vfunction64
Sexy::ScrollbarWidget,vftable_for_Widget,005be584,64,0x100,vfunction65,0046e670,Sexy::Widget::vfunction65
Sexy::ScrollbarWidget,vftable_for_Widget,005be584,65,0x104,vfunction66,0046e6b0,Sexy::Widget::vfunction66
Sexy::ScrollbarWidget,vftable_for_Widget,005be584,66,0x108,vfunction67,0046e6d0,Sexy::Widget::vfunction67
Sexy::ScrollbarWidget,vftable_for_Widget,005be584,67,0x10c,vfunction68,0046e700,Sexy::Widget::vfunction68
Sexy::ScrollbarWidget,vftable_for_Widget,005be584,68,0x110,vfunction69,0046e800,Sexy::Widget::vfunction69
Sexy::ScrollbarWidget,vftable_for_Widget,005be584,69,0x114,vfunction70,0046e840,Sexy::Widget::vfunction70
Sexy::ScrollbarWidget,vftable_for_Widget,005be584,70,0x118,vfunction71,00470020,Sexy::ScrollbarWidget::vfunction71_for_Widget
Sexy::ScrollbarWidget,vftable_for_Widget,005be584,71,0x11c,vfunction72,00470120,Sexy::ScrollbarWidget::vfunction72_for_Widget
Sexy::ScrollbarWidget,vftable_for_Widget,005be584,72,0x120,vfunction73,00470150,Sexy::ScrollbarWidget::vfunction73_for_Widget
Sexy::ScrollbarWidget,vftable_for_Widget,005be584,73,0x124,vfunction74,00470180,Sexy::ScrollbarWidget::vfunction74_for_Widget
Sexy::ScrollbarWidget,vftable_for_Widget,005be584,74,0x128,vfunction75,00470070,Sexy::ScrollbarWidget::vfunction75_for_Widget
Sexy::ScrollbarWidget,vftable_for_Widget,005be584,75,0x12c,vfunction76,004700a0,Sexy::ScrollbarWidget::vfunction76_for_Widget
Sexy::ScrollbarWidget,vftable_for_Widget,005be584,76,0x130,vfunction77,004701d0,Sexy::ScrollbarWidget::vfunction77_for_Widget
Sexy::ScrollbarWidget,vftable_for_Widget,005be584,77,0x134,vfunction78,00470200,Sexy::ScrollbarWidget::vfunction78_for_Widget
Sexy::ScrollbarWidget,vftable_for_Widget,005be584,78,0x138,vfunction79,00470240,Sexy::ScrollbarWidget::vfunction79_for_Widget
Sexy::ScrollbarWidget,vftable_for_Widget,005be584,79,0x13c,vfunction80,00470380,Sexy::ScrollbarWidget::vfunction80_for_Widget
Sexy::ScrollbarWidget,vftable_for_Widget,005be584,80,0x140,vfunction81,004703a0,Sexy::ScrollbarWidget::vfunction81_for_Widget
Sexy::ScrollbarWidget,vftable_for_Widget,005be584,81,0x144,vfunction82,00470400,Sexy::ScrollbarWidget::vfunction82_for_Widget
Sexy::ScrollbarWidget,vftable_for_Widget,005be584,82,0x148,vfunction83,00470620,Sexy::ScrollbarWidget::vfunction83_for_Widget
Sexy::ScrollbarWidget,vftable_for_Widget,005be584,83,0x14c,vfunction84,00470730,Sexy::ScrollbarWidget::vfunction84_for_Widget
Sexy::ScrollbarWidget,vftable_for_Widget,005be584,84,0x150,vfunction85,00470950,Sexy::ScrollbarWidget::vfunction85_for_Widget
Sexy::ScrollbarWidget,vftable_for_ButtonListener,005be6dc,0,0x0,vfunction1,0046ca30,Sexy::ButtonListener::vfunction1
Sexy::ScrollbarWidget,vftable_for_ButtonListener,005be6dc,1,0x4,vfunction2,004707a0,Sexy::ScrollbarWidget::vfunction2_for_ButtonListener
Sexy::ScrollbarWidget,vftable_for_ButtonListener,005be6dc,2,0x8,vfunction3,0046c690,Sexy::ResourceManager::vfunction14
Sexy::ScrollbarWidget,vftable_for_ButtonListener,005be6dc,3,0xc,vfunction4,004707f0,Sexy::ScrollbarWidget::vfunction4_for_ButtonListener
Sexy::ScrollbarWidget,vftable_for_ButtonListener,005be6dc,4,0x10,vfunction5,0046c690,Sexy::ResourceManager::vfunction14
Sexy::ScrollbarWidget,vftable_for_ButtonListener,005be6dc,5,0x14,vfunction6,0046c690,Sexy::ResourceManager::vfunction14
Sexy::ScrollbarWidget,vftable_for_ButtonListener,005be6dc,6,0x18,vfunction7,0049b300,Sexy::Image::vfunction3
Sexy::ScrollbuttonWidget,vftable,005be6fc,0,0x0,vfunction1,0046fac0,Sexy::ScrollbuttonWidget::deleting_destructor
Sexy::ScrollbuttonWidget,vftable,005be6fc,1,0x4,vfunction2,0046b5b0,Sexy::WidgetContainer::vfunction2
Sexy::ScrollbuttonWidget,vftable,005be6fc,2,0x8,vfunction3,0046b5d0,Sexy::WidgetContainer::vfunction3
Sexy::ScrollbuttonWidget,vftable,005be6fc,3,0xc,vfunction4,0046b640,Sexy::WidgetContainer::vfunction4
Sexy::ScrollbuttonWidget,vftable,005be6fc,4,0x10,vfunction5,0046b760,Sexy::WidgetContainer::vfunction5
Sexy::ScrollbuttonWidget,vftable,005be6fc,5,0x14,vfunction6,0046b700,Sexy::WidgetContainer::vfunction6
Sexy::ScrollbuttonWidget,vftable,005be6fc,6,0x18,vfunction7,0046c690,Sexy::ResourceManager::vfunction14
Sexy::ScrollbuttonWidget,vftable,005be6fc,7,0x1c,vfunction8,0046b550,Sexy::WidgetContainer::vfunction8
Sexy::ScrollbuttonWidget,vftable,005be6fc,8,0x20,vfunction9,0046c690,Sexy::ResourceManager::vfunction14
Sexy::ScrollbuttonWidget,vftable,005be6fc,9,0x24,vfunction10,0046ba90,Sexy::WidgetContainer::vfunction10
Sexy::ScrollbuttonWidget,vftable,005be6fc,10,0x28,vfunction11,0046bab0,Sexy::WidgetContainer::vfunction11
Sexy::ScrollbuttonWidget,vftable,005be6fc,11,0x2c,vfunction12,0046bc50,Sexy::WidgetContainer::vfunction12
Sexy::ScrollbuttonWidget,vftable,005be6fc,12,0x30,vfunction13,0046bd20,Sexy::WidgetContainer::vfunction13
Sexy::ScrollbuttonWidget,vftable,005be6fc,13,0x34,vfunction14,0046bdf0,Sexy::WidgetContainer::vfunction14
Sexy::ScrollbuttonWidget,vftable,005be6fc,14,0x38,vfunction15,0046bf00,Sexy::WidgetContainer::vfunction15
Sexy::ScrollbuttonWidget,vftable,005be6fc,15,0x3c,vfunction16,0046c030,Sexy::WidgetContainer::vfunction16
Sexy::ScrollbuttonWidget,vftable,005be6fc,16,0x40,vfunction17,0046c430,Sexy::WidgetContainer::vfunction17
Sexy::ScrollbuttonWidget,vftable,005be6fc,17,0x44,vfunction18,0046c180,Sexy::WidgetContainer::vfunction18
Sexy::ScrollbuttonWidget,vftable,005be6fc,18,0x48,vfunction19,0046c1c0,Sexy::WidgetContainer::vfunction19
Sexy::ScrollbuttonWidget,vftable,005be6fc,19,0x4c,vfunction20,0046c1a0,Sexy::WidgetContainer::vfunction20
Sexy::ScrollbuttonWidget,vftable,005be6fc,20,0x50,vfunction21,0046c090,Sexy::WidgetContainer::vfunction21
Sexy::ScrollbuttonWidget,vftable,005be6fc,21,0x54,vfunction22,0046c100,Sexy::WidgetContainer::vfunction22
Sexy::ScrollbuttonWidget,vftable,005be6fc,22,0x58,vfunction23,00475b60,Sexy::ButtonWidget::vfunction23
Sexy::ScrollbuttonWidget,vftable,005be6fc,23,0x5c,vfunction24,0046c500,Sexy::WidgetContainer::vfunction24
Sexy::ScrollbuttonWidget,vftable,005be6fc,24,0x60,vfunction25,0046c690,Sexy::ResourceManager::vfunction14
Sexy::ScrollbuttonWidget,vftable,005be6fc,25,0x64,vfunction26,0046c6a0,Sexy::WidgetContainer::vfunction26
Sexy::ScrollbuttonWidget,vftable,005be6fc,26,0x68,vfunction27,0046faf0,Sexy::ScrollbuttonWidget::vfunction27
Sexy::ScrollbuttonWidget,vftable,005be6fc,27,0x6c,vfunction28,0046c7f0,Sexy::WidgetContainer::vfunction28
Sexy::ScrollbuttonWidget,vftable,005be6fc,28,0x70,vfunction29,0046c9c0,Sexy::WidgetContainer::vfunction29
Sexy::ScrollbuttonWidget,vftable,005be6fc,29,0x74,vfunction30,00486bf0,Sexy::ResourceManager::BaseRes::vfunction2
Sexy::ScrollbuttonWidget,vftable,005be6fc,30,0x78,vfunction31,00486bf0,Sexy::ResourceManager::BaseRes::vfunction2
Sexy::ScrollbuttonWidget,vftable,005be6fc,31,0x7c,vfunction32,0046de80,Sexy::Widget::vfunction32
Sexy::ScrollbuttonWidget,vftable,005be6fc,32,0x80,vfunction33,0046df70,Sexy::Widget::vfunction33
Sexy::ScrollbuttonWidget,vftable,005be6fc,33,0x84,vfunction34,0046ded0,Sexy::Widget::vfunction34
Sexy::ScrollbuttonWidget,vftable,005be6fc,34,0x88,vfunction35,0046e010,Sexy::Widget::vfunction35
Sexy::ScrollbuttonWidget,vftable,005be6fc,35,0x8c,vfunction36,0046e130,Sexy::Widget::vfunction36
Sexy::ScrollbuttonWidget,vftable,005be6fc,36,0x90,vfunction37,0046e0c0,Sexy::Widget::vfunction37
Sexy::ScrollbuttonWidget,vftable,005be6fc,37,0x94,vfunction38,00475900,Sexy::ButtonWidget::vfunction38
Sexy::ScrollbuttonWidget,vftable,005be6fc,38,0x98,vfunction39,0046e370,Sexy::Widget::vfunction39
Sexy::ScrollbuttonWidget,vftable,005be6fc,39,0x9c,vfunction40,0046e210,Sexy::Widget::vfunction40
Sexy::ScrollbuttonWidget,vftable,005be6fc,40,0xa0,vfunction41,0046e1b0,Sexy::Widget::vfunction41
Sexy::ScrollbuttonWidget,vftable,005be6fc,41,0xa4,vfunction42,0046e240,Sexy::Widget::vfunction42
Sexy::ScrollbuttonWidget,vftable,005be6fc,42,0xa8,vfunction43,0046e260,Sexy::Widget::vfunction43
Sexy::ScrollbuttonWidget,vftable,005be6fc,43,0xac,vfunction44,0046deb0,Sexy::Widget::vfunction44
Sexy::ScrollbuttonWidget,vftable,005be6fc,44,0xb0,vfunction45,0046c690,Sexy::ResourceManager::vfunction14
Sexy::ScrollbuttonWidget,vftable,005be6fc,45,0xb4,vfunction46,0046e2f0,Sexy::Widget::vfunction46
Sexy::ScrollbuttonWidget,vftable,005be6fc,46,0xb8,vfunction47,0046e300,Sexy::Widget::vfunction47
Sexy::ScrollbuttonWidget,vftable,005be6fc,47,0xbc,vfunction48,0046c690,Sexy::ResourceManager::vfunction14
Sexy::ScrollbuttonWidget,vftable,005be6fc,48,0xc0,vfunction49,0046e320,Sexy::Widget::vfunction49
Sexy::ScrollbuttonWidget,vftable,005be6fc,49,0xc4,vfunction50,0046c690,Sexy::ResourceManager::vfunction14
Sexy::ScrollbuttonWidget,vftable,005be6fc,50,0xc8,vfunction51,00475930,Sexy::ButtonWidget::vfunction51
Sexy::ScrollbuttonWidget,vftable,005be6fc,51,0xcc,vfunction52,004759e0,Sexy::ButtonWidget::vfunction52
Sexy::ScrollbuttonWidget,vftable,005be6fc,52,0xd0,vfunction53,00475ac0,Sexy::ButtonWidget::vfunction53
Sexy::ScrollbuttonWidget,vftable,005be6fc,53,0xd4,vfunction54,00475af0,Sexy::ButtonWidget::vfunction54
Sexy::ScrollbuttonWidget,vftable,005be6fc,54,0xd8,vfunction55,0046e3a0,thunk 00470b50 -> Sexy::Widget::vfunction55
Sexy::ScrollbuttonWidget,vftable,005be6fc,55,0xdc,vfunction56,00475b20,Sexy::ButtonWidget::vfunction56
Sexy::ScrollbuttonWidget,vftable,005be6fc,56,0xe0,vfunction57,0046e410,thunk 0046eb40 -> Sexy::Widget::vfunction57
Sexy::ScrollbuttonWidget,vftable,005be6fc,57,0xe4,vfunction58,0046eb50,Sexy::DialogListener::vfunction1
Sexy::ScrollbuttonWidget,vftable,005be6fc,58,0xe8,vfunction59,0046eb50,Sexy::DialogListener::vfunction1
Sexy::ScrollbuttonWidget,vftable,005be6fc,59,0xec,vfunction60,0046c690,Sexy::ResourceManager::vfunction14
Sexy::ScrollbuttonWidget,vftable,005be6fc,60,0xf0,vfunction61,0046de70,Sexy::Widget::vfunction61
Sexy::ScrollbuttonWidget,vftable,005be6fc,61,0xf4,vfunction62,0046e500,Sexy::Widget::vfunction62
Sexy::ScrollbuttonWidget,vftable,005be6fc,62,0xf8,vfunction63,0046e480,Sexy::Widget::vfunction63
Sexy::ScrollbuttonWidget,vftable,005be6fc,63,0xfc,vfunction64,0046e620,Sexy::Widget::vfunction64
Sexy::ScrollbuttonWidget,vftable,005be6fc,64,0x100,vfunction65,0046e670,Sexy::Widget::vfunction65
Sexy::ScrollbuttonWidget,vftable,005be6fc,65,0x104,vfunction66,0046e6b0,Sexy::Widget::vfunction66
Sexy::ScrollbuttonWidget,vftable,005be6fc,66,0x108,vfunction67,0046e6d0,Sexy::Widget::vfunction67
Sexy::ScrollbuttonWidget,vftable,005be6fc,67,0x10c,vfunction68,0046e700,Sexy::Widget::vfunction68
Sexy::ScrollbuttonWidget,vftable,005be6fc,68,0x110,vfunction69,0046e800,Sexy::Widget::vfunction69
Sexy::ScrollbuttonWidget,vftable,005be6fc,69,0x114,vfunction70,0046e840,Sexy::Widget::vfunction70
Sexy::ScrollbuttonWidget,vftable,005be6fc,70,0x118,vfunction71,004752e0,Sexy::ButtonWidget::vfunction71
Sexy::ScrollbuttonWidget,vftable,005be6fc,71,0x11c,vfunction72,00475270,Sexy::ButtonWidget::vfunction72
Sexy::ScrollbuttonWidget,vftable,005be6fc,72,0x120,vfunction73,004752a0,Sexy::ButtonWidget::vfunction73
Sexy::Slider,vftable,005be824,0,0x0,vfunction1,0046dd30,Sexy::Slider::deleting_destructor
Sexy::Slider,vftable,005be824,1,0x4,vfunction2,0046b5b0,Sexy::WidgetContainer::vfunction2
Sexy::Slider,vftable,005be824,2,0x8,vfunction3,0046b5d0,Sexy::WidgetContainer::vfunction3
Sexy::Slider,vftable,005be824,3,0xc,vfunction4,0046b640,Sexy::WidgetContainer::vfunction4
Sexy::Slider,vftable,005be824,4,0x10,vfunction5,0046b760,Sexy::WidgetContainer::vfunction5
Sexy::Slider,vftable,005be824,5,0x14,vfunction6,0046b700,Sexy::WidgetContainer::vfunction6
Sexy::Slider,vftable,005be824,6,0x18,vfunction7,0046c690,Sexy::ResourceManager::vfunction14
Sexy::Slider,vftable,005be824,7,0x1c,vfunction8,0046b550,Sexy::WidgetContainer::vfunction8
Sexy::Slider,vftable,005be824,8,0x20,vfunction9,0046c690,Sexy::ResourceManager::vfunction14
Sexy::Slider,vftable,005be824,9,0x24,vfunction10,0046ba90,Sexy::WidgetContainer::vfunction10
Sexy::Slider,vftable,005be824,10,0x28,vfunction11,0046bab0,Sexy::WidgetContainer::vfunction11
Sexy::Slider,vftable,005be824,11,0x2c,vfunction12,0046bc50,Sexy::WidgetContainer::vfunction12
Sexy::Slider,vftable,005be824,12,0x30,vfunction13,0046bd20,Sexy::WidgetContainer::vfunction13
Sexy::Slider,vftable,005be824,13,0x34,vfunction14,0046bdf0,Sexy::WidgetContainer::vfunction14
Sexy::Slider,vftable,005be824,14,0x38,vfunction15,0046bf00,Sexy::WidgetContainer::vfunction15
Sexy::Slider,vftable,005be824,15,0x3c,vfunction16,0046c030,Sexy::WidgetContainer::vfunction16
Sexy::Slider,vftable,005be824,16,0x40,vfunction17,0046c430,Sexy::WidgetContainer::vfunction17
Sexy::Slider,vftable,005be824,17,0x44,vfunction18,0046c180,Sexy::WidgetContainer::vfunction18
Sexy::Slider,vftable,005be824,18,0x48,vfunction19,0046c1c0,Sexy::WidgetContainer::vfunction19
Sexy::Slider,vftable,005be824,19,0x4c,vfunction20,0046c1a0,Sexy::WidgetContainer::vfunction20
Sexy::Slider,vftable,005be824,20,0x50,vfunction21,0046c090,Sexy::WidgetContainer::vfunction21
Sexy::Slider,vftable,005be824,21,0x54,vfunction22,0046c100,Sexy::WidgetContainer::vfunction22
Sexy::Slider,vftable,005be824,22,0x58,vfunction23,0046c4f0,thunk 0046e310 -> Sexy::WidgetContainer::vfunction23
Sexy::Slider,vftable,005be824,23,0x5c,vfunction24,0046c500,Sexy::WidgetContainer::vfunction24
Sexy::Slider,vftable,005be824,24,0x60,vfunction25,0046c690,Sexy::ResourceManager::vfunction14
Sexy::Slider,vftable,005be824,25,0x64,vfunction26,0046c6a0,Sexy::WidgetContainer::vfunction26
Sexy::Slider,vftable,005be824,26,0x68,vfunction27,0046f410,Sexy::Slider::vfunction27
Sexy::Slider,vftable,005be824,27,0x6c,vfunction28,0046c7f0,Sexy::WidgetContainer::vfunction28
Sexy::Slider,vftable,005be824,28,0x70,vfunction29,0046c9c0,Sexy::WidgetContainer::vfunction29
Sexy::Slider,vftable,005be824,29,0x74,vfunction30,00486bf0,Sexy::ResourceManager::BaseRes::vfunction2
Sexy::Slider,vftable,005be824,30,0x78,vfunction31,00486bf0,Sexy::ResourceManager::BaseRes::vfunction2
Sexy::Slider,vftable,005be824,31,0x7c,vfunction32,0046de80,Sexy::Widget::vfunction32
Sexy::Slider,vftable,005be824,32,0x80,vfunction33,0046df70,Sexy::Widget::vfunction33
Sexy::Slider,vftable,005be824,33,0x84,vfunction34,0046ded0,Sexy::Widget::vfunction34
Sexy::Slider,vftable,005be824,34,0x88,vfunction35,0046e010,Sexy::Widget::vfunction35
Sexy::Slider,vftable,005be824,35,0x8c,vfunction36,0046e130,Sexy::Widget::vfunction36
Sexy::Slider,vftable,005be824,36,0x90,vfunction37,0046e0c0,Sexy::Widget::vfunction37
Sexy::Slider,vftable,005be824,37,0x94,vfunction38,0046e270,Sexy::Widget::vfunction38
Sexy::Slider,vftable,005be824,38,0x98,vfunction39,0046e370,Sexy::Widget::vfunction39
Sexy::Slider,vftable,005be824,39,0x9c,vfunction40,0046e210,Sexy::Widget::vfunction40
Sexy::Slider,vftable,005be824,40,0xa0,vfunction41,0046e1b0,Sexy::Widget::vfunction41
Sexy::Slider,vftable,005be824,41,0xa4,vfunction42,0046e240,Sexy::Widget::vfunction42
Sexy::Slider,vftable,005be824,42,0xa8,vfunction43,0046e260,Sexy::Widget::vfunction43
Sexy::Slider,vftable,005be824,43,0xac,vfunction44,0046deb0,Sexy::Widget::vfunction44
Sexy::Slider,vftable,005be824,44,0xb0,vfunction45,0046c690,Sexy::ResourceManager::vfunction14
Sexy::Slider,vftable,005be824,45,0xb4,vfunction46,0046e2f0,Sexy::Widget::vfunction46
Sexy::Slider,vftable,005be824,46,0xb8,vfunction47,0046e300,Sexy::Widget::vfunction47
Sexy::Slider,vftable,005be824,47,0xbc,vfunction48,0046c690,Sexy::ResourceManager::vfunction14
Sexy::Slider,vftable,005be824,48,0xc0,vfunction49,0046e320,Sexy::Widget::vfunction49
Sexy::Slider,vftable,005be824,49,0xc4,vfunction50,0046c690,Sexy::ResourceManager::vfunction14
Sexy::Slider,vftable,005be824,50,0xc8,vfunction51,00486bf0,Sexy::ResourceManager::BaseRes::vfunction2
Sexy::Slider,vftable,005be824,51,0xcc,vfunction52,0046fa80,Sexy::Slider::vfunction52
Sexy::Slider,vftable,005be824,52,0xd0,vfunction53,0046f880,Sexy::Slider::vfunction53
Sexy::Slider,vftable,005be824,53,0xd4,vfunction54,0046e400,Sexy::MusicInterface::vfunction13
Sexy::Slider,vftable,005be824,54,0xd8,vfunction55,0046f770,Sexy::Slider::vfunction55
Sexy::Slider,vftable,005be824,55,0xdc,vfunction56,0046e400,Sexy::MusicInterface::vfunction13
Sexy::Slider,vftable,005be824,56,0xe0,vfunction57,0046e410,Sexy::Widget::vfunction57
Sexy::Slider,vftable,005be824,57,0xe4,vfunction58,0046fa40,Sexy::Slider::vfunction58
Sexy::Slider,vftable,005be824,58,0xe8,vfunction59,0046f950,Sexy::Slider::vfunction59
Sexy::Slider,vftable,005be824,59,0xec,vfunction60,0046c690,Sexy::ResourceManager::vfunction14
Sexy::Slider,vftable,005be824,60,0xf0,vfunction61,0046de70,Sexy::Widget::vfunction61
Sexy::Slider,vftable,005be824,61,0xf4,vfunction62,0046e500,Sexy::Widget::vfunction62
Sexy::Slider,vftable,005be824,62,0xf8,vfunction63,0046e480,Sexy::Widget::vfunction63
Sexy::Slider,vftable,005be824,63,0xfc,vfunction64,0046e620,Sexy::Widget::vfunction64
Sexy::Slider,vftable,005be824,64,0x100,vfunction65,0046e670,Sexy::Widget::vfunction65
Sexy::Slider,vftable,005be824,65,0x104,vfunction66,0046e6b0,Sexy::Widget::vfunction66
Sexy::Slider,vftable,005be824,66,0x108,vfunction67,0046e6d0,Sexy::Widget::vfunction67
Sexy::Slider,vftable,005be824,67,0x10c,vfunction68,0046e700,Sexy::Widget::vfunction68
Sexy::Slider,vftable,005be824,68,0x110,vfunction69,0046e800,Sexy::Widget::vfunction69
Sexy::Slider,vftable,005be824,69,0x114,vfunction70,0046e840,Sexy::Widget::vfunction70
Sexy::Slider,vftable,005be824,70,0x118,vfunction71,0046f3c0,Sexy::Slider::vfunction71
Sexy::Slider,vftable,005be824,71,0x11c,vfunction72,00401b20,"std::codecvt<char,char,int>::vfunction2"
Sexy::ListWidget,vftable_for_Widget,005be94c,0,0x0,vfunction1,00470c90,Sexy::ListWidget::deleting_destructor_for_Widget
Sexy::ListWidget,vftable_for_Widget,005be94c,1,0x4,vfunction2,0046b5b0,Sexy::WidgetContainer::vfunction2
Sexy::ListWidget,vftable_for_Widget,005be94c,2,0x8,vfunction3,0046b5d0,Sexy::WidgetContainer::vfunction3
Sexy::ListWidget,vftable_for_Widget,005be94c,3,0xc,vfunction4,0046b640,Sexy::WidgetContainer::vfunction4
Sexy::ListWidget,vftable_for_Widget,005be94c,4,0x10,vfunction5,0046b760,Sexy::WidgetContainer::vfunction5
Sexy::ListWidget,vftable_for_Widget,005be94c,5,0x14,vfunction6,0046b700,Sexy::WidgetContainer::vfunction6
Sexy::ListWidget,vftable_for_Widget,005be94c,6,0x18,vfunction7,0046c690,Sexy::ResourceManager::vfunction14
Sexy::ListWidget,vftable_for_Widget,005be94c,7,0x1c,vfunction8,0046b550,Sexy::WidgetContainer::vfunction8
Sexy::ListWidget,vftable_for_Widget,005be94c,8,0x20,vfunction9,0046c690,Sexy::ResourceManager::vfunction14
Sexy::ListWidget,vftable_for_Widget,005be94c,9,0x24,vfunction10,0046ba90,Sexy::WidgetContainer::vfunction10
Sexy::ListWidget,vftable_for_Widget,005be94c,10,0x28,vfunction11,0046bab0,Sexy::WidgetContainer::vfunction11
Sexy::ListWidget,vftable_for_Widget,005be94c,11,0x2c,vfunction12,0046bc50,Sexy::WidgetContainer::vfunction12
Sexy::ListWidget,vftable_for_Widget,005be94c,12,0x30,vfunction13,0046bd20,Sexy::WidgetContainer::vfunction13
Sexy::ListWidget,vftable_for_Widget,005be94c,13,0x34,vfunction14,0046bdf0,Sexy::WidgetContainer::vfunction14
Sexy::ListWidget,vftable_for_Widget,005be94c,14,0x38,vfunction15,0046bf00,Sexy::WidgetContainer::vfunction15
Sexy::ListWidget,vftable_for_Widget,005be94c,15,0x3c,vfunction16,0046c030,Sexy::WidgetContainer::vfunction16
Sexy::ListWidget,vftable_for_Widget,005be94c,16,0x40,vfunction17,0046c430,Sexy::WidgetContainer::vfunction17
Sexy::ListWidget,vftable_for_Widget,005be94c,17,0x44,vfunction18,0046c180,Sexy::WidgetContainer::vfunction18
Sexy::ListWidget,vftable_for_Widget,005be94c,18,0x48,vfunction19,0046c1c0,Sexy::WidgetContainer::vfunction19
Sexy::ListWidget,vftable_for_Widget,005be94c,19,0x4c,vfunction20,0046c1a0,Sexy::WidgetContainer::vfunction20
Sexy::ListWidget,vftable_for_Widget,005be94c,20,0x50,vfunction21,0046c090,Sexy::WidgetContainer::vfunction21
Sexy::ListWidget,vftable_for_Widget,005be94c,21,0x54,vfunction22,00470d40,Sexy::ListWidget::vfunction22_for_Widget
Sexy::ListWidget,vftable_for_Widget,005be94c,22,0x58,vfunction23,0046c4f0,thunk 0046e310 -> Sexy::WidgetContainer::vfunction23
Sexy::ListWidget,vftable_for_Widget,005be94c,23,0x5c,vfunction24,0046c500,Sexy::WidgetContainer::vfunction24
Sexy::ListWidget,vftable_for_Widget,005be94c,24,0x60,vfunction25,0046c690,Sexy::ResourceManager::vfunction14
Sexy::ListWidget,vftable_for_Widget,005be94c,25,0x64,vfunction26,0046c6a0,Sexy::WidgetContainer::vfunction26
Sexy::ListWidget,vftable_for_Widget,005be94c,26,0x68,vfunction27,00472190,Sexy::ListWidget::vfunction27_for_Widget
Sexy::ListWidget,vftable_for_Widget,005be94c,27,0x6c,vfunction28,0046c7f0,Sexy::WidgetContainer::vfunction28
Sexy::ListWidget,vftable_for_Widget,005be94c,28,0x70,vfunction29,0046c9c0,Sexy::WidgetContainer::vfunction29
Sexy::ListWidget,vftable_for_Widget,005be94c,29,0x74,vfunction30,00486bf0,Sexy::ResourceManager::BaseRes::vfunction2
Sexy::ListWidget,vftable_for_Widget,005be94c,30,0x78,vfunction31,00472140,Sexy::ListWidget::vfunction31_for_Widget
Sexy::ListWidget,vftable_for_Widget,005be94c,31,0x7c,vfunction32,0046de80,Sexy::Widget::vfunction32
Sexy::ListWidget,vftable_for_Widget,005be94c,32,0x80,vfunction33,0046df70,Sexy::Widget::vfunction33
Sexy::ListWidget,vftable_for_Widget,005be94c,33,0x84,vfunction34,0046ded0,Sexy::Widget::vfunction34
Sexy::ListWidget,vftable_for_Widget,005be94c,34,0x88,vfunction35,0046e010,thunk 00471b90 -> Sexy::Widget::vfunction35
Sexy::ListWidget,vftable_for_Widget,005be94c,35,0x8c,vfunction36,0046e130,Sexy::Widget::vfunction36
Sexy::ListWidget,vftable_for_Widget,005be94c,36,0x90,vfunction37,0046e0c0,Sexy::Widget::vfunction37
Sexy::ListWidget,vftable_for_Widget,005be94c,37,0x94,vfunction38,0046e270,Sexy::Widget::vfunction38
Sexy::ListWidget,vftable_for_Widget,005be94c,38,0x98,vfunction39,0046e370,Sexy::Widget::vfunction39
Sexy::ListWidget,vftable_for_Widget,005be94c,39,0x9c,vfunction40,0046e210,Sexy::Widget::vfunction40
Sexy::ListWidget,vftable_for_Widget,005be94c,40,0xa0,vfunction41,004714e0,Sexy::ListWidget::vfunction41_for_Widget
Sexy::ListWidget,vftable_for_Widget,005be94c,41,0xa4,vfunction42,0046e240,Sexy::Widget::vfunction42
Sexy::ListWidget,vftable_for_Widget,005be94c,42,0xa8,vfunction43,0046e260,Sexy::Widget::vfunction43
Sexy::ListWidget,vftable_for_Widget,005be94c,43,0xac,vfunction44,0046deb0,Sexy::Widget::vfunction44
Sexy::ListWidget,vftable_for_Widget,005be94c,44,0xb0,vfunction45,0046c690,Sexy::ResourceManager::vfunction14
Sexy::ListWidget,vftable_for_Widget,005be94c,45,0xb4,vfunction46,0046e2f0,Sexy::Widget::vfunction46
Sexy::ListWidget,vftable_for_Widget,005be94c,46,0xb8,vfunction47,0046e300,Sexy::Widget::vfunction47
Sexy::ListWidget,vftable_for_Widget,005be94c,47,0xbc,vfunction48,0046c690,Sexy::ResourceManager::vfunction14
Sexy::ListWidget,vftable_for_Widget,005be94c,48,0xc0,vfunction49,0046e320,Sexy::Widget::vfunction49
Sexy::ListWidget,vftable_for_Widget,005be94c,49,0xc4,vfunction50,0046c690,Sexy::ResourceManager::vfunction14
Sexy::ListWidget,vftable_for_Widget,005be94c,50,0xc8,vfunction51,00486bf0,Sexy::ResourceManager::BaseRes::vfunction2
Sexy::ListWidget,vftable_for_Widget,005be94c,51,0xcc,vfunction52,004727e0,Sexy::ListWidget::vfunction52_for_Widget
Sexy::ListWidget,vftable_for_Widget,005be94c,52,0xd0,vfunction53,004726b0,Sexy::ListWidget::vfunction53_for_Widget
Sexy::ListWidget,vftable_for_Widget,005be94c,53,0xd4,vfunction54,004727a0,Sexy::ListWidget::vfunction54_for_Widget
Sexy::ListWidget,vftable_for_Widget,005be94c,54,0xd8,vfunction55,0046e3a0,thunk 00470b50 -> Sexy::Widget::vfunction55
Sexy::ListWidget,vftable_for_Widget,005be94c,55,0xdc,vfunction56,0046e400,Sexy::MusicInterface::vfunction13
Sexy::ListWidget,vftable_for_Widget,005be94c,56,0xe0,vfunction57,0046e410,Sexy::Widget::vfunction57
Sexy::ListWidget,vftable_for_Widget,005be94c,57,0xe4,vfunction58,0046eb50,Sexy::DialogListener::vfunction1
Sexy::ListWidget,vftable_for_Widget,005be94c,58,0xe8,vfunction59,0046eb50,Sexy::DialogListener::vfunction1
Sexy::ListWidget,vftable_for_Widget,005be94c,59,0xec,vfunction60,00472870,Sexy::ListWidget::vfunction60_for_Widget
Sexy::ListWidget,vftable_for_Widget,005be94c,60,0xf0,vfunction61,0046de70,Sexy::Widget::vfunction61
Sexy::ListWidget,vftable_for_Widget,005be94c,61,0xf4,vfunction62,0046e500,Sexy::Widget::vfunction62
Sexy::ListWidget,vftable_for_Widget,005be94c,62,0xf8,vfunction63,0046e480,Sexy::Widget::vfunction63
Sexy::ListWidget,vftable_for_Widget,005be94c,63,0xfc,vfunction64,0046e620,Sexy::Widget::vfunction64
Sexy::ListWidget,vftable_for_Widget,005be94c,64,0x100,vfunction65,0046e670,Sexy::Widget::vfunction65
Sexy::ListWidget,vftable_for_Widget,005be94c,65,0x104,vfunction66,0046e6b0,Sexy::Widget::vfunction66
Sexy::ListWidget,vftable_for_Widget,005be94c,66,0x108,vfunction67,0046e6d0,Sexy::Widget::vfunction67
Sexy::ListWidget,vftable_for_Widget,005be94c,67,0x10c,vfunction68,0046e700,Sexy::Widget::vfunction68
Sexy::ListWidget,vftable_for_Widget,005be94c,68,0x110,vfunction69,0046e800,Sexy::Widget::vfunction69
Sexy::ListWidget,vftable_for_Widget,005be94c,69,0x114,vfunction70,0046e840,Sexy::Widget::vfunction70
Sexy::ListWidget,vftable_for_Widget,005be94c,70,0x118,vfunction71,00470d80,Sexy::ListWidget::vfunction71_for_Widget
Sexy::ListWidget,vftable_for_Widget,005be94c,71,0x11c,vfunction72,00470fb0,Sexy::ListWidget::vfunction72_for_Widget
Sexy::ListWidget,vftable_for_Widget,005be94c,72,0x120,vfunction73,00471460,Sexy::ListWidget::vfunction73_for_Widget
Sexy::ListWidget,vftable_for_Widget,005be94c,73,0x124,vfunction74,00471580,Sexy::ListWidget::vfunction74_for_Widget
Sexy::ListWidget,vftable_for_Widget,005be94c,74,0x128,vfunction75,004719e0,Sexy::ListWidget::vfunction75_for_Widget
Sexy::ListWidget,vftable_for_Widget,005be94c,75,0x12c,vfunction76,00471a50,Sexy::ListWidget::vfunction76_for_Widget
Sexy::ListWidget,vftable_for_Widget,005be94c,76,0x130,vfunction77,00471a80,Sexy::ListWidget::vfunction77_for_Widget
Sexy::ListWidget,vftable_for_Widget,005be94c,77,0x134,vfunction78,00471b60,Sexy::ListWidget::vfunction78_for_Widget
Sexy::ListWidget,vftable_for_Widget,005be94c,78,0x138,vfunction79,00471ba0,Sexy::ListWidget::vfunction79_for_Widget
Sexy::ListWidget,vftable_for_Widget,005be94c,79,0x13c,vfunction80,00471c60,Sexy::ListWidget::vfunction80_for_Widget
Sexy::ListWidget,vftable_for_Widget,005be94c,80,0x140,vfunction81,00471e30,Sexy::ListWidget::vfunction81_for_Widget
Sexy::ListWidget,vftable_for_Widget,005be94c,81,0x144,vfunction82,00471ff0,Sexy::ListWidget::vfunction82_for_Widget
Sexy::ListWidget,vftable_for_Widget,005be94c,82,0x148,vfunction83,004720e0,Sexy::ListWidget::vfunction83_for_Widget
Sexy::ListWidget,vftable_for_Widget,005be94c,83,0x14c,vfunction84,00472830,Sexy::ListWidget::vfunction84_for_Widget
Sexy::ListWidget,vftable_for_ScrollListener,005beaa0,0,0x0,vfunction1,00472630,Sexy::ListWidget::vfunction1_for_ScrollListener
Sexy::HyperlinkWidget,vftable,005beaac,0,0x0,vfunction1,00476f50,Sexy::DialogButton::deleting_destructor
Sexy::HyperlinkWidget,vftable,005beaac,1,0x4,vfunction2,0046b5b0,Sexy::WidgetContainer::vfunction2
Sexy::HyperlinkWidget,vftable,005beaac,2,0x8,vfunction3,0046b5d0,Sexy::WidgetContainer::vfunction3
Sexy::HyperlinkWidget,vftable,005beaac,3,0xc,vfunction4,0046b640,Sexy::WidgetContainer::vfunction4
Sexy::HyperlinkWidget,vftable,005beaac,4,0x10,vfunction5,0046b760,Sexy::WidgetContainer::vfunction5
Sexy::HyperlinkWidget,vftable,005beaac,5,0x14,vfunction6,0046b700,Sexy::WidgetContainer::vfunction6
Sexy::HyperlinkWidget,vftable,005beaac,6,0x18,vfunction7,0046c690,Sexy::ResourceManager::vfunction14
Sexy::HyperlinkWidget,vftable,005beaac,7,0x1c,vfunction8,0046b550,Sexy::WidgetContainer::vfunction8
Sexy::HyperlinkWidget,vftable,005beaac,8,0x20,vfunction9,0046c690,Sexy::ResourceManager::vfunction14
Sexy::HyperlinkWidget,vftable,005beaac,9,0x24,vfunction10,0046ba90,Sexy::WidgetContainer::vfunction10
Sexy::HyperlinkWidget,vftable,005beaac,10,0x28,vfunction11,0046bab0,Sexy::WidgetContainer::vfunction11
Sexy::HyperlinkWidget,vftable,005beaac,11,0x2c,vfunction12,0046bc50,Sexy::WidgetContainer::vfunction12
Sexy::HyperlinkWidget,vftable,005beaac,12,0x30,vfunction13,0046bd20,Sexy::WidgetContainer::vfunction13
Sexy::HyperlinkWidget,vftable,005beaac,13,0x34,vfunction14,0046bdf0,Sexy::WidgetContainer::vfunction14
Sexy::HyperlinkWidget,vftable,005beaac,14,0x38,vfunction15,0046bf00,Sexy::WidgetContainer::vfunction15
Sexy::HyperlinkWidget,vftable,005beaac,15,0x3c,vfunction16,0046c030,Sexy::WidgetContainer::vfunction16
Sexy::HyperlinkWidget,vftable,005beaac,16,0x40,vfunction17,0046c430,Sexy::WidgetContainer::vfunction17
Sexy::HyperlinkWidget,vftable,005beaac,17,0x44,vfunction18,0046c180,Sexy::WidgetContainer::vfunction18
Sexy::HyperlinkWidget,vftable,005beaac,18,0x48,vfunction19,0046c1c0,Sexy::WidgetContainer::vfunction19
Sexy::HyperlinkWidget,vftable,005beaac,19,0x4c,vfunction20,0046c1a0,Sexy::WidgetContainer::vfunction20
Sexy::HyperlinkWidget,vftable,005beaac,20,0x50,vfunction21,0046c090,Sexy::WidgetContainer::vfunction21
Sexy::HyperlinkWidget,vftable,005beaac,21,0x54,vfunction22,0046c100,Sexy::WidgetContainer::vfunction22
Sexy::HyperlinkWidget,vftable,005beaac,22,0x58,vfunction23,00475b60,Sexy::ButtonWidget::vfunction23
Sexy::HyperlinkWidget,vftable,005beaac,23,0x5c,vfunction24,0046c500,Sexy::WidgetContainer::vfunction24
Sexy::HyperlinkWidget,vftable,005beaac,24,0x60,vfunction25,0046c690,Sexy::ResourceManager::vfunction14
Sexy::HyperlinkWidget,vftable,005beaac,25,0x64,vfunction26,0046c6a0,Sexy::WidgetContainer::vfunction26
Sexy::HyperlinkWidget,vftable,005beaac,26,0x68,vfunction27,00472950,Sexy::HyperlinkWidget::vfunction27
Sexy::HyperlinkWidget,vftable,005beaac,27,0x6c,vfunction28,0046c7f0,Sexy::WidgetContainer::vfunction28
Sexy::HyperlinkWidget,vftable,005beaac,28,0x70,vfunction29,0046c9c0,Sexy::WidgetContainer::vfunction29
Sexy::HyperlinkWidget,vftable,005beaac,29,0x74,vfunction30,00486bf0,Sexy::ResourceManager::BaseRes::vfunction2
Sexy::HyperlinkWidget,vftable,005beaac,30,0x78,vfunction31,00486bf0,Sexy::ResourceManager::BaseRes::vfunction2
Sexy::HyperlinkWidget,vftable,005beaac,31,0x7c,vfunction32,0046de80,Sexy::Widget::vfunction32
Sexy::HyperlinkWidget,vftable,005beaac,32,0x80,vfunction33,0046df70,Sexy::Widget::vfunction33
Sexy::HyperlinkWidget,vftable,005beaac,33,0x84,vfunction34,0046ded0,Sexy::Widget::vfunction34
Sexy::HyperlinkWidget,vftable,005beaac,34,0x88,vfunction35,0046e010,Sexy::Widget::vfunction35
Sexy::HyperlinkWidget,vftable,005beaac,35,0x8c,vfunction36,0046e130,Sexy::Widget::vfunction36
Sexy::HyperlinkWidget,vftable,005beaac,36,0x90,vfunction37,0046e0c0,Sexy::Widget::vfunction37
Sexy::HyperlinkWidget,vftable,005beaac,37,0x94,vfunction38,00475900,Sexy::ButtonWidget::vfunction38
Sexy::HyperlinkWidget,vftable,005beaac,38,0x98,vfunction39,0046e370,Sexy::Widget::vfunction39
Sexy::HyperlinkWidget,vftable,005beaac,39,0x9c,vfunction40,0046e210,Sexy::Widget::vfunction40
Sexy::HyperlinkWidget,vftable,005beaac,40,0xa0,vfunction41,0046e1b0,Sexy::Widget::vfunction41
Sexy::HyperlinkWidget,vftable,005beaac,41,0xa4,vfunction42,0046e240,Sexy::Widget::vfunction42
Sexy::HyperlinkWidget,vftable,005beaac,42,0xa8,vfunction43,0046e260,Sexy::Widget::vfunction43
Sexy::HyperlinkWidget,vftable,005beaac,43,0xac,vfunction44,0046deb0,Sexy::Widget::vfunction44
Sexy::HyperlinkWidget,vftable,005beaac,44,0xb0,vfunction45,0046c690,Sexy::ResourceManager::vfunction14
Sexy::HyperlinkWidget,vftable,005beaac,45,0xb4,vfunction46,0046e2f0,Sexy::Widget::vfunction46
Sexy::HyperlinkWidget,vftable,005beaac,46,0xb8,vfunction47,0046e300,Sexy::Widget::vfunction47
Sexy::HyperlinkWidget,vftable,005beaac,47,0xbc,vfunction48,0046c690,Sexy::ResourceManager::vfunction14
Sexy::HyperlinkWidget,vftable,005beaac,48,0xc0,vfunction49,0046e320,Sexy::Widget::vfunction49
Sexy::HyperlinkWidget,vftable,005beaac,49,0xc4,vfunction50,0046c690,Sexy::ResourceManager::vfunction14
Sexy::HyperlinkWidget,vftable,005beaac,50,0xc8,vfunction51,00472b00,Sexy::HyperlinkWidget::vfunction51
Sexy::HyperlinkWidget,vftable,005beaac,51,0xcc,vfunction52,00472b20,Sexy::HyperlinkWidget::vfunction52
Sexy::HyperlinkWidget,vftable,005beaac,52,0xd0,vfunction53,00475ac0,Sexy::ButtonWidget::vfunction53
Sexy::HyperlinkWidget,vftable,005beaac,53,0xd4,vfunction54,00475af0,Sexy::ButtonWidget::vfunction54
Sexy::HyperlinkWidget,vftable,005beaac,54,0xd8,vfunction55,0046e3a0,thunk 00470b50 -> Sexy::Widget::vfunction55
Sexy::HyperlinkWidget,vftable,005beaac,55,0xdc,vfunction56,00475b20,Sexy::ButtonWidget::vfunction56
Sexy::HyperlinkWidget,vftable,005beaac,56,0xe0,vfunction57,0046e410,thunk 0046eb40 -> Sexy::Widget::vfunction57
Sexy::HyperlinkWidget,vftable,005beaac,57,0xe4,vfunction58,0046eb50,Sexy::DialogListener::vfunction1
Sexy::HyperlinkWidget,vftable,005beaac,58,0xe8,vfunction59,0046eb50,Sexy::DialogListener::vfunction1
Sexy::HyperlinkWidget,vftable,005beaac,59,0xec,vfunction60,0046c690,Sexy::ResourceManager::vfunction14
Sexy::HyperlinkWidget,vftable,005beaac,60,0xf0,vfunction61,0046de70,Sexy::Widget::vfunction61
Sexy::HyperlinkWidget,vftable,005beaac,61,0xf4,vfunction62,0046e500,Sexy::Widget::vfunction62
Sexy::HyperlinkWidget,vftable,005beaac,62,0xf8,vfunction63,0046e480,Sexy::Widget::vfunction63
Sexy::HyperlinkWidget,vftable,005beaac,63,0xfc,vfunction64,0046e620,Sexy::Widget::vfunction64
Sexy::HyperlinkWidget,vftable,005beaac,64,0x100,vfunction65,0046e670,Sexy::Widget::vfunction65
Sexy::HyperlinkWidget,vftable,005beaac,65,0x104,vfunction66,0046e6b0,Sexy::Widget::vfunction66
Sexy::HyperlinkWidget,vftable,005beaac,66,0x108,vfunction67,0046e6d0,Sexy::Widget::vfunction67
Sexy::HyperlinkWidget,vftable,005beaac,67,0x10c,vfunction68,0046e700,Sexy::Widget::vfunction68
Sexy::HyperlinkWidget,vftable,005beaac,68,0x110,vfunction69,0046e800,Sexy::Widget::vfunction69
Sexy::HyperlinkWidget,vftable,005beaac,69,0x114,vfunction70,0046e840,Sexy::Widget::vfunction70
Sexy::HyperlinkWidget,vftable,005beaac,70,0x118,vfunction71,004752e0,Sexy::ButtonWidget::vfunction71
Sexy::HyperlinkWidget,vftable,005beaac,71,0x11c,vfunction72,00475270,Sexy::ButtonWidget::vfunction72
Sexy::HyperlinkWidget,vftable,005beaac,72,0x120,vfunction73,004752a0,Sexy::ButtonWidget::vfunction73
Sexy::EditWidget,vftable,005bebd4,0,0x0,vfunction1,00472c70,Sexy::EditWidget::deleting_destructor
Sexy::EditWidget,vftable,005bebd4,1,0x4,vfunction2,0046b5b0,Sexy::WidgetContainer::vfunction2
Sexy::EditWidget,vftable,005bebd4,2,0x8,vfunction3,0046b5d0,Sexy::WidgetContainer::vfunction3
Sexy::EditWidget,vftable,005bebd4,3,0xc,vfunction4,0046b640,Sexy::WidgetContainer::vfunction4
Sexy::EditWidget,vftable,005bebd4,4,0x10,vfunction5,0046b760,Sexy::WidgetContainer::vfunction5
Sexy::EditWidget,vftable,005bebd4,5,0x14,vfunction6,0046b700,Sexy::WidgetContainer::vfunction6
Sexy::EditWidget,vftable,005bebd4,6,0x18,vfunction7,0046c690,Sexy::ResourceManager::vfunction14
Sexy::EditWidget,vftable,005bebd4,7,0x1c,vfunction8,0046b550,Sexy::WidgetContainer::vfunction8
Sexy::EditWidget,vftable,005bebd4,8,0x20,vfunction9,0046c690,Sexy::ResourceManager::vfunction14
Sexy::EditWidget,vftable,005bebd4,9,0x24,vfunction10,0046ba90,Sexy::WidgetContainer::vfunction10
Sexy::EditWidget,vftable,005bebd4,10,0x28,vfunction11,0046bab0,Sexy::WidgetContainer::vfunction11
Sexy::EditWidget,vftable,005bebd4,11,0x2c,vfunction12,0046bc50,Sexy::WidgetContainer::vfunction12
Sexy::EditWidget,vftable,005bebd4,12,0x30,vfunction13,0046bd20,Sexy::WidgetContainer::vfunction13
Sexy::EditWidget,vftable,005bebd4,13,0x34,vfunction14,0046bdf0,Sexy::WidgetContainer::vfunction14
Sexy::EditWidget,vftable,005bebd4,14,0x38,vfunction15,0046bf00,Sexy::WidgetContainer::vfunction15
Sexy::EditWidget,vftable,005bebd4,15,0x3c,vfunction16,0046c030,Sexy::WidgetContainer::vfunction16
Sexy::EditWidget,vftable,005bebd4,16,0x40,vfunction17,0046c430,Sexy::WidgetContainer::vfunction17
Sexy::EditWidget,vftable,005bebd4,17,0x44,vfunction18,00474d90,Sexy::EditWidget::vfunction18
Sexy::EditWidget,vftable,005bebd4,18,0x48,vfunction19,0046c1c0,Sexy::WidgetContainer::vfunction19
Sexy::EditWidget,vftable,005bebd4,19,0x4c,vfunction20,0046c1a0,Sexy::WidgetContainer::vfunction20
Sexy::EditWidget,vftable,005bebd4,20,0x50,vfunction21,0046c090,Sexy::WidgetContainer::vfunction21
Sexy::EditWidget,vftable,005bebd4,21,0x54,vfunction22,0046c100,Sexy::WidgetContainer::vfunction22
Sexy::EditWidget,vftable,005bebd4,22,0x58,vfunction23,004736d0,Sexy::EditWidget::vfunction23
Sexy::EditWidget,vftable,005bebd4,23,0x5c,vfunction24,0046c500,Sexy::WidgetContainer::vfunction24
Sexy::EditWidget,vftable,005bebd4,24,0x60,vfunction25,0046c690,Sexy::ResourceManager::vfunction14
Sexy::EditWidget,vftable,005bebd4,25,0x64,vfunction26,0046c6a0,Sexy::WidgetContainer::vfunction26
Sexy::EditWidget,vftable,005bebd4,26,0x68,vfunction27,00473070,Sexy::EditWidget::vfunction27
Sexy::EditWidget,vftable,005bebd4,27,0x6c,vfunction28,0046c7f0,Sexy::WidgetContainer::vfunction28
Sexy::EditWidget,vftable,005bebd4,28,0x70,vfunction29,0046c9c0,Sexy::WidgetContainer::vfunction29
Sexy::EditWidget,vftable,005bebd4,29,0x74,vfunction30,00486bf0,Sexy::ResourceManager::BaseRes::vfunction2
Sexy::EditWidget,vftable,005bebd4,30,0x78,vfunction31,00486bf0,Sexy::ResourceManager::BaseRes::vfunction2
Sexy::EditWidget,vftable,005bebd4,31,0x7c,vfunction32,0046de80,Sexy::Widget::vfunction32
Sexy::EditWidget,vftable,005bebd4,32,0x80,vfunction33,0046df70,Sexy::Widget::vfunction33
Sexy::EditWidget,vftable,005bebd4,33,0x84,vfunction34,0046ded0,Sexy::Widget::vfunction34
Sexy::EditWidget,vftable,005bebd4,34,0x88,vfunction35,0046e010,Sexy::Widget::vfunction35
Sexy::EditWidget,vftable,005bebd4,35,0x8c,vfunction36,0046e130,Sexy::Widget::vfunction36
Sexy::EditWidget,vftable,005bebd4,36,0x90,vfunction37,0046e0c0,Sexy::Widget::vfunction37
Sexy::EditWidget,vftable,005bebd4,37,0x94,vfunction38,0046e270,Sexy::Widget::vfunction38
Sexy::EditWidget,vftable,005bebd4,38,0x98,vfunction39,0046e370,Sexy::Widget::vfunction39
Sexy::EditWidget,vftable,005bebd4,39,0x9c,vfunction40,0046e210,Sexy::Widget::vfunction40
Sexy::EditWidget,vftable,005bebd4,40,0xa0,vfunction41,00472ff0,Sexy::EditWidget::vfunction41
Sexy::EditWidget,vftable,005bebd4,41,0xa4,vfunction42,0046e240,Sexy::Widget::vfunction42
Sexy::EditWidget,vftable,005bebd4,42,0xa8,vfunction43,00401b20,"std::codecvt<char,char,int>::vfunction2"
Sexy::EditWidget,vftable,005bebd4,43,0xac,vfunction44,0046deb0,Sexy::Widget::vfunction44
Sexy::EditWidget,vftable,005bebd4,44,0xb0,vfunction45,0046c690,Sexy::ResourceManager::vfunction14
Sexy::EditWidget,vftable,005bebd4,45,0xb4,vfunction46,00473630,Sexy::EditWidget::vfunction46
Sexy::EditWidget,vftable,005bebd4,46,0xb8,vfunction47,00473690,Sexy::EditWidget::vfunction47
Sexy::EditWidget,vftable,005bebd4,47,0xbc,vfunction48,004747f0,Sexy::EditWidget::vfunction48
Sexy::EditWidget,vftable,005bebd4,48,0xc0,vfunction49,004747a0,Sexy::EditWidget::vfunction49
Sexy::EditWidget,vftable,005bebd4,49,0xc4,vfunction50,0046c690,Sexy::ResourceManager::vfunction14
Sexy::EditWidget,vftable,005bebd4,50,0xc8,vfunction51,00474d70,Sexy::EditWidget::vfunction51
Sexy::EditWidget,vftable,005bebd4,51,0xcc,vfunction52,00474d80,Sexy::EditWidget::vfunction52
Sexy::EditWidget,vftable,005bebd4,52,0xd0,vfunction53,0046eb50,Sexy::DialogListener::vfunction1
Sexy::EditWidget,vftable,005bebd4,53,0xd4,vfunction54,00474b50,Sexy::EditWidget::vfunction54
Sexy::EditWidget,vftable,005bebd4,54,0xd8,vfunction55,0046e3a0,thunk 00470b50 -> Sexy::Widget::vfunction55
Sexy::EditWidget,vftable,005bebd4,55,0xdc,vfunction56,00474bc0,Sexy::EditWidget::vfunction56
Sexy::EditWidget,vftable,005bebd4,56,0xe0,vfunction57,0046e410,thunk 0046eb40 -> Sexy::Widget::vfunction57
Sexy::EditWidget,vftable,005bebd4,57,0xe4,vfunction58,0046eb50,Sexy::DialogListener::vfunction1
Sexy::EditWidget,vftable,005bebd4,58,0xe8,vfunction59,00474d20,Sexy::EditWidget::vfunction59
Sexy::EditWidget,vftable,005bebd4,59,0xec,vfunction60,0046c690,Sexy::ResourceManager::vfunction14
Sexy::EditWidget,vftable,005bebd4,60,0xf0,vfunction61,0046de70,Sexy::Widget::vfunction61
Sexy::EditWidget,vftable,005bebd4,61,0xf4,vfunction62,0046e500,Sexy::Widget::vfunction62
Sexy::EditWidget,vftable,005bebd4,62,0xf8,vfunction63,0046e480,Sexy::Widget::vfunction63
Sexy::EditWidget,vftable,005bebd4,63,0xfc,vfunction64,0046e620,Sexy::Widget::vfunction64
Sexy::EditWidget,vftable,005bebd4,64,0x100,vfunction65,0046e670,Sexy::Widget::vfunction65
Sexy::EditWidget,vftable,005bebd4,65,0x104,vfunction66,0046e6b0,Sexy::Widget::vfunction66
Sexy::EditWidget,vftable,005bebd4,66,0x108,vfunction67,0046e6d0,Sexy::Widget::vfunction67
Sexy::EditWidget,vftable,005bebd4,67,0x10c,vfunction68,0046e700,Sexy::Widget::vfunction68
Sexy::EditWidget,vftable,005bebd4,68,0x110,vfunction69,0046e800,Sexy::Widget::vfunction69
Sexy::EditWidget,vftable,005bebd4,69,0x114,vfunction70,0046e840,Sexy::Widget::vfunction70
Sexy::EditWidget,vftable,005bebd4,70,0x118,vfunction71,00473930,Sexy::EditWidget::vfunction71
Sexy::EditWidget,vftable,005bebd4,71,0x11c,vfunction72,00474c30,Sexy::EditWidget::vfunction72
Sexy::EditWidget,vftable,005bebd4,72,0x120,vfunction73,00473020,Sexy::EditWidget::vfunction73
Sexy::EditWidget,vftable,005bebd4,73,0x124,vfunction74,00472eb0,Sexy::EditWidget::vfunction74
Sexy::EditWidget,vftable,005bebd4,74,0x128,vfunction75,004738f0,Sexy::EditWidget::vfunction75
Sexy::EditWidget,vftable,005bebd4,75,0x12c,vfunction76,00474810,Sexy::EditWidget::vfunction76
Sexy::EditWidget,vftable,005bebd4,76,0x130,vfunction77,00474960,Sexy::EditWidget::vfunction77
Sexy::Checkbox,vftable,005bed0c,0,0x0,vfunction1,0046dd30,Sexy::Slider::deleting_destructor
Sexy::Checkbox,vftable,005bed0c,1,0x4,vfunction2,0046b5b0,Sexy::WidgetContainer::vfunction2
Sexy::Checkbox,vftable,005bed0c,2,0x8,vfunction3,0046b5d0,Sexy::WidgetContainer::vfunction3
Sexy::Checkbox,vftable,005bed0c,3,0xc,vfunction4,0046b640,Sexy::WidgetContainer::vfunction4
Sexy::Checkbox,vftable,005bed0c,4,0x10,vfunction5,0046b760,Sexy::WidgetContainer::vfunction5
Sexy::Checkbox,vftable,005bed0c,5,0x14,vfunction6,0046b700,Sexy::WidgetContainer::vfunction6
Sexy::Checkbox,vftable,005bed0c,6,0x18,vfunction7,0046c690,Sexy::ResourceManager::vfunction14
Sexy::Checkbox,vftable,005bed0c,7,0x1c,vfunction8,0046b550,Sexy::WidgetContainer::vfunction8
Sexy::Checkbox,vftable,005bed0c,8,0x20,vfunction9,0046c690,Sexy::ResourceManager::vfunction14
Sexy::Checkbox,vftable,005bed0c,9,0x24,vfunction10,0046ba90,Sexy::WidgetContainer::vfunction10
Sexy::Checkbox,vftable,005bed0c,10,0x28,vfunction11,0046bab0,Sexy::WidgetContainer::vfunction11
Sexy::Checkbox,vftable,005bed0c,11,0x2c,vfunction12,0046bc50,Sexy::WidgetContainer::vfunction12
Sexy::Checkbox,vftable,005bed0c,12,0x30,vfunction13,0046bd20,Sexy::WidgetContainer::vfunction13
Sexy::Checkbox,vftable,005bed0c,13,0x34,vfunction14,0046bdf0,Sexy::WidgetContainer::vfunction14
Sexy::Checkbox,vftable,005bed0c,14,0x38,vfunction15,0046bf00,Sexy::WidgetContainer::vfunction15
Sexy::Checkbox,vftable,005bed0c,15,0x3c,vfunction16,0046c030,Sexy::WidgetContainer::vfunction16
Sexy::Checkbox,vftable,005bed0c,16,0x40,vfunction17,0046c430,Sexy::WidgetContainer::vfunction17
Sexy::Checkbox,vftable,005bed0c,17,0x44,vfunction18,0046c180,Sexy::WidgetContainer::vfunction18
Sexy::Checkbox,vftable,005bed0c,18,0x48,vfunction19,0046c1c0,Sexy::WidgetContainer::vfunction19
Sexy::Checkbox,vftable,005bed0c,19,0x4c,vfunction20,0046c1a0,Sexy::WidgetContainer::vfunction20
Sexy::Checkbox,vftable,005bed0c,20,0x50,vfunction21,0046c090,Sexy::WidgetContainer::vfunction21
Sexy::Checkbox,vftable,005bed0c,21,0x54,vfunction22,0046c100,Sexy::WidgetContainer::vfunction22
Sexy::Checkbox,vftable,005bed0c,22,0x58,vfunction23,0046c4f0,thunk 0046e310 -> Sexy::WidgetContainer::vfunction23
Sexy::Checkbox,vftable,005bed0c,23,0x5c,vfunction24,0046c500,Sexy::WidgetContainer::vfunction24
Sexy::Checkbox,vftable,005bed0c,24,0x60,vfunction25,0046c690,Sexy::ResourceManager::vfunction14
Sexy::Checkbox,vftable,005bed0c,25,0x64,vfunction26,0046c6a0,Sexy::WidgetContainer::vfunction26
Sexy::Checkbox,vftable,005bed0c,26,0x68,vfunction27,00474ef0,Sexy::Checkbox::vfunction27
Sexy::Checkbox,vftable,005bed0c,27,0x6c,vfunction28,0046c7f0,Sexy::WidgetContainer::vfunction28
Sexy::Checkbox,vftable,005bed0c,28,0x70,vfunction29,0046c9c0,Sexy::WidgetContainer::vfunction29
Sexy::Checkbox,vftable,005bed0c,29,0x74,vfunction30,00486bf0,Sexy::ResourceManager::BaseRes::vfunction2
Sexy::Checkbox,vftable,005bed0c,30,0x78,vfunction31,00486bf0,Sexy::ResourceManager::BaseRes::vfunction2
Sexy::Checkbox,vftable,005bed0c,31,0x7c,vfunction32,0046de80,Sexy::Widget::vfunction32
Sexy::Checkbox,vftable,005bed0c,32,0x80,vfunction33,0046df70,Sexy::Widget::vfunction33
Sexy::Checkbox,vftable,005bed0c,33,0x84,vfunction34,0046ded0,Sexy::Widget::vfunction34
Sexy::Checkbox,vftable,005bed0c,34,0x88,vfunction35,0046e010,Sexy::Widget::vfunction35
Sexy::Checkbox,vftable,005bed0c,35,0x8c,vfunction36,0046e130,Sexy::Widget::vfunction36
Sexy::Checkbox,vftable,005bed0c,36,0x90,vfunction37,0046e0c0,Sexy::Widget::vfunction37
Sexy::Checkbox,vftable,005bed0c,37,0x94,vfunction38,0046e270,Sexy::Widget::vfunction38
Sexy::Checkbox,vftable,005bed0c,38,0x98,vfunction39,0046e370,Sexy::Widget::vfunction39
Sexy::Checkbox,vftable,005bed0c,39,0x9c,vfunction40,0046e210,Sexy::Widget::vfunction40
Sexy::Checkbox,vftable,005bed0c,40,0xa0,vfunction41,0046e1b0,Sexy::Widget::vfunction41
Sexy::Checkbox,vftable,005bed0c,41,0xa4,vfunction42,0046e240,Sexy::Widget::vfunction42
Sexy::Checkbox,vftable,005bed0c,42,0xa8,vfunction43,0046e260,Sexy::Widget::vfunction43
Sexy::Checkbox,vftable,005bed0c,43,0xac,vfunction44,0046deb0,Sexy::Widget::vfunction44
Sexy::Checkbox,vftable,005bed0c,44,0xb0,vfunction45,0046c690,Sexy::ResourceManager::vfunction14
Sexy::Checkbox,vftable,005bed0c,45,0xb4,vfunction46,0046e2f0,Sexy::Widget::vfunction46
Sexy::Checkbox,vftable,005bed0c,46,0xb8,vfunction47,0046e300,Sexy::Widget::vfunction47
Sexy::Checkbox,vftable,005bed0c,47,0xbc,vfunction48,0046c690,Sexy::ResourceManager::vfunction14
Sexy::Checkbox,vftable,005bed0c,48,0xc0,vfunction49,0046e320,Sexy::Widget::vfunction49
Sexy::Checkbox,vftable,005bed0c,49,0xc4,vfunction50,0046c690,Sexy::ResourceManager::vfunction14
Sexy::Checkbox,vftable,005bed0c,50,0xc8,vfunction51,00486bf0,Sexy::ResourceManager::BaseRes::vfunction2
Sexy::Checkbox,vftable,005bed0c,51,0xcc,vfunction52,00486bf0,Sexy::ResourceManager::BaseRes::vfunction2
Sexy::Checkbox,vftable,005bed0c,52,0xd0,vfunction53,0046eb50,Sexy::DialogListener::vfunction1
Sexy::Checkbox,vftable,005bed0c,53,0xd4,vfunction54,00475050,Sexy::Checkbox::vfunction54
Sexy::Checkbox,vftable,005bed0c,54,0xd8,vfunction55,0046e3a0,thunk 00470b50 -> Sexy::Widget::vfunction55
Sexy::Checkbox,vftable,005bed0c,55,0xdc,vfunction56,0046e400,Sexy::MusicInterface::vfunction13
Sexy::Checkbox,vftable,005bed0c,56,0xe0,vfunction57,0046e410,Sexy::Widget::vfunction57
Sexy::Checkbox,vftable,005bed0c,57,0xe4,vfunction58,0046eb50,Sexy::DialogListener::vfunction1
Sexy::Checkbox,vftable,005bed0c,58,0xe8,vfunction59,0046eb50,Sexy::DialogListener::vfunction1
Sexy::Checkbox,vftable,005bed0c,59,0xec,vfunction60,0046c690,Sexy::ResourceManager::vfunction14
Sexy::Checkbox,vftable,005bed0c,60,0xf0,vfunction61,0046de70,Sexy::Widget::vfunction61
Sexy::Checkbox,vftable,005bed0c,61,0xf4,vfunction62,0046e500,Sexy::Widget::vfunction62
Sexy::Checkbox,vftable,005bed0c,62,0xf8,vfunction63,0046e480,Sexy::Widget::vfunction63
Sexy::Checkbox,vftable,005bed0c,63,0xfc,vfunction64,0046e620,Sexy::Widget::vfunction64
Sexy::Checkbox,vftable,005bed0c,64,0x100,vfunction65,0046e670,Sexy::Widget::vfunction65
Sexy::Checkbox,vftable,005bed0c,65,0x104,vfunction66,0046e6b0,Sexy::Widget::vfunction66
Sexy::Checkbox,vftable,005bed0c,66,0x108,vfunction67,0046e6d0,Sexy::Widget::vfunction67
Sexy::Checkbox,vftable,005bed0c,67,0x10c,vfunction68,0046e700,Sexy::Widget::vfunction68
Sexy::Checkbox,vftable,005bed0c,68,0x110,vfunction69,0046e800,Sexy::Widget::vfunction69
Sexy::Checkbox,vftable,005bed0c,69,0x114,vfunction70,0046e840,Sexy::Widget::vfunction70
Sexy::Checkbox,vftable,005bed0c,70,0x118,vfunction71,00474ea0,Sexy::Checkbox::vfunction71
Sexy::Checkbox,vftable,005bed0c,71,0x11c,vfunction72,00474ee0,Sexy::Checkbox::vfunction72
Sexy::DialogListener,vftable,005bfcdc,0,0x0,vfunction1,0046eb50,Sexy::DialogListener::vfunction1
Sexy::DialogListener,vftable,005bfcdc,1,0x4,vfunction2,0046eb50,Sexy::DialogListener::vfunction1
Sexy::SexyAppBase,vftable,005bfcec,0,0x0,vfunction1,0046ca30,Sexy::ButtonListener::vfunction1
Sexy::SexyAppBase,vftable,005bfcec,1,0x4,vfunction2,0046c690,Sexy::ResourceManager::vfunction14
Sexy::SexyAppBase,vftable,005bfcec,2,0x8,vfunction3,0046c690,Sexy::ResourceManager::vfunction14
Sexy::SexyAppBase,vftable,005bfcec,3,0xc,vfunction4,0046c690,Sexy::ResourceManager::vfunction14
Sexy::SexyAppBase,vftable,005bfcec,4,0x10,vfunction5,0046c690,Sexy::ResourceManager::vfunction14
Sexy::SexyAppBase,vftable,005bfcec,5,0x14,vfunction6,0046c690,Sexy::ResourceManager::vfunction14
Sexy::SexyAppBase,vftable,005bfcec,6,0x18,vfunction7,0049b300,Sexy::Image::vfunction3
Sexy::SexyAppBase,vftable,005bfcec,7,0x1c,vfunction8,00486390,Sexy::SexyAppBase::vfunction8
Sexy::SexyAppBase,vftable,005bfcec,8,0x20,vfunction9,004802d0,Sexy::SexyAppBase::vfunction9
Sexy::SexyAppBase,vftable,005bfcec,9,0x24,vfunction10,00480340,Sexy::SexyAppBase::vfunction10
Sexy::SexyAppBase,vftable,005bfcec,10,0x28,vfunction11,00480310,Sexy::SexyAppBase::vfunction11
Sexy::SexyAppBase,vftable,005bfcec,11,0x2c,vfunction12,00485320,Sexy::SexyAppBase::vfunction12
Sexy::SexyAppBase,vftable,005bfcec,12,0x30,vfunction13,00486010,Sexy::SexyAppBase::vfunction13
Sexy::SexyAppBase,vftable,005bfcec,13,0x34,vfunction14,00485c20,Sexy::SexyAppBase::vfunction14
Sexy::SexyAppBase,vftable,005bfcec,14,0x38,vfunction15,00485ad0,Sexy::SexyAppBase::vfunction15
Sexy::SexyAppBase,vftable,005bfcec,15,0x3c,vfunction16,00485b50,Sexy::SexyAppBase::vfunction16
Sexy::SexyAppBase,vftable,005bfcec,16,0x40,vfunction17,00486bf0,Sexy::ResourceManager::BaseRes::vfunction2
Sexy::SexyAppBase,vftable,005bfcec,17,0x44,vfunction18,00479240,Sexy::SexyAppBase::deleting_destructor
Sexy::SexyAppBase,vftable,005bfcec,18,0x48,vfunction19,00488300,Sexy::SexyAppBase::vfunction19
Sexy::SexyAppBase,vftable,005bfcec,19,0x4c,vfunction20,00486bf0,Sexy::ResourceManager::BaseRes::vfunction2
Sexy::SexyAppBase,vftable,005bfcec,20,0x50,vfunction21,00486bf0,Sexy::ResourceManager::BaseRes::vfunction2
Sexy::SexyAppBase,vftable,005bfcec,21,0x54,vfunction22,00486bf0,Sexy::ResourceManager::BaseRes::vfunction2
Sexy::SexyAppBase,vftable,005bfcec,22,0x58,vfunction23,00486bf0,Sexy::ResourceManager::BaseRes::vfunction2
Sexy::SexyAppBase,vftable,005bfcec,23,0x5c,vfunction24,0047e280,Sexy::SexyAppBase::vfunction24
Sexy::SexyAppBase,vftable,005bfcec,24,0x60,vfunction25,0047eda0,Sexy::SexyAppBase::vfunction25
Sexy::SexyAppBase,vftable,005bfcec,25,0x64,vfunction26,0047a930,Sexy::SexyAppBase::vfunction26
Sexy::SexyAppBase,vftable,005bfcec,26,0x68,vfunction27,00486bf0,Sexy::ResourceManager::BaseRes::vfunction2
Sexy::SexyAppBase,vftable,005bfcec,27,0x6c,vfunction28,00481450,Sexy::SexyAppBase::vfunction28
Sexy::SexyAppBase,vftable,005bfcec,28,0x70,vfunction29,00481480,Sexy::SexyAppBase::vfunction29
Sexy::SexyAppBase,vftable,005bfcec,29,0x74,vfunction30,00481550,Sexy::SexyAppBase::vfunction30
Sexy::SexyAppBase,vftable,005bfcec,30,0x78,vfunction31,004814d0,Sexy::SexyAppBase::vfunction31
Sexy::SexyAppBase,vftable,005bfcec,31,0x7c,vfunction32,00481800,Sexy::SexyAppBase::vfunction32
Sexy::SexyAppBase,vftable,005bfcec,32,0x80,vfunction33,00481640,Sexy::SexyAppBase::vfunction33
Sexy::SexyAppBase,vftable,005bfcec,33,0x84,vfunction34,004812e0,Sexy::SexyAppBase::vfunction34
Sexy::SexyAppBase,vftable,005bfcec,34,0x88,vfunction35,00481a10,Sexy::SexyAppBase::vfunction35
Sexy::SexyAppBase,vftable,005bfcec,35,0x8c,vfunction36,0047ae10,Sexy::SexyAppBase::vfunction36
Sexy::SexyAppBase,vftable,005bfcec,36,0x90,vfunction37,0047ae20,Sexy::SexyAppBase::vfunction37
Sexy::SexyAppBase,vftable,005bfcec,37,0x94,vfunction38,0047ae40,Sexy::SexyAppBase::vfunction38
Sexy::SexyAppBase,vftable,005bfcec,38,0x98,vfunction39,0047aef0,Sexy::SexyAppBase::vfunction39
Sexy::SexyAppBase,vftable,005bfcec,39,0x9c,vfunction40,0047fc00,Sexy::SexyAppBase::vfunction40
Sexy::SexyAppBase,vftable,005bfcec,40,0xa0,vfunction41,0047fc40,Sexy::SexyAppBase::vfunction41
Sexy::SexyAppBase,vftable,005bfcec,41,0xa4,vfunction42,0046c690,Sexy::ResourceManager::vfunction14
Sexy::SexyAppBase,vftable,005bfcec,42,0xa8,vfunction43,00480170,Sexy::SexyAppBase::vfunction43
Sexy::SexyAppBase,vftable,005bfcec,43,0xac,vfunction44,00487720,Sexy::SexyAppBase::vfunction44
Sexy::SexyAppBase,vftable,005bfcec,44,0xb0,vfunction45,004877d0,Sexy::SexyAppBase::vfunction45
Sexy::SexyAppBase,vftable,005bfcec,45,0xb4,vfunction46,00487c80,Sexy::SexyAppBase::vfunction46
Sexy::SexyAppBase,vftable,005bfcec,46,0xb8,vfunction47,00483460,Sexy::SexyAppBase::vfunction47
Sexy::SexyAppBase,vftable,005bfcec,47,0xbc,vfunction48,00488fc0,Sexy::SexyAppBase::vfunction48
Sexy::SexyAppBase,vftable,005bfcec,48,0xc0,vfunction49,00486c00,Sexy::SexyAppBase::vfunction49
Sexy::SexyAppBase,vftable,005bfcec,49,0xc4,vfunction50,004883f0,Sexy::SexyAppBase::vfunction50
Sexy::SexyAppBase,vftable,005bfcec,50,0xc8,vfunction51,00486bf0,Sexy::ResourceManager::BaseRes::vfunction2
Sexy::SexyAppBase,vftable,005bfcec,51,0xcc,vfunction52,00486bf0,Sexy::ResourceManager::BaseRes::vfunction2
Sexy::SexyAppBase,vftable,005bfcec,52,0xd0,vfunction53,0049b310,Sexy::MusicInterface::vfunction17
Sexy::SexyAppBase,vftable,005bfcec,53,0xd4,vfunction54,004896e0,Sexy::SexyAppBase::vfunction54
Sexy::SexyAppBase,vftable,005bfcec,54,0xd8,vfunction55,004896b0,Sexy::SexyAppBase::vfunction55
Sexy::SexyAppBase,vftable,005bfcec,55,0xdc,vfunction56,00489890,Sexy::SexyAppBase::vfunction56
Sexy::SexyAppBase,vftable,005bfcec,56,0xe0,vfunction57,004897f0,Sexy::SexyAppBase::vfunction57
Sexy::SexyAppBase,vftable,005bfcec,57,0xe4,vfunction58,00489840,Sexy::SexyAppBase::vfunction58
Sexy::SexyAppBase,vftable,005bfcec,58,0xe8,vfunction59,00489730,Sexy::SexyAppBase::vfunction59
Sexy::SexyAppBase,vftable,005bfcec,59,0xec,vfunction60,004898a0,Sexy::SexyAppBase::vfunction60
Sexy::SexyAppBase,vftable,005bfcec,60,0xf0,vfunction61,00489800,Sexy::SexyAppBase::vfunction61
Sexy::SexyAppBase,vftable,005bfcec,61,0xf4,vfunction62,00489850,Sexy::SexyAppBase::vfunction62
Sexy::SexyAppBase,vftable,005bfcec,62,0xf8,vfunction63,00489740,Sexy::SexyAppBase::vfunction63
Sexy::SexyAppBase,vftable,005bfcec,63,0xfc,vfunction64,00489790,Sexy::SexyAppBase::vfunction64
Sexy::SexyAppBase,vftable,005bfcec,64,0x100,vfunction65,0047de00,Sexy::SexyAppBase::vfunction65
Sexy::SexyAppBase,vftable,005bfcec,65,0x104,vfunction66,004891f0,Sexy::SexyAppBase::vfunction66
Sexy::SexyAppBase,vftable,005bfcec,66,0x108,vfunction67,00489d00,Sexy::SexyAppBase::vfunction67
Sexy::SexyAppBase,vftable,005bfcec,67,0x10c,vfunction68,00489fb0,Sexy::SexyAppBase::vfunction68
Sexy::SexyAppBase,vftable,005bfcec,68,0x110,vfunction69,00485ec0,Sexy::SexyAppBase::vfunction69
Sexy::SexyAppBase,vftable,005bfcec,69,0x114,vfunction70,00485f80,Sexy::SexyAppBase::vfunction70
Sexy::SexyAppBase,vftable,005bfcec,70,0x118,vfunction71,00485fa0,Sexy::SexyAppBase::vfunction71
Sexy::SexyAppBase,vftable,005bfcec,71,0x11c,vfunction72,00485fc0,Sexy::SexyAppBase::vfunction72
Sexy::SexyAppBase,vftable,005bfcec,72,0x120,vfunction73,0047a9c0,Sexy::SexyAppBase::vfunction73
Sexy::SexyAppBase,vftable,005bfcec,73,0x124,vfunction74,0047aa10,Sexy::SexyAppBase::vfunction74
Sexy::SexyAppBase,vftable,005bfcec,74,0x128,vfunction75,0047ad50,Sexy::SexyAppBase::vfunction75
Sexy::SexyAppBase,vftable,005bfcec,75,0x12c,vfunction76,0047ac40,Sexy::SexyAppBase::vfunction76
Sexy::SexyAppBase,vftable,005bfcec,76,0x130,vfunction77,0047ac10,Sexy::SexyAppBase::vfunction77
Sexy::SexyAppBase,vftable,005bfcec,77,0x134,vfunction78,0047abf0,Sexy::SexyAppBase::vfunction78
Sexy::SexyAppBase,vftable,005bfcec,78,0x138,vfunction79,0047aa80,Sexy::SexyAppBase::vfunction79
Sexy::SexyAppBase,vftable,005bfcec,79,0x13c,vfunction80,0047ac30,Sexy::SexyAppBase::vfunction80
Sexy::SexyAppBase,vftable,005bfcec,80,0x140,vfunction81,00486bf0,Sexy::ResourceManager::BaseRes::vfunction2
Sexy::SexyAppBase,vftable,005bfcec,81,0x144,vfunction82,00486bf0,Sexy::ResourceManager::BaseRes::vfunction2
Sexy::SexyAppBase,vftable,005bfcec,82,0x148,vfunction83,00486bf0,Sexy::ResourceManager::BaseRes::vfunction2
Sexy::SexyAppBase,vftable,005bfcec,83,0x14c,vfunction84,00486bf0,Sexy::ResourceManager::BaseRes::vfunction2
Sexy::SexyAppBase,vftable,005bfcec,84,0x150,vfunction85,004843d0,Sexy::SexyAppBase::vfunction85
Sexy::SexyAppBase,vftable,005bfcec,85,0x154,vfunction86,00484400,Sexy::SexyAppBase::vfunction86
Sexy::SexyAppBase,vftable,005bfcec,86,0x158,vfunction87,004846b0,Sexy::SexyAppBase::vfunction87
Sexy::SexyAppBase,vftable,005bfcec,87,0x15c,vfunction88,00486bf0,Sexy::ResourceManager::BaseRes::vfunction2
Sexy::SexyAppBase,vftable,005bfcec,88,0x160,vfunction89,00486bf0,Sexy::ResourceManager::BaseRes::vfunction2
Sexy::SexyAppBase,vftable,005bfcec,89,0x164,vfunction90,004852f0,Sexy::SexyAppBase::vfunction90
Sexy::SexyAppBase,vftable,005bfcec,90,0x168,vfunction91,0049b2e0,Sexy::MusicInterface::vfunction2
Sexy::SexyAppBase,vftable,005bfcec,91,0x16c,vfunction92,00480fd0,Sexy::SexyAppBase::vfunction92
Sexy::SexyAppBase,vftable,005bfcec,92,0x170,vfunction93,00480430,Sexy::SexyAppBase::vfunction93
Sexy::SexyAppBase,vftable,005bfcec,93,0x174,vfunction94,00486bf0,Sexy::ResourceManager::BaseRes::vfunction2
Sexy::SexyAppBase,vftable,005bfcec,94,0x178,vfunction95,00486910,Sexy::SexyAppBase::vfunction95
Sexy::SexyAppBase,vftable,005bfcec,95,0x17c,vfunction96,00486950,Sexy::SexyAppBase::vfunction96
Sexy::SexyAppBase,vftable,005bfcec,96,0x180,vfunction97,00486ad0,Sexy::SexyAppBase::vfunction97
Sexy::SexyAppBase,vftable,005bfcec,97,0x184,vfunction98,00479fd0,Sexy::SexyAppBase::vfunction98
Sexy::SexyAppBase,vftable_1,005bfe78,0,0x0,vfunction1,0047ad70,Sexy::SexyAppBase::vfunction1
Sexy::SexyAppBase,vftable_1,005bfe78,1,0x4,vfunction2,0047adc0,Sexy::SexyAppBase::vfunction2
Sexy::SexyApp,vftable_for_ButtonListener,005c0394,0,0x0,vfunction1,0046ca30,Sexy::ButtonListener::vfunction1
Sexy::SexyApp,vftable_for_ButtonListener,005c0394,1,0x4,vfunction2,0046c690,Sexy::ResourceManager::vfunction14
Sexy::SexyApp,vftable_for_ButtonListener,005c0394,2,0x8,vfunction3,0046c690,Sexy::ResourceManager::vfunction14
Sexy::SexyApp,vftable_for_ButtonListener,005c0394,3,0xc,vfunction4,0046c690,Sexy::ResourceManager::vfunction14
Sexy::SexyApp,vftable_for_ButtonListener,005c0394,4,0x10,vfunction5,0046c690,Sexy::ResourceManager::vfunction14
Sexy::SexyApp,vftable_for_ButtonListener,005c0394,5,0x14,vfunction6,0046c690,Sexy::ResourceManager::vfunction14
Sexy::SexyApp,vftable_for_ButtonListener,005c0394,6,0x18,vfunction7,0049b300,Sexy::Image::vfunction3
Sexy::SexyApp,vftable_for_ButtonListener,005c0394,7,0x1c,vfunction8,00486390,Sexy::SexyAppBase::vfunction8
Sexy::SexyApp,vftable_for_ButtonListener,005c0394,8,0x20,vfunction9,00495270,Sexy::SexyApp::vfunction9_for_ButtonListener
Sexy::SexyApp,vftable_for_ButtonListener,005c0394,9,0x24,vfunction10,00480340,Sexy::SexyAppBase::vfunction10
Sexy::SexyApp,vftable_for_ButtonListener,005c0394,10,0x28,vfunction11,00480310,Sexy::SexyAppBase::vfunction11
Sexy::SexyApp,vftable_for_ButtonListener,005c0394,11,0x2c,vfunction12,00485320,Sexy::SexyAppBase::vfunction12
Sexy::SexyApp,vftable_for_ButtonListener,005c0394,12,0x30,vfunction13,00486010,Sexy::SexyAppBase::vfunction13
Sexy::SexyApp,vftable_for_ButtonListener,005c0394,13,0x34,vfunction14,00485c20,Sexy::SexyAppBase::vfunction14
Sexy::SexyApp,vftable_for_ButtonListener,005c0394,14,0x38,vfunction15,00485ad0,Sexy::SexyAppBase::vfunction15
Sexy::SexyApp,vftable_for_ButtonListener,005c0394,15,0x3c,vfunction16,00485b50,Sexy::SexyAppBase::vfunction16
Sexy::SexyApp,vftable_for_ButtonListener,005c0394,16,0x40,vfunction17,00486bf0,Sexy::ResourceManager::BaseRes::vfunction2
Sexy::SexyApp,vftable_for_ButtonListener,005c0394,17,0x44,vfunction18,00490b20,Sexy::SexyApp::deleting_destructor_for_ButtonListener
Sexy::SexyApp,vftable_for_ButtonListener,005c0394,18,0x48,vfunction19,00488300,Sexy::SexyAppBase::vfunction19
Sexy::SexyApp,vftable_for_ButtonListener,005c0394,19,0x4c,vfunction20,00486bf0,Sexy::ResourceManager::BaseRes::vfunction2
Sexy::SexyApp,vftable_for_ButtonListener,005c0394,20,0x50,vfunction21,00486bf0,Sexy::ResourceManager::BaseRes::vfunction2
Sexy::SexyApp,vftable_for_ButtonListener,005c0394,21,0x54,vfunction22,00493bc0,Sexy::SexyApp::vfunction22_for_ButtonListener
Sexy::SexyApp,vftable_for_ButtonListener,005c0394,22,0x58,vfunction23,00486bf0,Sexy::ResourceManager::BaseRes::vfunction2
Sexy::SexyApp,vftable_for_ButtonListener,005c0394,23,0x5c,vfunction24,004922b0,Sexy::SexyApp::vfunction24_for_ButtonListener
Sexy::SexyApp,vftable_for_ButtonListener,005c0394,24,0x60,vfunction25,00491700,Sexy::SexyApp::vfunction25_for_ButtonListener
Sexy::SexyApp,vftable_for_ButtonListener,005c0394,25,0x64,vfunction26,0047a930,Sexy::SexyAppBase::vfunction26
Sexy::SexyApp,vftable_for_ButtonListener,005c0394,26,0x68,vfunction27,004948b0,Sexy::SexyApp::vfunction27_for_ButtonListener
Sexy::SexyApp,vftable_for_ButtonListener,005c0394,27,0x6c,vfunction28,00481450,Sexy::SexyAppBase::vfunction28
Sexy::SexyApp,vftable_for_ButtonListener,005c0394,28,0x70,vfunction29,00481480,Sexy::SexyAppBase::vfunction29
Sexy::SexyApp,vftable_for_ButtonListener,005c0394,29,0x74,vfunction30,00481550,Sexy::SexyAppBase::vfunction30
Sexy::SexyApp,vftable_for_ButtonListener,005c0394,30,0x78,vfunction31,004814d0,Sexy::SexyAppBase::vfunction31
Sexy::SexyApp,vftable_for_ButtonListener,005c0394,31,0x7c,vfunction32,00481800,Sexy::SexyAppBase::vfunction32
Sexy::SexyApp,vftable_for_ButtonListener,005c0394,32,0x80,vfunction33,00481640,Sexy::SexyAppBase::vfunction33
Sexy::SexyApp,vftable_for_ButtonListener,005c0394,33,0x84,vfunction34,004812e0,Sexy::SexyAppBase::vfunction34
Sexy::SexyApp,vftable_for_ButtonListener,005c0394,34,0x88,vfunction35,00481a10,Sexy::SexyAppBase::vfunction35
Sexy::SexyApp,vftable_for_ButtonListener,005c0394,35,0x8c,vfunction36,0047ae10,Sexy::SexyAppBase::vfunction36
Sexy::SexyApp,vftable_for_ButtonListener,005c0394,36,0x90,vfunction37,00493750,Sexy::SexyApp::vfunction37_for_ButtonListener
Sexy::SexyApp,vftable_for_ButtonListener,005c0394,37,0x94,vfunction38,0047ae40,Sexy::SexyAppBase::vfunction38
Sexy::SexyApp,vftable_for_ButtonListener,005c0394,38,0x98,vfunction39,0047aef0,Sexy::SexyAppBase::vfunction39
Sexy::SexyApp,vftable_for_ButtonListener,005c0394,39,0x9c,vfunction40,0047fc00,Sexy::SexyAppBase::vfunction40
Sexy::SexyApp,vftable_for_ButtonListener,005c0394,40,0xa0,vfunction41,00494070,Sexy::SexyApp::vfunction41_for_ButtonListener
Sexy::SexyApp,vftable_for_ButtonListener,005c0394,41,0xa4,vfunction42,00494500,Sexy::SexyApp::vfunction42_for_ButtonListener
Sexy::SexyApp,vftable_for_ButtonListener,005c0394,42,0xa8,vfunction43,00480170,Sexy::SexyAppBase::vfunction43
Sexy::SexyApp,vftable_for_ButtonListener,005c0394,43,0xac,vfunction44,00487720,Sexy::SexyAppBase::vfunction44
Sexy::SexyApp,vftable_for_ButtonListener,005c0394,44,0xb0,vfunction45,004877d0,Sexy::SexyAppBase::vfunction45
Sexy::SexyApp,vftable_for_ButtonListener,005c0394,45,0xb4,vfunction46,00493cb0,Sexy::SexyApp::vfunction46_for_ButtonListener
Sexy::SexyApp,vftable_for_ButtonListener,005c0394,46,0xb8,vfunction47,00483460,Sexy::SexyAppBase::vfunction47
Sexy::SexyApp,vftable_for_ButtonListener,005c0394,47,0xbc,vfunction48,00488fc0,Sexy::SexyAppBase::vfunction48
Sexy::SexyApp,vftable_for_ButtonListener,005c0394,48,0xc0,vfunction49,00486c00,Sexy::SexyAppBase::vfunction49
Sexy::SexyApp,vftable_for_ButtonListener,005c0394,49,0xc4,vfunction50,00494db0,Sexy::SexyApp::vfunction50_for_ButtonListener
Sexy::SexyApp,vftable_for_ButtonListener,005c0394,50,0xc8,vfunction51,00486bf0,Sexy::ResourceManager::BaseRes::vfunction2
Sexy::SexyApp,vftable_for_ButtonListener,005c0394,51,0xcc,vfunction52,00486bf0,Sexy::ResourceManager::BaseRes::vfunction2
Sexy::SexyApp,vftable_for_ButtonListener,005c0394,52,0xd0,vfunction53,0049b310,Sexy::MusicInterface::vfunction17
Sexy::SexyApp,vftable_for_ButtonListener,005c0394,53,0xd4,vfunction54,004896e0,Sexy::SexyAppBase::vfunction54
Sexy::SexyApp,vftable_for_ButtonListener,005c0394,54,0xd8,vfunction55,004896b0,Sexy::SexyAppBase::vfunction55
Sexy::SexyApp,vftable_for_ButtonListener,005c0394,55,0xdc,vfunction56,00489890,Sexy::SexyAppBase::vfunction56
Sexy::SexyApp,vftable_for_ButtonListener,005c0394,56,0xe0,vfunction57,004897f0,Sexy::SexyAppBase::vfunction57
Sexy::SexyApp,vftable_for_ButtonListener,005c0394,57,0xe4,vfunction58,00489840,Sexy::SexyAppBase::vfunction58
Sexy::SexyApp,vftable_for_ButtonListener,005c0394,58,0xe8,vfunction59,00489730,Sexy::SexyAppBase::vfunction59
Sexy::SexyApp,vftable_for_ButtonListener,005c0394,59,0xec,vfunction60,004898a0,Sexy::SexyAppBase::vfunction60
Sexy::SexyApp,vftable_for_ButtonListener,005c0394,60,0xf0,vfunction61,00489800,Sexy::SexyAppBase::vfunction61
Sexy::SexyApp,vftable_for_ButtonListener,005c0394,61,0xf4,vfunction62,00489850,Sexy::SexyAppBase::vfunction62
Sexy::SexyApp,vftable_for_ButtonListener,005c0394,62,0xf8,vfunction63,00489740,Sexy::SexyAppBase::vfunction63
Sexy::SexyApp,vftable_for_ButtonListener,005c0394,63,0xfc,vfunction64,00489790,Sexy::SexyAppBase::vfunction64
Sexy::SexyApp,vftable_for_ButtonListener,005c0394,64,0x100,vfunction65,0047de00,Sexy::SexyAppBase::vfunction65
Sexy::SexyApp,vftable_for_ButtonListener,005c0394,65,0x104,vfunction66,004891f0,Sexy::SexyAppBase::vfunction66
Sexy::SexyApp,vftable_for_ButtonListener,005c0394,66,0x108,vfunction67,00489d00,Sexy::SexyAppBase::vfunction67
Sexy::SexyApp,vftable_for_ButtonListener,005c0394,67,0x10c,vfunction68,00489fb0,Sexy::SexyAppBase::vfunction68
Sexy::SexyApp,vftable_for_ButtonListener,005c0394,68,0x110,vfunction69,00485ec0,Sexy::SexyAppBase::vfunction69
Sexy::SexyApp,vftable_for_ButtonListener,005c0394,69,0x114,vfunction70,00485f80,Sexy::SexyAppBase::vfunction70
Sexy::SexyApp,vftable_for_ButtonListener,005c0394,70,0x118,vfunction71,00485fa0,Sexy::SexyAppBase::vfunction71
Sexy::SexyApp,vftable_for_ButtonListener,005c0394,71,0x11c,vfunction72,00485fc0,Sexy::SexyAppBase::vfunction72
Sexy::SexyApp,vftable_for_ButtonListener,005c0394,72,0x120,vfunction73,0047a9c0,Sexy::SexyAppBase::vfunction73
Sexy::SexyApp,vftable_for_ButtonListener,005c0394,73,0x124,vfunction74,0047aa10,Sexy::SexyAppBase::vfunction74
Sexy::SexyApp,vftable_for_ButtonListener,005c0394,74,0x128,vfunction75,0047ad50,Sexy::SexyAppBase::vfunction75
Sexy::SexyApp,vftable_for_ButtonListener,005c0394,75,0x12c,vfunction76,0047ac40,Sexy::SexyAppBase::vfunction76
Sexy::SexyApp,vftable_for_ButtonListener,005c0394,76,0x130,vfunction77,0047ac10,Sexy::SexyAppBase::vfunction77
Sexy::SexyApp,vftable_for_ButtonListener,005c0394,77,0x134,vfunction78,0047abf0,Sexy::SexyAppBase::vfunction78
Sexy::SexyApp,vftable_for_ButtonListener,005c0394,78,0x138,vfunction79,0047aa80,Sexy::SexyAppBase::vfunction79
Sexy::SexyApp,vftable_for_ButtonListener,005c0394,79,0x13c,vfunction80,0047ac30,Sexy::SexyAppBase::vfunction80
Sexy::SexyApp,vftable_for_ButtonListener,005c0394,80,0x140,vfunction81,00486bf0,Sexy::ResourceManager::BaseRes::vfunction2
Sexy::SexyApp,vftable_for_ButtonListener,005c0394,81,0x144,vfunction82,00486bf0,Sexy::ResourceManager::BaseRes::vfunction2
Sexy::SexyApp,vftable_for_ButtonListener,005c0394,82,0x148,vfunction83,00486bf0,Sexy::ResourceManager::BaseRes::vfunction2
Sexy::SexyApp,vftable_for_ButtonListener,005c0394,83,0x14c,vfunction84,00486bf0,Sexy::ResourceManager::BaseRes::vfunction2
Sexy::SexyApp,vftable_for_ButtonListener,005c0394,84,0x150,vfunction85,004843d0,Sexy::SexyAppBase::vfunction85
Sexy::SexyApp,vftable_for_ButtonListener,005c0394,85,0x154,vfunction86,00484400,Sexy::SexyAppBase::vfunction86
Sexy::SexyApp,vftable_for_ButtonListener,005c0394,86,0x158,vfunction87,004846b0,Sexy::SexyAppBase::vfunction87
Sexy::SexyApp,vftable_for_ButtonListener,005c0394,87,0x15c,vfunction88,00486bf0,Sexy::ResourceManager::BaseRes::vfunction2
Sexy::SexyApp,vftable_for_ButtonListener,005c0394,88,0x160,vfunction89,00486bf0,Sexy::ResourceManager::BaseRes::vfunction2
Sexy::SexyApp,vftable_for_ButtonListener,005c0394,89,0x164,vfunction90,004852f0,Sexy::SexyAppBase::vfunction90
Sexy::SexyApp,vftable_for_ButtonListener,005c0394,90,0x168,vfunction91,00493820,Sexy::SexyApp::vfunction91_for_ButtonListener
Sexy::SexyApp,vftable_for_ButtonListener,005c0394,91,0x16c,vfunction92,00480fd0,Sexy::SexyAppBase::vfunction92
Sexy::SexyApp,vftable_for_ButtonListener,005c0394,92,0x170,vfunction93,00480430,Sexy::SexyAppBase::vfunction93
Sexy::SexyApp,vftable_for_ButtonListener,005c0394,93,0x174,vfunction94,004948f0,Sexy::SexyApp::vfunction94_for_ButtonListener
Sexy::SexyApp,vftable_for_ButtonListener,005c0394,94,0x178,vfunction95,00486910,Sexy::SexyAppBase::vfunction95
Sexy::SexyApp,vftable_for_ButtonListener,005c0394,95,0x17c,vfunction96,00486950,Sexy::SexyAppBase::vfunction96
Sexy::SexyApp,vftable_for_ButtonListener,005c0394,96,0x180,vfunction97,00486ad0,Sexy::SexyAppBase::vfunction97
Sexy::SexyApp,vftable_for_ButtonListener,005c0394,97,0x184,vfunction98,00479fd0,Sexy::SexyAppBase::vfunction98
Sexy::SexyApp,vftable_for_ButtonListener,005c0394,98,0x188,vfunction99,004936b0,Sexy::SexyApp::vfunction99_for_ButtonListener
Sexy::SexyApp,vftable_for_ButtonListener,005c0394,99,0x18c,vfunction100,00493720,Sexy::SexyApp::vfunction100_for_ButtonListener
Sexy::SexyApp,vftable_for_ButtonListener,005c0394,100,0x190,vfunction101,00493780,Sexy::SexyApp::vfunction101_for_ButtonListener
Sexy::SexyApp,vftable_for_ButtonListener,005c0394,101,0x194,vfunction102,00492920,Sexy::SexyApp::vfunction102_for_ButtonListener
Sexy::SexyApp,vftable_for_ButtonListener,005c0394,102,0x198,vfunction103,004923d0,Sexy::WinFishApp::deleting_destructor
Sexy::SexyApp,vftable_for_ButtonListener,005c0394,103,0x19c,vfunction104,00493c10,Sexy::WinFishApp::deleting_destructor
Sexy::SexyApp,vftable_for_DialogListener,005c0538,0,0x0,vfunction1,0047ad70,Sexy::SexyAppBase::vfunction1
Sexy::SexyApp,vftable_for_DialogListener,005c0538,1,0x4,vfunction2,0047adc0,Sexy::SexyAppBase::vfunction2
Sexy::SoundInstance,vftable,005c1050,0,0x0,vfunction1,00495360,Sexy::SoundInstance::deleting_destructor
Sexy::SoundInstance,vftable,005c1050,1,0x4,vfunction2,005693cf,__purecall
Sexy::SoundInstance,vftable,005c1050,2,0x8,vfunction3,005693cf,__purecall
Sexy::SoundInstance,vftable,005c1050,3,0xc,vfunction4,005693cf,__purecall
Sexy::SoundInstance,vftable,005c1050,4,0x10,vfunction5,005693cf,__purecall
Sexy::SoundInstance,vftable,005c1050,5,0x14,vfunction6,005693cf,__purecall
Sexy::SoundInstance,vftable,005c1050,6,0x18,vfunction7,005693cf,__purecall
Sexy::SoundInstance,vftable,005c1050,7,0x1c,vfunction8,005693cf,__purecall
Sexy::SoundInstance,vftable,005c1050,8,0x20,vfunction9,005693cf,__purecall
Sexy::SoundInstance,vftable,005c1050,9,0x24,vfunction10,005693cf,__purecall
Sexy::SoundInstance,vftable,005c1050,10,0x28,vfunction11,005693cf,__purecall
Sexy::SoundInstance,vftable,005c1050,11,0x2c,vfunction12,005693cf,__purecall
Sexy::SoundManager,vftable,005c1084,0,0x0,vfunction1,00495330,Sexy::SoundManager::deleting_destructor
Sexy::SoundManager,vftable,005c1084,1,0x4,vfunction2,005693cf,__purecall
Sexy::SoundManager,vftable,005c1084,2,0x8,vfunction3,005693cf,__purecall
Sexy::SoundManager,vftable,005c1084,3,0xc,vfunction4,005693cf,__purecall
Sexy::SoundManager,vftable,005c1084,4,0x10,vfunction5,005693cf,__purecall
Sexy::SoundManager,vftable,005c1084,5,0x14,vfunction6,005693cf,__purecall
Sexy::SoundManager,vftable,005c1084,6,0x18,vfunction7,005693cf,__purecall
Sexy::SoundManager,vftable,005c1084,7,0x1c,vfunction8,005693cf,__purecall
Sexy::SoundManager,vftable,005c1084,8,0x20,vfunction9,005693cf,__purecall
Sexy::SoundManager,vftable,005c1084,9,0x24,vfunction10,005693cf,__purecall
Sexy::SoundManager,vftable,005c1084,10,0x28,vfunction11,005693cf,__purecall
Sexy::SoundManager,vftable,005c1084,11,0x2c,vfunction12,005693cf,__purecall
Sexy::SoundManager,vftable,005c1084,12,0x30,vfunction13,005693cf,__purecall
Sexy::SoundManager,vftable,005c1084,13,0x34,vfunction14,005693cf,__purecall
Sexy::SoundManager,vftable,005c1084,14,0x38,vfunction15,005693cf,__purecall
Sexy::SoundManager,vftable,005c1084,15,0x3c,vfunction16,005693cf,__purecall
Sexy::SoundManager,vftable,005c1084,16,0x40,vfunction17,005693cf,__purecall
Sexy::SoundManager,vftable,005c1084,17,0x44,vfunction18,005693cf,__purecall
Sexy::DSoundInstance,vftable,005c10d0,0,0x0,vfunction1,00497ca0,Sexy::DSoundInstance::deleting_destructor
Sexy::DSoundInstance,vftable,005c10d0,1,0x4,vfunction2,00497d80,Sexy::DSoundInstance::vfunction2
Sexy::DSoundInstance,vftable,005c10d0,2,0x8,vfunction3,00497dd0,Sexy::DSoundInstance::vfunction3
Sexy::DSoundInstance,vftable,005c10d0,3,0xc,vfunction4,00497df0,Sexy::DSoundInstance::vfunction4
Sexy::DSoundInstance,vftable,005c10d0,4,0x10,vfunction5,00497ea0,Sexy::DSoundInstance::vfunction5
Sexy::DSoundInstance,vftable,005c10d0,5,0x14,vfunction6,00497d90,Sexy::DSoundInstance::vfunction6
Sexy::DSoundInstance,vftable,005c10d0,6,0x18,vfunction7,00497db0,Sexy::DSoundInstance::vfunction7
Sexy::DSoundInstance,vftable,005c10d0,7,0x1c,vfunction8,00497e10,Sexy::DSoundInstance::vfunction8
Sexy::DSoundInstance,vftable,005c10d0,8,0x20,vfunction9,00497e70,Sexy::DSoundInstance::vfunction9
Sexy::DSoundInstance,vftable,005c10d0,9,0x24,vfunction10,00497f30,Sexy::DSoundInstance::vfunction10
Sexy::DSoundInstance,vftable,005c10d0,10,0x28,vfunction11,00497f60,Sexy::DSoundInstance::vfunction11
Sexy::DSoundInstance,vftable,005c10d0,11,0x2c,vfunction12,00497f90,Sexy::DSoundInstance::vfunction12
Sexy::DSoundManager,vftable,005c1104,0,0x0,vfunction1,00495850,Sexy::DSoundManager::deleting_destructor
Sexy::DSoundManager,vftable,005c1104,1,0x4,vfunction2,004959b0,Sexy::DSoundManager::vfunction2
Sexy::DSoundManager,vftable,005c1104,2,0x8,vfunction3,00496be0,Sexy::DSoundManager::vfunction3
Sexy::DSoundManager,vftable,005c1104,3,0xc,vfunction4,00496720,Sexy::DSoundManager::vfunction4
Sexy::DSoundManager,vftable,005c1104,4,0x10,vfunction5,00496cc0,Sexy::DSoundManager::vfunction5
Sexy::DSoundManager,vftable,005c1104,5,0x14,vfunction6,00495a00,Sexy::DSoundManager::vfunction6
Sexy::DSoundManager,vftable,005c1104,6,0x18,vfunction7,00496d70,Sexy::DSoundManager::vfunction7
Sexy::DSoundManager,vftable,005c1104,7,0x1c,vfunction8,00496d90,Sexy::DSoundManager::vfunction8
Sexy::DSoundManager,vftable,005c1104,8,0x20,vfunction9,004976f0,Sexy::DSoundManager::vfunction9
Sexy::DSoundManager,vftable,005c1104,9,0x24,vfunction10,00497810,Sexy::DSoundManager::vfunction10
Sexy::DSoundManager,vftable,005c1104,10,0x28,vfunction11,00497840,Sexy::DSoundManager::vfunction11
Sexy::DSoundManager,vftable,005c1104,11,0x2c,vfunction12,004978f0,Sexy::DSoundManager::vfunction12
Sexy::DSoundManager,vftable,005c1104,12,0x30,vfunction13,00497a10,Sexy::DSoundManager::vfunction13
Sexy::DSoundManager,vftable,005c1104,13,0x34,vfunction14,00486bf0,Sexy::ResourceManager::BaseRes::vfunction2
Sexy::DSoundManager,vftable,005c1104,14,0x38,vfunction15,00497b50,Sexy::DSoundManager::vfunction15
Sexy::DSoundManager,vftable,005c1104,15,0x3c,vfunction16,004978b0,Sexy::DSoundManager::vfunction16
Sexy::DSoundManager,vftable,005c1104,16,0x40,vfunction17,00496d10,Sexy::DSoundManager::vfunction17
Sexy::DSoundManager,vftable,005c1104,17,0x44,vfunction18,00496d30,Sexy::DSoundManager::vfunction18
Sexy::FMOD_INSTANCE,vftable,005c1150,0,0x0,vfunction1,00499cd0,Sexy::FMOD_INSTANCE::deleting_destructor
Sexy::BASS_INSTANCE,vftable,005c1158,0,0x0,vfunction1,004985b0,Sexy::BASS_INSTANCE::deleting_destructor
Sexy::MusicInterface,vftable,005c1164,0,0x0,vfunction1,0049b2b0,Sexy::MusicInterface::deleting_destructor
Sexy::MusicInterface,vftable,005c1164,1,0x4,vfunction2,0049b2e0,Sexy::MusicInterface::vfunction2
Sexy::MusicInterface,vftable,005c1164,2,0x8,vfunction3,0049b300,Sexy::Image::vfunction3
Sexy::MusicInterface,vftable,005c1164,3,0xc,vfunction4,0046c690,Sexy::ResourceManager::vfunction14
Sexy::MusicInterface,vftable,005c1164,4,0x10,vfunction5,0046c690,Sexy::ResourceManager::vfunction14
Sexy::MusicInterface,vftable,005c1164,5,0x14,vfunction6,0046c690,Sexy::ResourceManager::vfunction14
Sexy::MusicInterface,vftable,005c1164,6,0x18,vfunction7,00486bf0,Sexy::ResourceManager::BaseRes::vfunction2
Sexy::MusicInterface,vftable,005c1164,7,0x1c,vfunction8,0046c690,Sexy::ResourceManager::vfunction14
Sexy::MusicInterface,vftable,005c1164,8,0x20,vfunction9,00486bf0,Sexy::ResourceManager::BaseRes::vfunction2
Sexy::MusicInterface,vftable,005c1164,9,0x24,vfunction10,00486bf0,Sexy::ResourceManager::BaseRes::vfunction2
Sexy::MusicInterface,vftable,005c1164,10,0x28,vfunction11,00486bf0,Sexy::ResourceManager::BaseRes::vfunction2
Sexy::MusicInterface,vftable,005c1164,11,0x2c,vfunction12,0049b2f0,Sexy::MusicInterface::vfunction12
Sexy::MusicInterface,vftable,005c1164,12,0x30,vfunction13,0046e400,Sexy::MusicInterface::vfunction13
Sexy::MusicInterface,vftable,005c1164,13,0x34,vfunction14,0049b300,Sexy::Image::vfunction3
Sexy::MusicInterface,vftable,005c1164,14,0x38,vfunction15,0049b300,Sexy::Image::vfunction3
Sexy::MusicInterface,vftable,005c1164,15,0x3c,vfunction16,0049b300,Sexy::Image::vfunction3
Sexy::MusicInterface,vftable,005c1164,16,0x40,vfunction17,0049b310,Sexy::MusicInterface::vfunction17
Sexy::MusicInterface,vftable,005c1164,17,0x44,vfunction18,0046eb50,Sexy::DialogListener::vfunction1
Sexy::MusicInterface,vftable,005c1164,18,0x48,vfunction19,0049b300,Sexy::Image::vfunction3
Sexy::MusicInterface,vftable,005c1164,19,0x4c,vfunction20,00486bf0,Sexy::ResourceManager::BaseRes::vfunction2
Sexy::BassMusicInterface,vftable,005c11bc,0,0x0,vfunction1,00498950,Sexy::BassMusicInterface::deleting_destructor
Sexy::BassMusicInterface,vftable,005c11bc,1,0x4,vfunction2,00498a00,Sexy::BassMusicInterface::vfunction2
Sexy::BassMusicInterface,vftable,005c11bc,2,0x8,vfunction3,00498d10,Sexy::BassMusicInterface::vfunction3
Sexy::BassMusicInterface,vftable,005c11bc,3,0xc,vfunction4,00498e40,Sexy::BassMusicInterface::vfunction4
Sexy::BassMusicInterface,vftable,005c11bc,4,0x10,vfunction5,004990d0,Sexy::BassMusicInterface::vfunction5
Sexy::BassMusicInterface,vftable,005c11bc,5,0x14,vfunction6,00499270,Sexy::BassMusicInterface::vfunction6
Sexy::BassMusicInterface,vftable,005c11bc,6,0x18,vfunction7,00498eb0,Sexy::BassMusicInterface::vfunction7
Sexy::BassMusicInterface,vftable,005c11bc,7,0x1c,vfunction8,00498f30,Sexy::BassMusicInterface::vfunction8
Sexy::BassMusicInterface,vftable,005c11bc,8,0x20,vfunction9,00498fe0,Sexy::BassMusicInterface::vfunction9
Sexy::BassMusicInterface,vftable,005c11bc,9,0x24,vfunction10,00499140,Sexy::BassMusicInterface::vfunction10
Sexy::BassMusicInterface,vftable,005c11bc,10,0x28,vfunction11,004991e0,Sexy::BassMusicInterface::vfunction11
Sexy::BassMusicInterface,vftable,005c11bc,11,0x2c,vfunction12,004992e0,Sexy::BassMusicInterface::vfunction12
Sexy::BassMusicInterface,vftable,005c11bc,12,0x30,vfunction13,00499420,Sexy::BassMusicInterface::vfunction13
Sexy::BassMusicInterface,vftable,005c11bc,13,0x34,vfunction14,00499490,Sexy::BassMusicInterface::vfunction14
Sexy::BassMusicInterface,vftable,005c11bc,14,0x38,vfunction15,00499590,Sexy::BassMusicInterface::vfunction15
Sexy::BassMusicInterface,vftable,005c11bc,15,0x3c,vfunction16,00499620,Sexy::BassMusicInterface::vfunction16
Sexy::BassMusicInterface,vftable,005c11bc,16,0x40,vfunction17,004996c0,Sexy::BassMusicInterface::vfunction17
Sexy::BassMusicInterface,vftable,005c11bc,17,0x44,vfunction18,00499510,Sexy::BassMusicInterface::vfunction18
Sexy::BassMusicInterface,vftable,005c11bc,18,0x48,vfunction19,00499740,Sexy::BassMusicInterface::vfunction19
Sexy::BassMusicInterface,vftable,005c11bc,19,0x4c,vfunction20,004997d0,Sexy::BassMusicInterface::vfunction20
Sexy::FModMusicInterface,vftable,005c1214,0,0x0,vfunction1,00499e70,Sexy::FModMusicInterface::deleting_destructor
Sexy::FModMusicInterface,vftable,005c1214,1,0x4,vfunction2,0049a910,Sexy::FModMusicInterface::vfunction2
Sexy::FModMusicInterface,vftable,005c1214,2,0x8,vfunction3,0049a990,Sexy::FModMusicInterface::vfunction3
Sexy::FModMusicInterface,vftable,005c1214,3,0xc,vfunction4,0049abd0,Sexy::FModMusicInterface::vfunction4
Sexy::FModMusicInterface,vftable,005c1214,4,0x10,vfunction5,0049aad0,Sexy::FModMusicInterface::vfunction5
Sexy::FModMusicInterface,vftable,005c1214,5,0x14,vfunction6,0049ab50,Sexy::FModMusicInterface::vfunction6
Sexy::FModMusicInterface,vftable,005c1214,6,0x18,vfunction7,0049ac50,Sexy::FModMusicInterface::vfunction7
Sexy::FModMusicInterface,vftable,005c1214,7,0x1c,vfunction8,0046c690,Sexy::ResourceManager::vfunction14
Sexy::FModMusicInterface,vftable,005c1214,8,0x20,vfunction9,00486bf0,Sexy::ResourceManager::BaseRes::vfunction2
Sexy::FModMusicInterface,vftable,005c1214,9,0x24,vfunction10,00486bf0,Sexy::ResourceManager::BaseRes::vfunction2
Sexy::FModMusicInterface,vftable,005c1214,10,0x28,vfunction11,00486bf0,Sexy::ResourceManager::BaseRes::vfunction2
Sexy::FModMusicInterface,vftable,005c1214,11,0x2c,vfunction12,0049acf0,Sexy::FModMusicInterface::vfunction12
Sexy::FModMusicInterface,vftable,005c1214,12,0x30,vfunction13,0049ae50,Sexy::FModMusicInterface::vfunction13
Sexy::FModMusicInterface,vftable,005c1214,13,0x34,vfunction14,0049aec0,Sexy::FModMusicInterface::vfunction14
Sexy::FModMusicInterface,vftable,005c1214,14,0x38,vfunction15,0049aff0,Sexy::FModMusicInterface::vfunction15
Sexy::FModMusicInterface,vftable,005c1214,15,0x3c,vfunction16,0049b300,Sexy::Image::vfunction3
Sexy::FModMusicInterface,vftable,005c1214,16,0x40,vfunction17,0049b0b0,Sexy::FModMusicInterface::vfunction17
Sexy::FModMusicInterface,vftable,005c1214,17,0x44,vfunction18,0049af20,Sexy::FModMusicInterface::vfunction18
Sexy::FModMusicInterface,vftable,005c1214,18,0x48,vfunction19,0049b300,Sexy::Image::vfunction3
Sexy::FModMusicInterface,vftable,005c1214,19,0x4c,vfunction20,0049b130,Sexy::FModMusicInterface::vfunction20
Sexy::FModMusicInterface,vftable,005c1214,20,0x50,vfunction21,0049a510,Sexy::FModMusicInterface::vfunction21
Sexy::FModMusicInterface,vftable,005c1214,21,0x54,vfunction22,0049a3f0,Sexy::FModMusicInterface::vfunction22
ImageLib::Image,vftable,005c13c4,0,0x0,vfunction1,0049bda0,ImageLib::Image::deleting_destructor
BigInt,vftable,005c1430,0,0x0,vfunction1,004a33a0,BigInt::deleting_destructor
